roundabout_id,osm_way_ids,latitude,longitude,municipality,city_code
0,"[3979160, 1034635570, 1058611428, 1058611429, 1058611447]",38.972460140909085,-9.41953839090909,Mafra,MFR
1,"[4044459, 1230042017, 1235876203, 1235876213, 1235876214, 1336970979]",38.73591420434782,-9.298474026086959,Oeiras,OER
2,"[4044461, 1277694937, 1277694938, 1277694981, 1285367888, 1285367889, 1285367920, 1285367921]",38.750932283870966,-9.30604253548387,Oeiras,OER
3,"[4048425, 1058717149, 1058724299, 1058724300, 1346976901, 1346976911]",38.983324104,-9.417741536,Mafra,MFR
4,"[4215045, 1013414761]",38.649237286363636,-9.171587486363636,Almada,ALM
5,"[4215047, 1070116444]",38.646797035,-9.168991465000001,Almada,ALM
6,"[4359771, 1005096374, 1005096383, 1005096384, 1008781339, 1008788465]",38.79012542500001,-9.195436045833333,Odivelas,ODV
7,"[4359810, 1005096369, 1005096370, 1005096371, 1008326866, 1008349601]",38.78982093684211,-9.209720615789474,Odivelas,ODV
8,"[4717895, 629108074, 629108075, 629145183, 681511475, 682189362]",38.7750412,-9.09725405882353,Lisboa,LSB
9,[4718178],38.947127269444444,-8.49963365,Coruche,CCH
10,"[4941136, 1290418458, 1317255405, 1317255406, 1325486162, 1326089633]",38.835116895238095,-9.35608645714286,Sintra,SNT
11,"[4976665, 628668967, 628668968, 628671047, 683143591]",38.72795502105264,-9.124136665789473,Lisboa,LSB
12,"[4986985, 682709533, 698908231, 736283850, 1086829422, 1370741485]",38.742888625,-9.0998279525,Lisboa,LSB
13,"[5003398, 1031704020, 1031704021, 1031704022, 1053187611, 1053187613, 1058590153, 1058590160, 1329345293]",38.9500371875,-9.3306650875,Mafra,MFR
14,"[5042167, 204126752, 204126753, 568586139, 568586142, 568586317, 1346433908]",32.6500971,-16.94286760769231,Funchal,FNC
15,"[8039096, 683831619, 686463869]",38.74880903999999,-9.188226153333336,Lisboa,LSB
16,"[8110844, 1346976908, 1346976909, 1346976910]",38.97714777727273,-9.41226014090909,Mafra,MFR
17,[8312357],39.69533279230769,-8.302231392307693,Ferreira do Zêzere,FZZ
18,"[8493048, 680802267, 680802268, 1020360187, 1020360202, 1020360203, 1330475068]",38.64855612380952,-9.046444557142857,Barreiro,BRR
19,[8494703],38.65910902,-9.045788275,Moita,MTA
20,"[8875432, 1378877323]",41.19250569545454,-8.669812904545454,Matosinhos,MTS
21,"[10308547, 1016567863, 1016567864, 1016567865, 1016567866, 1016567867]",41.20306992272727,-8.663832286363636,Matosinhos,MTS
22,"[10367710, 157870964, 157870968, 157870988, 527067597, 678612146, 1054260395, 1233794119]",37.111308637499995,-8.681104420833334,Lagos,LGS
23,"[10367711, 464987610, 678612133, 678612136, 678612140, 678612144, 1054260396, 1054260397]",37.114371052173915,-8.680694704347827,Lagos,LGS
24,"[10527057, 1058724294, 1274544541, 1274544548, 1274544549, 1332093610, 1345285124]",38.940194709523794,-9.34826406190476,Mafra,MFR
25,[12139861],41.98488242173914,-8.65904235217391,Valença,VLN
26,"[12189505, 778720865, 778720866, 778720867, 1370421200, 1370421201]",39.63448851764706,-8.683814923529411,Ourém,ORM
27,"[12294186, 434896887, 434897746, 901160470, 901160471, 1010326123, 1010329173, 1307028799, 1307028800]",41.167832871428566,-8.688616382857141,Porto,PRT
28,"[12296720, 734260455, 734260456, 1006963519, 1007088655, 1284174054, 1284185938, 1284191785]",41.148526874285714,-8.653748734285715,Porto,PRT
29,"[12303132, 1007088657, 1007088658, 1007088659, 1007112727, 1106585343]",41.17331778260869,-8.688719147826085,Porto,PRT
30,[12388490],41.15804715,-8.5615316375,Gondomar,GDM
31,"[12542493, 1009285788, 1009285789, 1009285790, 1010030170, 1010030171, 1012847546, 1012847547]",41.180583559999995,-8.682196889999998,Matosinhos,MTS
32,"[12698170, 1328751291, 1328751292, 1328751293, 1328751294]",40.18503054230769,-8.397356023076922,Coimbra,CBR
33,"[12699203, 1328756362, 1328756363, 1328756364, 1328756365, 1328756366, 1328756367, 1328756368]",40.19007979444444,-8.40031216111111,Coimbra,CBR
34,"[12699523, 1327472443, 1327472444, 1327472445, 1327472446, 1327472447, 1327472448, 1327472449]",40.1937845590909,-8.398416354545455,Coimbra,CBR
35,[12718023],40.201798544000006,-8.399944632,Coimbra,CBR
36,"[13412561, 1070116434, 1070116442, 1339461863]",38.660512264,-9.17744782,Almada,ALM
37,"[13703488, 1016567879, 1016567880, 1016567881, 1016567882, 1016567883]",41.15779458181818,-8.645419854545453,Porto,PRT
38,[13790845],40.21348360999999,-8.41346393,Coimbra,CBR
39,"[13798688, 13798716, 13798768, 13798803, 1226241542]",41.174529810526316,-8.613452252631578,Porto,PRT
40,[13854500],39.87296083913043,-8.965839447826086,Marinha Grande,MGR
41,[14381434],40.206861442857154,-8.4200501,Coimbra,CBR
42,[14399609],40.20491761071429,-8.404155257142857,Coimbra,CBR
43,[14400199],40.202722615,-8.40418183,Coimbra,CBR
44,[14482746],40.20331470454545,-8.41029504090909,Coimbra,CBR
45,"[14487757, 1005096377, 1005096378, 1005096379]",38.78433385416667,-9.191755954166666,Odivelas,ODV
46,"[14512397, 1275025304, 1275025305, 1275025340]",38.78184891363637,-9.376406886363638,Sintra,SNT
47,"[14512404, 1275025306, 1275025307, 1275025339, 1416843479, 1416843480]",38.77329661428572,-9.381082914285715,Sintra,SNT
48,"[14792377, 1031704059, 1031704060, 1031704061, 1058731753, 1332093623, 1332093624, 1342741035]",38.93553677391304,-9.311158378260869,Mafra,MFR
49,"[14792390, 1031704062, 1031704063, 1031704064, 1031704065, 1031704066]",38.936217109999994,-9.305164809999997,Mafra,MFR
50,[14819885],40.20748404761905,-8.40429823809524,Coimbra,CBR
51,[14820193],40.20763343913044,-8.400250882608697,Coimbra,CBR
52,"[14889762, 1058724292, 1274544545, 1274544546]",38.942575085,-9.341773635000001,Mafra,MFR
53,"[14889766, 1031704000, 1031704001, 1031704002, 1031704003, 1031704004]",38.942784472222215,-9.333585294444443,Mafra,MFR
54,[14889769],38.94618655714286,-9.332300528571428,Mafra,MFR
55,"[14889775, 1345285125, 1345285126, 1345285128]",38.93413500454545,-9.341811531818182,Mafra,MFR
56,"[14889785, 1345285129]",38.93566492857143,-9.334223428571427,Mafra,MFR
57,"[14889807, 1031704023, 1053187609, 1053187610, 1058724291, 1274544552]",38.942851355,-9.335929825,Mafra,MFR
58,"[14889837, 1031703999, 1031704041, 1031704042, 1031704043, 1031704044, 1031704045, 1226772641]",38.941879285000006,-9.330758414999998,Mafra,MFR
59,"[14889889, 1058724293, 1274544550, 1274544551, 1337834451]",38.94063865652174,-9.347153078260872,Mafra,MFR
60,[15013099],40.20970742916666,-8.402601691666666,Coimbra,CBR
61,[15014756],40.088904916000004,-8.329491516000001,Miranda do Corvo,MCV
62,[15015917],40.080887904347826,-8.320507539130434,Miranda do Corvo,MCV
63,[15021612],40.22358165217391,-8.439293613043477,Coimbra,CBR
64,[15070523],40.21437474285714,-8.414121685714285,Coimbra,CBR
65,[15071686],40.21806390909091,-8.413839231818182,Coimbra,CBR
66,[15140532],38.69312130526316,-9.36716692631579,Cascais,CSC
67,"[15238545, 1236557740, 1236557741]",38.96593602272728,-9.41222520909091,Mafra,MFR
68,[15246389],40.093404318750004,-8.3348782,Miranda do Corvo,MCV
69,[15259853],40.20488336785714,-8.401048385714287,Coimbra,CBR
70,"[15805612, 813999907, 813999908, 813999909]",39.991709332000006,-8.802507052000001,Pombal,PBL
71,"[17066175, 228691586, 228691593, 228691595, 770033139, 992086270]",38.70346387272727,-9.41790975,Cascais,CSC
72,"[17481018, 1013807080, 1013834880, 1013834881, 1016428790, 1016430168, 1382324332, 1382324335]",38.63695462608696,-9.155305713043479,Seixal,SXL
73,"[17532579, 1029404700, 1029878908, 1029878909, 1369403174, 1369403179]",38.4901902625,-9.105229568750001,Sesimbra,SSB
74,"[17911195, 1463261284, 1463261285, 1463261286, 1463261293]",40.215551455,-8.43573175,Coimbra,CBR
75,[17911828],40.221677130434784,-8.430258426086956,Coimbra,CBR
76,[17911985],40.22306022272726,-8.427180795454545,Coimbra,CBR
77,[17975099],40.226332494999994,-8.409823880000001,Coimbra,CBR
78,[18111144],40.19347514545455,-8.402609172727272,Coimbra,CBR
79,"[18461250, 228521475, 228521476, 228942354, 228945513, 1443244548]",38.8037429,-9.381568581818183,Sintra,SNT
80,"[18472413, 1350503567, 1350503568]",40.15813076086957,-8.854761186956521,Figueira da Foz,FIG
81,"[18499291, 1463413225, 1463413226, 1463413227]",37.101711876923076,-8.69461600128205,Lagos,LGS
82,"[18499293, 1463413228, 1463413229, 1463413230, 1463413231, 1463413232, 1463413233]",37.101189352,-8.687719044,Lagos,LGS
83,"[18502942, 1463413222, 1463413223, 1463413224]",37.110709090624994,-8.689997440625,Lagos,LGS
84,"[18502945, 1463413243, 1463413244, 1463413245, 1463413246, 1463413247, 1463413248, 1463413249]",37.103537536111105,-8.684880224999997,Lagos,LGS
85,"[18508300, 524102899, 524102900, 524102901, 524102902, 524102903]",37.139433138181815,-8.66301806909091,Lagos,LGS
86,[18612444],40.19432364827586,-8.406093031034484,Coimbra,CBR
87,"[18839668, 907276566, 907276567]",38.68148289523809,-9.33915811904762,Cascais,CSC
88,"[18909381, 1005096398, 1007943333, 1007943334, 1008003935, 1008003938, 1241582538]",38.784069475,-9.187604204166666,Odivelas,ODV
89,[18948201],38.38019178571428,-8.513355176190476,Alcácer do Sal,ASL
90,"[18948217, 1301576849, 1370864179, 1370864180]",38.50342191428572,-9.173308209523809,Sesimbra,SSB
91,"[19592549, 1318829013, 1318829014, 1318829015, 1318829016, 1318829017, 1318829018]",40.766815345000005,-7.064479630000001,Pinhel,PNH
92,[19592852],40.76372712499999,-7.0710585749999995,Pinhel,PNH
93,"[19644953, 1275080086]",38.67741837692308,-9.327732376923077,Cascais,CSC
94,"[19726114, 529689866, 530284613, 530284616]",38.74829474571428,-9.148380288571428,Lisboa,LSB
95,"[19745171, 683349364, 1522897465]",38.71579157368421,-9.158718294736843,Lisboa,LSB
96,"[19787379, 1327819173, 1327819174, 1327819175, 1327819176, 1327819177, 1327819178, 1327819179]",40.19455979523809,-8.412703642857144,Coimbra,CBR
97,[19791580],40.26716343181818,-8.441176118181817,Coimbra,CBR
98,[19791615],40.2656724095238,-8.441727276190477,Coimbra,CBR
99,"[19795732, 1005096393, 1005096394, 1005096395, 1005096396, 1005096397, 1282411886]",38.78072446956522,-9.19208142173913,Odivelas,ODV
100,"[19796149, 1005096380, 1005096381, 1005096382, 1008781342, 1008788462]",38.78327839999999,-9.19424355909091,Odivelas,ODV
101,[19804015],40.055551278125,-8.6269869,Soure,SRE
102,[19832438],40.05539663636363,-8.644008859090908,Soure,SRE
103,"[19849013, 624916141, 628603040, 628603041, 672435823, 672435826, 691272008, 763000558]",38.709463176190475,-9.210823695238096,Lisboa,LSB
104,"[19851145, 683255907, 683268200, 683385338, 684057704, 1227760875]",38.74233722666667,-9.133321166666665,Lisboa,LSB
105,"[19851205, 682183031, 682189370, 682189371, 683268182, 683284802, 683286875, 683286876, 760815057, 1391264460]",38.763047007407415,-9.129526359259259,Lisboa,LSB
106,[19892113],40.21768207142858,-8.408461071428574,Coimbra,CBR
107,[19997498],40.616050447619045,-7.094547980952381,Pinhel,PNH
108,[19999786],40.223316818181814,-8.409598177272727,Coimbra,CBR
109,"[20033257, 320667740, 320667748, 320667749, 1360365820]",41.55943374444445,-8.410463062962963,Braga,BRG
110,"[20167898, 239597440, 239597441, 239597442, 239597443, 320667747, 320667757]",41.55802276774193,-8.415247861290323,Braga,BRG
111,"[20168631, 235508847, 239598122, 239598123, 246860625, 246860627, 246860629, 1345170638, 1345170639, 1465795018]",41.55772142500001,-8.417667092857142,Braga,BRG
112,"[20209984, 235478252, 244066349, 244066354, 244066360, 470087037]",41.55649098043478,-8.39753409347826,Braga,BRG
113,"[20211290, 317542297, 317542298]",41.541352356,-8.372954675999999,Braga,BRG
114,"[20329230, 1327496803, 1327496804, 1327496805]",40.19830464166666,-8.397351620833334,Coimbra,CBR
115,[20330418],40.0958761625,-8.32321374375,Miranda do Corvo,MCV
116,"[20472649, 1013955846, 1013955847, 1013955853, 1020328410, 1184836556]",38.570589065,-8.904254474999998,Palmela,PLM
117,[20841697],40.23909394166667,-8.435323695833333,Coimbra,CBR
118,[20937443],40.20033289375,-8.39855615,Coimbra,CBR
119,[21057511],40.192332199999996,-8.50764621,Coimbra,CBR
120,"[21059552, 1222984219, 1222984220, 1222984221, 1498254378]",40.065325040909094,-8.61994225,Soure,SRE
121,"[21062023, 245075827, 245077750, 317815524, 481135252, 481135254]",41.542350271875,-8.4316286875,Braga,BRG
122,"[21583087, 1323274723, 1323274724]",41.54701417692308,-8.397475492307693,Braga,BRG
123,"[21583636, 317809012, 321639546, 321639548, 321650890, 1264343871, 1302294187, 1302294188]",41.548307285,-8.40317219,Braga,BRG
124,[21854858],41.54486166086957,-8.399244443478262,Braga,BRG
125,[21855082],41.542092819354835,-8.399007258064517,Braga,BRG
126,"[22278621, 1498254355, 1498254356, 1498254357, 1498254358, 1498254359, 1498254360]",40.0641096375,-8.618947695833333,Soure,SRE
127,[22330832],40.22741145652174,-8.44571771304348,Coimbra,CBR
128,[22355274],40.380812061363635,-8.449375850000001,Mealhada,MLD
129,"[22355982, 1548701459, 1548701460, 1548701461, 1548701462, 1548701463, 1548701464, 1548701465]",40.377847279166666,-8.449713341666667,Mealhada,MLD
130,[22356838],40.37548671363636,-8.450013945454545,Mealhada,MLD
131,"[22358162, 1361404850, 1426612177]",40.367054373076925,-8.454621453846155,Mealhada,MLD
132,[22529517],41.54012376896553,-8.398586031034485,Braga,BRG
133,"[22575580, 608022295]",41.53638017647059,-8.403252847058823,Braga,BRG
134,"[22575925, 244962472, 244962473, 244962474, 1059407076, 1475247982, 1475247983, 1475248129, 1475248130]",41.56283627727274,-8.383951122727273,Braga,BRG
135,"[22604637, 321830813, 321830814, 321830815]",41.56651926875,-8.371762956249999,Braga,BRG
136,[22605694],41.57350597,-8.368641946666665,Braga,BRG
137,"[22617364, 801350125, 801350126, 1212216428, 1212216440, 1212216441, 1426163443]",41.56538905897436,-8.432612123076924,Braga,BRG
138,"[22696524, 1275025324, 1275025325, 1299671378]",38.701457986363636,-9.417596695454545,Cascais,CSC
139,"[22747813, 1068769606, 1068769607, 1349656018, 1349656019]",38.520186900000006,-8.848964463636365,Setúbal,STB
140,"[22780590, 1013912741, 1013912763, 1013919083, 1013927604, 1042080604, 1042080606, 1203956878]",38.702083452173916,-8.94454646521739,Montijo,MTJ
141,[22918560],40.252840581818184,-8.464859936363636,Coimbra,CBR
142,[22920115],40.06499029333333,-8.62745574,Soure,SRE
143,"[22927998, 888050671, 888050672, 1387775652, 1387775653, 1387775720, 1387775721, 1387775722]",39.735392357692305,-8.79921623076923,Leiria,LRA
144,"[22935398, 1007608196, 1302043523, 1302043524]",38.7857866,-9.099833977272729,Lisboa,LSB
145,"[22936365, 592053401, 592053402, 592053403, 592053406, 592053407, 1340380024, 1340380025, 1340380026, 1340380027, 1342769390]",38.84890691714285,-9.088840174285714,Loures,LRS
146,"[22942025, 846998732, 942013338, 942013339]",38.736368468181816,-9.172068668181817,Lisboa,LSB
147,"[22944563, 624924169, 624924172, 628604945, 628604947, 629108077, 629145181, 681291328, 681511474, 683284808, 692336825, 736366963, 736366964, 1227753206, 1347309991]",38.774098081666665,-9.105334858333332,Lisboa,LSB
148,"[23029267, 1328753832, 1328753833, 1328753834]",40.18894535,-8.399404116666666,Coimbra,CBR
149,"[23056873, 204234674, 204234675, 204234676, 279679079]",32.659738195833334,-16.919216029166666,Funchal,FNC
150,[23095459],40.22323377272727,-8.411728404545455,Coimbra,CBR
151,[23102747],40.121323413636354,-8.357846290909091,Miranda do Corvo,MCV
152,[23118535],40.17796342727273,-8.681228950000001,Montemor-o-Velho,MMV
153,[23135187],40.22401721034483,-8.442367344827588,Coimbra,CBR
154,"[23139928, 1456302090, 1456302091, 1456302095]",40.61741573870968,-7.761167412903227,Mangualde,MGL
155,"[23139934, 1431188006, 1431188007, 1431188107, 1431188108, 1456109161, 1456109172]",40.585698344,-7.763071128,Mangualde,MGL
156,"[23139936, 1431188010, 1431188011, 1431188104]",40.59247061481482,-7.759117314814815,Mangualde,MGL
157,"[23139957, 1431188038, 1431188039, 1456302093, 1486339137]",40.60958477407407,-7.761515077777776,Mangualde,MGL
158,"[23139961, 1431188008, 1431188009, 1431188105]",40.589245266666666,-7.763687277777778,Mangualde,MGL
159,[23164139],40.13483745789473,-8.507922768421054,Condeixa-a-Nova,CDN
160,[23164142],40.127769195,-8.52704912,Condeixa-a-Nova,CDN
161,[23164179],40.135826868421056,-8.520387363157894,Condeixa-a-Nova,CDN
162,[23164189],40.109300359090916,-8.502732854545455,Condeixa-a-Nova,CDN
163,"[23164210, 1222985420, 1222985421, 1222985422]",40.10877527916667,-8.5046984625,Condeixa-a-Nova,CDN
164,"[23194508, 620108382, 620108385, 1338867658]",40.64213337272727,-7.912521140909091,Viseu,VIS
165,"[23194517, 621737153, 621737154, 621737156, 621737159, 621737162, 1353802288, 1353895326]",40.64758568333333,-7.9113195125,Viseu,VIS
166,[23205244],40.347554994736846,-8.435527452631577,Mealhada,MLD
167,[23206078],40.36868891428572,-8.415460828571431,Mealhada,MLD
168,[23230321],40.55453261428572,-7.2483614,Guarda,GRD
169,"[23230749, 118447560, 118447589, 173772811]",40.54316420869566,-7.258228765217392,Guarda,GRD
170,[23242999],41.77905599565217,-6.779460800000001,Bragança,BGC
171,[23245580],40.210966027272725,-8.456631063636365,Coimbra,CBR
172,"[23247440, 1320159350]",40.626144628125004,-7.4006598906250005,Celorico da Beira,CLB
173,[23254239],40.20283987222222,-8.492185972222222,Coimbra,CBR
174,"[23258183, 629182929, 629182930, 629182931]",40.63013583809524,-7.936060838095237,Viseu,VIS
175,"[23258199, 629182925, 629182926, 629182927, 629182928]",40.63395441904762,-7.930257690476189,Viseu,VIS
176,[23265976],41.8109323117647,-6.747247723529412,Bragança,BGC
177,[23275595],40.354589086956516,-8.450619147826087,Mealhada,MLD
178,"[23275618, 1551721600, 1551721601, 1551721602, 1556745092]",40.381107199999995,-8.451096950000002,Mealhada,MLD
179,[23275633],40.378312403124994,-8.45743529375,Mealhada,MLD
180,[23275993],40.35682949,-8.449247695,Mealhada,MLD
181,[23276062],40.18285331818181,-8.585799954545452,Montemor-o-Velho,MMV
182,[23289371],40.186269960000004,-8.41260214,Coimbra,CBR
183,"[23329169, 1349836790]",41.800287623809524,-6.760711471428571,Bragança,BGC
184,[23329266],41.78391699545455,-6.765599713636362,Bragança,BGC
185,[23359252],41.808026733333335,-6.761042528571427,Bragança,BGC
186,[23360908],41.80768176666667,-6.7643458476190474,Bragança,BGC
187,[23361024],41.8027891625,-6.765380445833333,Bragança,BGC
188,[23376809],40.218560486666675,-8.411106753333334,Coimbra,CBR
189,[23387571],40.15888785,-8.33594150625,Miranda do Corvo,MCV
190,[23387811],40.15806581,-8.34511157,Miranda do Corvo,MCV
191,"[23407546, 1303382158, 1303382159, 1303519284]",41.55670335,-8.410494629166665,Braga,BRG
192,"[23465321, 317809021, 321639583, 321639601]",41.5530134117647,-8.399609405882353,Braga,BRG
193,[23502106],40.113088765,-8.242134435,Lousã,LSA
194,[23517326],37.108464680000004,-8.697071192000001,Lagos,LGS
195,"[23599387, 166775752, 166775776, 166775786, 1025949194, 1349229272]",32.688202435294116,-16.79344952941176,Santa Cruz,SCR
196,"[23600500, 733059831, 872758407, 872758408, 888011196, 888011197]",39.75321029230769,-8.81423651153846,Leiria,LRA
197,"[23600742, 23600745, 23600747, 265848900, 986809835, 986809836, 986809837, 986809838, 986809839, 986809840, 986809841, 986809842]",39.766105265,-8.7780729375,Leiria,LRA
198,"[23612849, 23612852, 99179004, 99179006, 631182920, 631182921, 682804182, 684057706]",38.74821402258064,-9.121034906451614,Lisboa,LSB
199,"[23612944, 631173275, 631173276, 631173292, 631173293, 682171911, 682171912, 682171913, 682709531]",38.74996634210526,-9.105098252631578,Lisboa,LSB
200,"[23636177, 629108079, 629108080, 629145179, 682183035, 682183036, 682189365, 682189366]",38.76819001176471,-9.109969061764705,Lisboa,LSB
201,"[23644801, 772026455, 872758405, 872758406]",39.75155390645161,-8.807314735483871,Leiria,LRA
202,"[23644813, 1070340172, 1070349789, 1070349790, 1070778563]",39.750766819999996,-8.803444984,Leiria,LRA
203,[23645045],39.763821531999994,-8.816677032,Leiria,LRA
204,"[23645300, 778411021, 778411022, 778411023, 1068949293, 1182335535, 1182335536]",39.655311122222216,-8.821515096296297,Batalha,BTL
205,"[23645319, 800905449, 800905450, 800905451, 1068949292]",39.65826734117647,-8.82417824117647,Batalha,BTL
206,[23645360],39.65609228095238,-8.82654962857143,Batalha,BTL
207,"[23660489, 1230032949, 1278893006, 1278893007, 1284514597, 1285184518, 1285184538, 1329794544]",38.72492844166667,-9.234696616666668,Oeiras,OER
208,"[23660966, 1270464842, 1270464843, 1270464849, 1355375543, 1355375546]",38.70062157727273,-8.928843168181817,Montijo,MTJ
209,"[23687191, 1235323362, 1235323363, 1235323364, 1527909381]",38.968504495454546,-8.982454736363637,Vila Franca de Xira,VFX
210,"[23687585, 1101877656, 1292176535, 1339957858, 1339957860, 1340379974]",38.89260574090909,-9.051674754545456,Vila Franca de Xira,VFX
211,"[23687622, 1292176536, 1339957864, 1340292223]",38.89149973,-9.0478165,Vila Franca de Xira,VFX
212,"[23688194, 938619068, 938619069, 938619070, 938619071, 938619072]",38.8408871,-9.163922604166666,Loures,LRS
213,"[23688225, 938619062, 938619063, 938619064, 938619065, 938619066, 938619067, 1235860117]",38.83872238636363,-9.166250027272728,Loures,LRS
214,"[23699797, 156198223, 156198511, 341034789, 1013608485, 1013619143, 1013619144, 1016753860, 1017648506, 1090881985]",38.62374926842106,-9.126149507894738,Seixal,SXL
215,[23701519],38.7135320875,-8.9790711625,Montijo,MTJ
216,"[23718446, 1013368924, 1013380725, 1013380726, 1013434957, 1013435010]",38.67332535,-9.170858725,Almada,ALM
217,[23718597],38.66894438260871,-9.176604186956522,Almada,ALM
218,"[23719377, 1245892675, 1245892676, 1297771418, 1297771419]",38.52037637368421,-9.018817557894737,Setúbal,STB
219,"[23721360, 23721362, 23721369, 228430476, 228430477, 1013435006, 1079348392, 1315433654, 1421103375, 1421103376]",38.66551958285714,-9.19413464,Almada,ALM
220,"[23724223, 1306782022, 1306782023, 1306782060]",38.75658393636364,-9.274723886363633,Sintra,SNT
221,"[23724732, 1013434954, 1013434955, 1013435028, 1023425593, 1023430366]",38.676182349019605,-9.16492339607843,Almada,ALM
222,"[23727523, 1016835601, 1016835602, 1016835615, 1070116435, 1070116441]",38.65916598409091,-9.18797800909091,Almada,ALM
223,"[23727540, 1013434958, 1013434959, 1013435005, 1023415690, 1081267716, 1387356984]",38.66495738076923,-9.197122323076924,Almada,ALM
224,"[23738545, 1278237612, 1278237613, 1278237633]",38.753326848076924,-9.264480009615385,Sintra,SNT
225,"[23738577, 1278237632, 1306782019, 1306782020, 1306782061, 1315366114]",38.755787004000005,-9.26714596,Sintra,SNT
226,[23769767],38.522524704545454,-9.019250468181818,Setúbal,STB
227,[23770624],38.515786871428574,-9.008637199999999,Setúbal,STB
228,"[23780009, 628688002, 628688014, 628706445, 683628086, 768700715]",38.726172016129034,-9.194175329032257,Lisboa,LSB
229,"[23780055, 628634525, 628634528, 628935071, 628935072, 1227593233, 1227606860]",38.71334362380952,-9.203151380952379,Lisboa,LSB
230,"[23780058, 628935070, 628937023, 628937024, 1003264092, 1003264093]",38.713795617391305,-9.201023321739132,Lisboa,LSB
231,"[23780459, 1013807094, 1013834874, 1013834875, 1227751075, 1227751076]",38.647399965,-9.1596146875,Almada,ALM
232,"[23780479, 1016159798, 1016161669]",38.642035015,-9.148868375,Seixal,SXL
233,"[23780495, 1016428792, 1016428793, 1016428796, 1016430165, 1016430166]",38.63940533571429,-9.151948610714285,Seixal,SXL
234,"[23780532, 1016428794, 1272541752]",38.6372790875,-9.148535387499999,Seixal,SXL
235,[23801435],41.81716683636364,-6.755975118181819,Bragança,BGC
236,[23801631],41.81949855652174,-6.7547886391304335,Bragança,BGC
237,"[23820388, 23820389, 23820391, 23820397, 683268183, 683268184, 683286873, 683286874, 683644982, 692336823]",38.7610909,-9.120818295238093,Lisboa,LSB
238,"[23844700, 991086918, 991368560, 991368561, 991372692, 992531279]",38.73093790869565,-9.397526108695654,Cascais,CSC
239,"[23844817, 228691587, 228691589, 228691596, 992086271, 992086302]",38.7074337125,-9.4184301375,Cascais,CSC
240,"[23845536, 1275080081, 1275080082, 1275080087, 1278237593, 1278237644, 1306362372, 1306362378]",38.681782696153846,-9.329765342307692,Cascais,CSC
241,"[23846224, 1315362782, 1315362783, 1315366119]",38.749586076190475,-9.271399804761906,Sintra,SNT
242,"[23846267, 1278237610, 1278237611, 1278237634, 1330341898]",38.746750572222226,-9.264653811111112,Sintra,SNT
243,"[23847781, 1016076333, 1016076334, 1016076339]",38.66369623888889,-9.209261533333333,Almada,ALM
244,"[23848428, 891081349, 891081350, 891081351, 1013912738, 1013912765]",38.69332939565218,-8.950759256521739,Montijo,MTJ
245,"[23870636, 631812929, 631812930, 631812932, 1072793844]",38.686929426315785,-9.332698584210528,Cascais,CSC
246,"[23870690, 1072725531, 1072793845, 1301420881]",38.68739571111111,-9.337927788888889,Cascais,CSC
247,"[23889954, 1013919065, 1013919066, 1013919070, 1013927616, 1013927617, 1013927618, 1303782096]",38.714237548,-8.966129588,Montijo,MTJ
248,"[23890370, 1013912739, 1013912740, 1013912764]",38.69758872727272,-8.944836945454544,Montijo,MTJ
249,[23936557],40.22197694705882,-8.411908058823528,Coimbra,CBR
250,[23939647],40.088207325,-8.333184574999999,Miranda do Corvo,MCV
251,"[24005353, 1285367886, 1285367887, 1285367922]",38.75599637619048,-9.306849642857143,Sintra,SNT
252,"[24064379, 1299364535, 1300751597, 1303015909, 1306850195]",38.73728344545455,-9.231699572727273,Amadora,AMD
253,"[24219835, 891081328, 891081329, 891081330, 1236540522, 1236540523, 1270462940, 1362897912]",38.64717510869565,-8.9930997,Moita,MTA
254,"[24219919, 1020328417, 1020343132, 1020343133, 1270462936, 1355504624, 1355509187, 1362897917]",38.64500150909091,-8.978870245454546,Moita,MTA
255,"[24220014, 370610320, 370610321, 370610322, 370610323, 370610325]",38.68507855,-8.94947599,Montijo,MTJ
256,"[24231832, 683274605, 685219253]",38.75583211428572,-9.169692776190473,Lisboa,LSB
257,"[24267029, 521377145, 521377146, 521377147, 1117129342, 1117129343]",41.44473254761905,-8.302530371428572,Guimarães,GMR
258,[24328854],40.78370651818182,-8.559620436363637,Estarreja,ETR
259,"[24331744, 1285367882, 1285367883, 1285367924, 1314425206, 1314930441]",38.76348483461538,-9.30554763076923,Sintra,SNT
260,"[24331748, 1285367884, 1285367885, 1285367923]",38.758467240740735,-9.307013085185185,Sintra,SNT
261,"[24365673, 1030912558, 1030912559, 1030912560]",41.78037388333333,-8.555384394444445,Ponte de Lima,PTL
262,"[24569486, 1289403038, 1289425845, 1314362067, 1319905794, 1319905795, 1339286253, 1347996835, 1391027503]",38.807101360000004,-9.16776804,Odivelas,ODV
263,"[24571099, 1314362066, 1336554607, 1347996836, 1347996837, 1347996840]",38.80809583571429,-9.163048328571426,Loures,LRS
264,"[24586014, 628676872, 628676873, 628676980, 628676981, 683255895, 683255896, 683255897]",38.7867288975,-9.170831484999999,Odivelas,ODV
265,"[24586031, 628677127, 628677130, 628678710, 878650149]",38.789323935294114,-9.17443731764706,Odivelas,ODV
266,"[24587208, 1290521128, 1339286266, 1339286267, 1410869070]",38.81607479016394,-9.184221822950818,Loures,LRS
267,"[24587214, 1391349621, 1391349622, 1391349624, 1395041016, 1469621308, 1557416006, 1557416009]",38.816139318750004,-9.188010924999999,Loures,LRS
268,"[24648770, 894729121, 894729122, 894729123, 937416616, 937416617, 938619037, 940248877, 1334907450]",38.81566147826087,-9.155029247826088,Loures,LRS
269,"[24678622, 1008326865, 1008349602, 1008349603, 1326187899, 1326187900]",38.790662615625,-9.214519821875001,Odivelas,ODV
270,[24678650],38.79135199444445,-9.216170611111112,Odivelas,ODV
271,"[24693081, 1349970653]",41.07447799333333,-7.152045973333332,Vila Nova de Foz Côa,VLF
272,"[24693625, 1005096366, 1005096367, 1005096368]",38.78049095454545,-9.208407103030304,Odivelas,ODV
273,"[24693656, 1005096365, 1008326868, 1008326869, 1008764872, 1008765840, 1282411881, 1338290679]",38.776128747826085,-9.205493169565218,Odivelas,ODV
274,"[24709906, 991102992, 991102993, 991103010, 992354694, 1386298241, 1555337884, 1555337885]",38.72558286086957,-9.443341282608696,Cascais,CSC
275,"[24710513, 1230042019, 1237257158, 1278203956, 1278203957, 1278237601, 1278237602]",38.73282580000001,-9.298557491999999,Oeiras,OER
276,"[24710727, 1290521131, 1314378965, 1315555515, 1315555516, 1334798972]",38.778461630434784,-9.260824282608697,Sintra,SNT
277,"[24710861, 1330686648, 1334528477, 1334531586, 1334813174, 1334818202]",38.78811781904761,-9.234186995238096,Amadora,AMD
278,"[24717919, 1054260399, 1463235080, 1463235081]",37.158626469999994,-8.632311585,Portimão,PTM
279,[24718209],37.148510925,-8.547979661764707,Portimão,PTM
280,[24718353],37.1359217047619,-8.558157395238094,Portimão,PTM
281,"[24737157, 1050522399, 1527909383, 1527909384, 1527909385, 1527909386, 1527909387, 1527909388, 1527909389]",37.13334325862069,-8.358731113793102,Silves,SLV
282,[24759450],37.104791632,-8.68079798,Lagos,LGS
283,"[24793009, 1007447906, 1007447907, 1007447908, 1336567261, 1336567263, 1338290677, 1338290678]",38.77217259090909,-9.210890118181819,Odivelas,ODV
284,"[24808785, 1107837156, 1107837157, 1108592204, 1112690636, 1117234752, 1193595232, 1220391691]",41.266771002380956,-8.612001297619045,Maia,MAI
285,"[24809480, 1192356295, 1192356296, 1349836814, 1349836815, 1483852334]",41.48427063000001,-8.749890859999999,Esposende,EPS
286,"[24811742, 1016994286, 1016994288, 1016994289, 1016994290, 1346359373]",41.218170904761905,-8.689961223809526,Matosinhos,MTS
287,[24812252],37.16132185714285,-8.53431317142857,Portimão,PTM
288,[24812254],37.16683933181818,-8.531220945454544,Portimão,PTM
289,[24827371],37.096117464705884,-8.680401329411765,Lagos,LGS
290,[24906732],37.09262265416667,-8.733839104166668,Lagos,LGS
291,"[25060609, 1007447898, 1007447899, 1007447927, 1007901934, 1007904031, 1007904032]",38.806512415,-9.200932635,Odivelas,ODV
292,"[25060697, 1007447896, 1007447897, 1007447941, 1008297015, 1338290670]",38.80018423125,-9.187242724999999,Odivelas,ODV
293,"[25063192, 997712793, 997712794, 997712795, 1007447893, 1007447894, 1007447895, 1007447943, 1007447944, 1337179156, 1347179778]",38.795311032,-9.18508706,Odivelas,ODV
294,"[25246733, 1349836804]",41.562335440909095,-8.658625722727272,Barcelos,BCL
295,[25257007],41.2933708,-8.098387495454546,Amarante,AMT
296,"[25257382, 607158557, 734206382, 734206383]",41.26487134166667,-8.068361758333333,Amarante,AMT
297,"[25337978, 1348061245, 1348554052, 1348554053, 1349836812, 1349836813, 1484660592]",41.520267782608705,-8.771035408695653,Esposende,EPS
298,[25338091],41.525121350000006,-8.77249005909091,Esposende,EPS
299,"[25338156, 1348061246, 1348554050, 1348554051, 1349836811]",41.525480178124994,-8.77657205,Esposende,EPS
300,"[25338269, 760403499, 1349836809, 1349836810]",41.531500083333334,-8.776002483333334,Esposende,EPS
301,[25356519],37.73721690833333,-25.68245887083333,Ponta Delgada,PDL
302,[25410104],41.136434085714285,-8.518088690476189,Gondomar,GDM
303,"[25410287, 1018561645, 1018561646, 1018561647, 1018561648, 1018561649]",41.144687178260874,-8.577768773913045,Porto,PRT
304,"[25444937, 1428644368, 1428644369, 1428644371, 1456273940]",41.00841634666667,-8.621172153333333,Espinho,ESP
305,"[25445546, 1490521341, 1490521342, 1490521343, 1490521344, 1490521345, 1490521346, 1490521347, 1490521348, 1490521349]",40.925134729166665,-8.564843516666667,Santa Maria da Feira,VFR
306,"[25545034, 859079019, 859079020, 859079021, 859079022, 859079023, 859079024, 1016974250]",41.20188001153846,-8.693218700000001,Matosinhos,MTS
307,"[25606262, 1192356285, 1192356286, 1192356294, 1349836816, 1349836817, 1489461146]",41.38845230625,-8.76575274375,Póvoa de Varzim,PVZ
308,"[25606440, 76216697, 400316951, 434860175, 918065235, 918449870]",41.237712933333334,-8.665355296666666,Maia,MAI
309,[25656147],39.14381823478261,-9.37080124782609,Torres Vedras,TVD
310,[25675888],41.22481412380952,-8.662516376190476,Matosinhos,MTS
311,[25675895],41.223062165,-8.665793444999998,Maia,MAI
312,"[25687707, 632383191, 632383192, 632383193, 632383195, 632383196, 632383197, 1557836674]",41.19149100454545,-8.658201645454547,Matosinhos,MTS
313,[25695651],39.133288164999996,-9.374487705,Torres Vedras,TVD
314,[25695682],39.11122721904761,-9.363983357142855,Torres Vedras,TVD
315,[25695692],39.092836786956525,-9.344272482608696,Torres Vedras,TVD
316,"[25704546, 1122139733, 1122139734]",41.204509552941175,-8.654136911764706,Matosinhos,MTS
317,"[25704619, 1378756361, 1378756362, 1378756363, 1378756364, 1378756365, 1378756366, 1378756367]",41.2003465826087,-8.652064969565217,Matosinhos,MTS
318,"[25705320, 1016573840, 1016573841, 1016573842, 1016573843, 1016573844]",41.19773391333333,-8.660942036666667,Matosinhos,MTS
319,"[25777200, 815839933, 815839934, 1106452762]",37.007690366666665,-8.944895691666666,Vila do Bispo,VBP
320,"[25790740, 1226151078, 1530396253, 1530396254, 1530396255, 1530396256, 1530396257, 1530396258, 1530396259]",41.691162811111106,-8.828162303703705,Viana do Castelo,VCT
321,[25793044],39.07788855,-9.262863772727272,Torres Vedras,TVD
322,"[25793048, 1528171489]",39.087312322222225,-9.263862492592594,Torres Vedras,TVD
323,[25793060],39.09607845238096,-9.268394280952382,Torres Vedras,TVD
324,"[25793065, 1350437966, 1354308479]",39.096160108695656,-9.289835252173914,Torres Vedras,TVD
325,[25793073],39.08842331428572,-9.307611161904763,Torres Vedras,TVD
326,"[25793570, 1079883798, 1528171484, 1528171485]",39.07531056,-9.251552835,Torres Vedras,TVD
327,"[25793580, 1079883809, 1079883810, 1079883811, 1079883812, 1528171479, 1531444868]",39.05974717272728,-9.241389068181817,Torres Vedras,TVD
328,[25794073],39.14434707142858,-9.3635752,Torres Vedras,TVD
329,"[25795154, 1349836806]",41.64013497741935,-8.768386119354838,Viana do Castelo,VCT
330,[25969357],39.108907004761896,-9.314114766666668,Torres Vedras,TVD
331,[25969367],39.14093021363636,-9.350820954545453,Torres Vedras,TVD
332,[25969371],39.13035775454546,-9.312340045454546,Torres Vedras,TVD
333,[25969384],39.130164690476185,-9.320018552380951,Torres Vedras,TVD
334,[25969850],39.134207972727275,-9.378289459090908,Torres Vedras,TVD
335,[25980967],39.13159131818182,-9.381606636363637,Torres Vedras,TVD
336,"[25985649, 1031704068, 1031704069, 1031704070, 1058724312, 1332093626]",38.93204364444445,-9.253788827777775,Mafra,MFR
337,"[25985653, 1058724310, 1332093629, 1332093630]",38.94349755454545,-9.250135604545454,Mafra,MFR
338,"[26016114, 938619049, 938619050, 938619051, 938619052, 938619053, 938619054, 1334907453]",38.826686175000006,-9.16307759375,Loures,LRS
339,"[26016119, 938619108, 938619109, 938619110, 938619111, 938619112]",38.8199585952381,-9.156740090476193,Loures,LRS
340,"[26016130, 938619098, 938619099, 938619100, 938619101, 938619102]",38.82335856842105,-9.159188963157895,Loures,LRS
341,[26140498],32.71493778387097,-16.76655712258064,Machico,MCH
342,"[26140499, 166775793, 166775824, 166775849]",32.71620395925925,-16.76834478888889,Machico,MCH
343,"[26140702, 166775779, 166775804, 166775838]",32.71734499,-16.766997144999998,Machico,MCH
344,[26176661],39.0547023875,-9.2953662875,Torres Vedras,TVD
345,"[26183799, 233761353, 233761369]",39.08408186666666,-9.332954655555557,Torres Vedras,TVD
346,[26231051],39.11686031363637,-9.388092304545454,Torres Vedras,TVD
347,"[26232661, 1350437952]",39.09643787727273,-9.262270799999998,Torres Vedras,TVD
348,"[26232688, 984724969, 984724978, 984724979, 984724980, 984724981, 1354245156]",39.09822724285715,-9.260232052380951,Torres Vedras,TVD
349,"[26236047, 1354240508]",39.100191313636365,-9.24653660909091,Torres Vedras,TVD
350,"[26248545, 1538993109, 1538993110, 1538993111, 1538993112]",41.1979106478261,-8.605259547826085,Matosinhos,MTS
351,"[26282722, 1468743263, 1468743264, 1468743265, 1468743266, 1468743267]",41.37831441363637,-8.767302554545456,Póvoa de Varzim,PVZ
352,[26307529],41.44463890909091,-8.164275227272729,Fafe,FAF
353,[26307540],41.445269529166666,-8.169348825,Fafe,FAF
354,"[26307546, 1561127090, 1561127091, 1561127092, 1561127093]",41.51282094666667,-7.986777553333332,Cabeceiras de Basto,CBC
355,[26307606],41.478345687499996,-7.952473429166666,Cabeceiras de Basto,CBC
356,"[26307633, 1561127106, 1561127107, 1561127108]",41.510970789473674,-7.995513068421052,Cabeceiras de Basto,CBC
357,[26307687],41.57638546818182,-8.271409654545453,Póvoa de Lanhoso,PVL
358,[26307695],41.44716074761904,-8.162143923809523,Fafe,FAF
359,[26307701],41.57955782857143,-8.274495890476189,Póvoa de Lanhoso,PVL
360,[26307702],41.57318887647058,-8.26428435882353,Póvoa de Lanhoso,PVL
361,[26307726],41.443487363636365,-8.162885890909092,Fafe,FAF
362,"[26310260, 163123406, 800153227, 831428384, 831428385, 1110596265, 1535092109, 1535092110]",41.23945729347826,-8.670522704347826,Maia,MAI
363,[26388899],38.960020682608686,-8.821711500000001,Benavente,BNV
364,[26452444],38.2052357625,-8.563253691666667,Grândola,GDL
365,"[26456300, 1337997992, 1337997993, 1337998000, 1339957857, 1340380014]",38.9043598875,-9.034347275,Vila Franca de Xira,VFX
366,"[26595998, 1355504618, 1355504619, 1355504623]",38.65181104285715,-8.977480233333333,Moita,MTA
367,"[26596011, 891081343, 891081344, 891081345, 891081346, 891081347, 891081348]",38.6865184137931,-8.944142544827587,Montijo,MTJ
368,"[26616290, 891081352, 891081353, 891081354, 1355375530, 1355375542]",38.7023228375,-8.960280783333333,Montijo,MTJ
369,"[26625625, 1020328418, 1020343130, 1020343131]",38.64388326842105,-8.979876057894737,Moita,MTA
370,[26640055],37.752705096153846,-25.574676511538467,Lagoa,LAG
371,[26640910],37.778645185,-25.55349305,Ribeira Grande,RGR
372,[26641057],37.75162192857143,-25.574828357142856,Lagoa,LAG
373,[26642323],37.74825499999999,-25.584532768,Lagoa,LAG
374,[26644635],37.75055177619048,-25.67421848095238,Ponta Delgada,PDL
375,[26648144],40.60663561304348,-6.983045339130435,Almeida,ALD
376,[26648148],40.60829224444445,-6.982510955555556,Almeida,ALD
377,"[26648159, 1349970657]",40.90326289473684,-6.972586921052631,Figueira de Castelo Rodrigo,FCR
378,"[26651739, 1230042021, 1230042022, 1230042031, 1235876226, 1235876227]",38.714873742857144,-9.300493589285713,Oeiras,OER
379,"[26652163, 1300360507, 1300360508, 1300360521, 1302637152, 1302637184, 1302637190, 1341462474]",38.70712589473684,-9.345605231578947,Cascais,CSC
380,"[26652337, 1013434973, 1013434978, 1013434979, 1013434983]",38.64467426875,-9.23336245,Almada,ALM
381,[26679115],41.229831911111106,-8.623848825925926,Maia,MAI
382,"[26681591, 211483915, 766789659, 766789660, 766789661, 766789662]",41.226805084375,-8.61823555625,Maia,MAI
383,[26681592],41.225947080000005,-8.622808735000001,Maia,MAI
384,[26681604],41.22708376097561,-8.62808141707317,Maia,MAI
385,[26691137],41.2471480625,-8.622800995833334,Maia,MAI
386,"[26697161, 859891504, 859891505, 859891506, 859891507, 859891508, 859891509, 859891510, 859891511]",41.23728016938775,-8.626073426530613,Maia,MAI
387,"[26697175, 211483921, 1019391550, 1019391551, 1019391552, 1019391553, 1019391554, 1019391555]",41.23063208928571,-8.613381350000001,Maia,MAI
388,"[26697176, 211483917, 212372194, 453797078, 766789658]",41.22552793513513,-8.615909194594593,Maia,MAI
389,"[26707661, 1349970634]",41.06166612,-8.262900564999999,Castelo de Paiva,CPV
390,[26711818],37.75080642592592,-25.6580322037037,Ponta Delgada,PDL
391,"[26712949, 1115576881, 1115576882, 1115605494, 1115605495, 1137378992, 1137378993]",41.256457325,-8.633134110714286,Maia,MAI
392,[26716852],39.17447225454546,-9.355909395454548,Torres Vedras,TVD
393,"[26719936, 1303248898, 1303248899, 1303248900]",41.23961816491228,-8.599904336842105,Maia,MAI
394,"[26720114, 1016953407, 1016953408, 1016953409, 1016953410, 1016953411, 1016953412]",41.20009165555555,-8.62262668888889,Matosinhos,MTS
395,"[26720117, 1016953404, 1016953405, 1016953406]",41.202246843750004,-8.6224226625,Matosinhos,MTS
396,[26734084],37.80649538846154,-25.545340950000003,Ribeira Grande,RGR
397,"[26752294, 166775682, 166775683, 166775684, 166775685]",32.86740807142857,-17.16737624285714,Porto Moniz,PMZ
398,"[26752303, 280469638, 280469639, 280469640, 280469641, 458529538, 1468004364, 1468004365]",32.865970600000004,-17.167210114285716,Porto Moniz,PMZ
399,"[26752767, 284065410, 284065413, 284065415, 284065417, 284065419, 284065422, 349499984]",32.80563854333333,-17.046570996666667,São Vicente,SVC
400,[26798320],32.70186931999999,-16.772233116000002,Machico,MCH
401,"[26799548, 315731112, 315731113, 315731114, 1469945215, 1469945216, 1469945217]",32.719914833333334,-16.772531904166666,Machico,MCH
402,"[26802536, 385888397, 385888398]",33.06695903000001,-16.343185404999996,Porto Santo,PST
403,"[26921847, 385888421, 385888459, 385888460, 385888489, 385888490, 385888499]",33.05618893333333,-16.351308414285715,Porto Santo,PST
404,[26942727],39.46109306,-8.434974296666665,Vila Nova da Barquinha,VNB
405,"[26956750, 1230013753, 1284514639, 1284514667, 1284514668, 1330692689]",38.75015836666667,-9.247318123809524,Amadora,AMD
406,"[26956755, 1230013752, 1284514669, 1284514670]",38.74692428333333,-9.24648235,Amadora,AMD
407,"[26957190, 1278237624, 1278237625, 1284514641, 1284514665, 1330721004]",38.75627340476191,-9.247826566666669,Amadora,AMD
408,"[26959418, 1275792799, 1275792800, 1275792823, 1284514646, 1284514652, 1305590983, 1305590985]",38.76719132380952,-9.239312019047619,Amadora,AMD
409,"[26959834, 1334813175, 1334813176, 1334818200, 1334818201]",38.7830589,-9.23766071875,Amadora,AMD
410,[26961982],38.77025497619048,-9.235395104761903,Amadora,AMD
411,"[26961989, 1042422270, 1275792820, 1275792821, 1305591044, 1305591049]",38.771474009523814,-9.230799166666666,Amadora,AMD
412,"[26962001, 1042422271, 1275792818, 1275792819]",38.774238678260865,-9.230648182608697,Amadora,AMD
413,"[26962005, 1042422290, 1275792817, 1276697112, 1276697113, 1276697126]",38.778277675000005,-9.22934163,Amadora,AMD
414,"[26962721, 1007447909, 1007447910, 1007447911, 1012806923]",38.773564595652175,-9.214591595652173,Amadora,AMD
415,"[26968854, 286689050, 286689062]",32.669437330769235,-17.064459438461537,Ribeira Brava,RBR
416,"[26978464, 166775767, 166775770, 166775777, 166775781, 166775783]",32.742394896774194,-16.73645270645161,Machico,MCH
417,"[27010189, 727916057, 1009285813, 1009285814, 1009285815, 1009285816]",41.183166568181825,-8.653228204545455,Matosinhos,MTS
418,"[27232368, 628689116, 628689117, 628689118, 628689119, 628707355, 682288261, 682288262]",38.739494921875,-9.202114709375,Lisboa,LSB
419,"[27243765, 242789121, 242789122, 242789123, 242789124, 742043828, 974559195, 1118187906]",32.67724237272727,-17.078445054545455,Ribeira Brava,RBR
420,"[27256667, 1230018744, 1299364539, 1299364540, 1312927859]",38.75316055625,-9.2330583,Amadora,AMD
421,"[27264257, 1218454547, 1354606139]",39.00945253636363,-9.4235386,Mafra,MFR
422,[27284006],38.744935075757574,-9.178183718181819,Lisboa,LSB
423,"[27293485, 1300751599, 1305591010, 1305591017, 1305591018, 1306850211, 1361783045]",38.7443582,-9.236398776,Amadora,AMD
424,"[27293496, 1300751598, 1306850212, 1306850213]",38.743294804347826,-9.23486517826087,Amadora,AMD
425,"[27305070, 1042422291, 1276697110, 1276697111]",38.78225011333333,-9.228175086666669,Amadora,AMD
426,"[27305597, 27305598, 27305601, 681691722, 1042422265, 1042422266, 1218632168, 1276697128]",38.76020611891892,-9.229355756756757,Amadora,AMD
427,"[27305609, 1275792801, 1275792802, 1275792822, 1276697127, 1278673068, 1278673080, 1304000051]",38.76858421000001,-9.230426699999999,Amadora,AMD
428,"[27319183, 1031703996, 1031703997, 1031703998, 1053187612, 1329345292]",38.94361016190477,-9.330649547619046,Mafra,MFR
429,"[27351709, 166775642, 166775643]",32.74317524999999,-16.701091775000002,Machico,MCH
430,"[27351712, 166775641, 166775644, 1464968232, 1464968233, 1464968234]",32.743269396,-16.731985868000002,Machico,MCH
431,"[27354408, 166775673, 166775674, 1461644048, 1461644049, 1461644050]",32.65036531052631,-16.900879278947368,Funchal,FNC
432,"[27418520, 1278664095, 1278664099, 1278678663]",38.761173595652174,-9.233173513043479,Amadora,AMD
433,"[27418822, 1305590977, 1305590978, 1305590998]",38.76359690434782,-9.242851104347825,Amadora,AMD
434,"[27426835, 27426836, 62252014, 1108160356, 1108160357]",41.187984233333324,-8.67558881111111,Matosinhos,MTS
435,"[27538432, 558581508, 891081295, 891081297, 1355483472, 1355513215, 1355767171]",38.65270267368421,-9.01740439473684,Moita,MTA
436,[27562978],41.52949013913044,-8.761998760869567,Esposende,EPS
437,[27563367],41.5297916,-8.644087917391307,Barcelos,BCL
438,[27563895],41.53896002216495,-8.624276222680413,Barcelos,BCL
439,"[27783596, 1433731598, 1433731599, 1433731625]",40.899940960869564,-7.915417365217391,Castro Daire,CDR
440,"[27811636, 166775736, 166775737, 166775860, 568666747, 570115846, 572845788, 572846093]",32.65327896363635,-16.92910696969697,Funchal,FNC
441,"[27851262, 961538052, 961538053, 1075782509, 1075782510, 1443722726]",41.40972834,-8.516673568000002,Vila Nova de Famalicão,VNF
442,"[27855912, 1072725512, 1072725513, 1072725514, 1301420883]",38.6870415875,-9.3524941125,Cascais,CSC
443,"[27857976, 1302637181, 1302637195]",38.693271494117646,-9.349746300000001,Cascais,CSC
444,"[27868094, 1498776702, 1499071016, 1499071022, 1499071023]",41.43378244347826,-8.418466139130434,Vila Nova de Famalicão,VNF
445,"[27872286, 1053703844, 1300304523, 1300304565, 1300304566]",38.6892362875,-9.345776641666665,Cascais,CSC
446,[27872293],38.688836800000004,-9.342708544444445,Cascais,CSC
447,"[27885332, 896548758, 896549084, 1118155534, 1118448491, 1118448492, 1119229479]",41.19109478333334,-8.695944306666666,Matosinhos,MTS
448,"[28205475, 477359863, 495845267, 992494120, 992494121, 1298908445, 1480633166]",38.70030354285714,-9.418569338095237,Cascais,CSC
449,"[28206197, 991102989, 991103017, 991103018, 991103019, 991103020]",38.706933924,-9.433069516,Cascais,CSC
450,"[28207219, 1299161763, 1299161764, 1299161802, 1299855446, 1299855447, 1299855452, 1299855453]",38.70934335238094,-9.386393614285712,Cascais,CSC
451,"[28285501, 992494136]",38.694430225,-9.43055674375,Cascais,CSC
452,"[28287071, 1557696452, 1557696453]",38.733081670833336,-9.233939495833333,Oeiras,OER
453,"[28287259, 683831614, 684036490, 693803582, 693803583, 694279235]",38.73470470625,-9.22009405,Amadora,AMD
454,"[28287827, 1338665004, 1338665005]",38.733628464,-9.230764171999999,Oeiras,OER
455,"[28608852, 1353947059, 1353947060, 1353947061, 1353947062, 1353947063, 1353947064, 1353947065]",41.364892872,-8.7417543,Vila do Conde,VCD
456,"[28608944, 219534509, 219534781, 219534784, 1353947055, 1353947056, 1353947057, 1353947058]",41.360453506249996,-8.744712656250002,Vila do Conde,VCD
457,"[28617911, 1298053183, 1298053184, 1298053185]",41.135621523809526,-8.533469123809525,Gondomar,GDM
458,"[28617912, 1126069311, 1126069312, 1126072184]",41.13618145789474,-8.529464489473682,Gondomar,GDM
459,"[28653086, 772920472, 772920473, 772920474, 772920475]",32.65035082380952,-16.85168569047619,Santa Cruz,SCR
460,"[28653166, 283054188, 283054204, 283054217, 1302371353]",32.655467,-16.836856875,Santa Cruz,SCR
461,"[28653670, 166775782, 166775837, 443098331]",32.64632742777778,-16.827788505555556,Santa Cruz,SCR
462,"[28655882, 166775799, 166775815, 166775841, 267502730]",32.648363059375,-16.858754187500004,Santa Cruz,SCR
463,"[28734474, 315731154, 315731155, 315731158]",32.72942435416667,-16.771520975,Machico,MCH
464,"[28734507, 131899381, 131899382, 131899383, 131899384, 166775653, 166775654, 166775655, 166775656, 166775657]",32.72905613043478,-16.77478554347826,Machico,MCH
465,"[28734793, 166775760, 166775808, 166775857, 1278659409, 1278659410]",32.73016819705882,-16.781025552941173,Machico,MCH
466,"[28840825, 1016974244, 1016974245, 1016974246, 1016974247, 1016974248, 1016974249]",41.20144112083333,-8.6963902375,Matosinhos,MTS
467,"[28947445, 166775622, 166775623, 166775624, 214393469, 315731120]",32.790279141666666,-16.85299705,Santana,STN
468,"[28958934, 166775768, 166775775, 166775797]",32.68745160625,-16.7930027,Santa Cruz,SCR
469,"[29104265, 684026554]",38.76934139444445,-9.164927216666666,Lisboa,LSB
470,"[29120876, 1230042020, 1235876224, 1235876225, 1277694947, 1278237600]",38.72263300434782,-9.302626673913043,Oeiras,OER
471,"[29121011, 1230042023, 1230042024, 1230042030, 1237257161, 1278203951, 1526538470]",38.71405329565217,-9.304139852173913,Oeiras,OER
472,"[29121258, 1278203948, 1278203949, 1278203965, 1307092067, 1329449469]",38.7049673047619,-9.306371652380951,Oeiras,OER
473,"[29123705, 1329449463, 1329449464, 1329625504, 1329625505, 1329656333, 1340856000, 1415583364]",38.710306344,-9.28560408,Oeiras,OER
474,"[29123712, 1329993581, 1329993582, 1340856002]",38.708933875,-9.292580184999998,Oeiras,OER
475,[29190878],37.16387259583333,-8.6318641125,Portimão,PTM
476,"[29217049, 1233791649, 1234625325]",37.10730398823529,-8.687566864705884,Lagos,LGS
477,[29217323],37.16181497142857,-8.556649276190475,Portimão,PTM
478,[29217325],37.1610911826087,-8.557263713043477,Portimão,PTM
479,"[29294174, 93136330, 145209112, 145209113, 444731202]",37.1090801952381,-8.672342609523808,Lagos,LGS
480,[29294983],37.12683438333334,-8.282849775,Albufeira,ABF
481,[29344797],37.09069000625,-8.682882790625001,Lagos,LGS
482,[29344972],37.0991199883721,-8.688267037209302,Lagos,LGS
483,[29345111],37.09360042777777,-8.686073272222222,Lagos,LGS
484,"[29359864, 1472453946, 1472453947]",41.063809410344824,-8.64046173448276,Vila Nova de Gaia,VNG
485,"[29414398, 1135674519, 1135674520]",41.15274483333334,-8.397410266666666,Paredes,PRD
486,"[29438907, 1292176537, 1292176538, 1292176544, 1337998162, 1337998245, 1337998246, 1340292222]",38.89125363043478,-9.044924695652172,Vila Franca de Xira,VFX
487,"[29439015, 987743001, 987743002, 1227436084, 1227436085, 1227436086, 1227436087, 1337998161, 1340292221]",38.8890766,-9.041419615384616,Vila Franca de Xira,VFX
488,"[29550004, 204280415, 204280419, 204280423, 204280424, 204280426, 704963257, 1467975712, 1467975713]",32.725969736,-17.173219348,Calheta,CLT
489,"[29571273, 204294482, 204294487, 204294491, 204294496, 204294500, 204294512, 204294526]",32.811118717647055,-16.88402532647059,Santana,STN
490,"[29574703, 315731115, 315731116, 315731117, 315731118, 315731119, 704963255, 704963256, 706745087, 706745088]",32.8024208516129,-17.04388920967742,São Vicente,SVC
491,[29713447],38.98638221000001,-9.415647515,Mafra,MFR
492,"[29734524, 847992743, 847992744, 847992745, 847992746, 847992748]",38.69043981666667,-9.336827355555556,Cascais,CSC
493,"[29734640, 1301420877, 1301420878, 1301420889, 1302957370, 1302957398]",38.695927190909096,-9.329971918181819,Cascais,CSC
494,"[29919240, 1300398832, 1300398835, 1302963424, 1302963425]",38.68260604782609,-9.328567939130435,Cascais,CSC
495,"[29919241, 1300398833, 1300398834]",38.681211632142855,-9.325310910714284,Cascais,CSC
496,"[29919280, 847992767, 847992768, 847992769, 847992770, 1072793827, 1299097329]",38.695321589473686,-9.34169340526316,Cascais,CSC
497,"[29993016, 878196950, 953207817]",38.76300068947368,-9.159681289473685,Lisboa,LSB
498,[30007773],38.69454832105263,-9.370231268421053,Cascais,CSC
499,"[30008054, 1070029008, 1070031892, 1070031893, 1070031894, 1070241942, 1097467906, 1186574169]",40.64073824583334,-8.631620908333334,Aveiro,AVR
500,"[30008453, 495845262, 905470585, 1073244165]",38.69443666923077,-9.421045323076923,Cascais,CSC
501,"[30008588, 232429254, 232429255, 232429256, 232429257, 232429258, 232429259, 991328683]",38.716201872727275,-9.439741249999999,Cascais,CSC
502,"[30008591, 991280460, 991280461, 991280462, 1073244173, 1073244174]",38.69775805454545,-9.436486359090908,Cascais,CSC
503,"[30008593, 232429291, 622372179, 622372180, 991280459, 991280463, 991280481, 1073244172]",38.700096636842105,-9.437767615789472,Cascais,CSC
504,"[30009186, 475550481, 793630418, 793630426, 991103014, 991103015, 991103016]",38.707731338888884,-9.433786138888888,Cascais,CSC
505,"[30010572, 682183028, 682189372, 683844477, 683844478, 683844479]",38.75477086875,-9.138932229166668,Lisboa,LSB
506,"[30016986, 703820472, 703820473, 703820474, 703820475, 703820476, 991328642]",38.705847252631585,-9.442987626315787,Cascais,CSC
507,"[30016997, 991328634, 991328635, 991348960, 1298857424]",38.7148423631579,-9.445539194736842,Cascais,CSC
508,"[30017099, 1073244169, 1073244170]",38.69590518095238,-9.441186142857143,Cascais,CSC
509,"[30017187, 1298857415]",38.699064379999996,-9.46066834,Cascais,CSC
510,[30017190],38.699006690000004,-9.463674879999997,Cascais,CSC
511,[30017202],38.701869419999994,-9.468853229999999,Cascais,CSC
512,[30072465],41.76509423043479,-8.578227778260873,Ponte de Lima,PTL
513,[30073411],41.77064551363637,-8.562542936363636,Ponte de Lima,PTL
514,"[30073856, 608114373]",41.7653497,-8.579570180769231,Ponte de Lima,PTL
515,[30074355],41.771484586363634,-8.555289636363636,Ponte de Lima,PTL
516,"[30273311, 681506096, 682804179, 682804180, 974892815, 974892819]",38.745225233333336,-9.116600728571427,Lisboa,LSB
517,"[30273336, 631182926, 631182927, 681510126, 974892816, 974892818]",38.74695406190476,-9.115687233333334,Lisboa,LSB
518,"[30276283, 631173279]",38.744068435294125,-9.113344776470587,Lisboa,LSB
519,[30404419],37.219346183333336,-8.629510905555556,Portimão,PTM
520,[30404827],37.2360828,-8.633595192307691,Portimão,PTM
521,[30404952],37.22876517058823,-8.632950323529412,Portimão,PTM
522,[30405173],37.174194479166665,-8.633999020833334,Portimão,PTM
523,"[30406183, 1054260411, 1463235064, 1463235065]",37.13492630588235,-8.459259714705881,Lagoa,LGA
524,"[30518203, 1350349215, 1350349216, 1350349217, 1350349218, 1350349220]",40.64557619999999,-8.642223493333335,Aveiro,AVR
525,"[30641239, 1054361643, 1054361644, 1361907338]",42.026875575000005,-8.642155894999998,Valença,VLN
526,"[30665394, 1202047514, 1202047515, 1202047516]",39.33289957916667,-9.257650570833333,Óbidos,OBD
527,"[30727720, 944603185, 944603186, 944603187, 944603188, 944603189, 944603190]",37.02758897999999,-7.94559103,Faro,FAR
528,"[30790120, 1070420694, 1182053688, 1182053689, 1182053690]",39.35801373181818,-9.153713122727275,Óbidos,OBD
529,"[30791494, 1232816486, 1232816487, 1232816488]",39.350258746428565,-9.359923107142858,Peniche,PNI
530,"[30791496, 1070411627, 1070414499, 1070414500, 1099883621, 1099883622]",39.35843701304348,-9.366098130434784,Peniche,PNI
531,[30798122],39.35477937,-9.381982605000001,Peniche,PNI
532,"[30801456, 1275080036, 1275080037, 1275080109, 1275417655, 1275417667, 1275417714, 1275417725]",38.77988346086956,-9.349543347826085,Sintra,SNT
533,"[30801624, 1307128038, 1307128039, 1307128057, 1315096731, 1347060904, 1347166227]",38.7767289,-9.333991023076923,Sintra,SNT
534,[31305117],41.73724627142857,-6.5798152904761915,Bragança,BGC
535,[31344813],41.710692576190475,-7.641184347619046,Boticas,BTC
536,[31346944],38.44605120526316,-9.096156426315787,Sesimbra,SSB
537,"[31371949, 944603178, 944603179, 944603180, 944603181, 944603182, 944603183, 944603184]",37.02478324583333,-7.943481658333333,Faro,FAR
538,"[31799299, 808568358, 808568359, 905945879, 924865747, 924865748]",37.1289645,-7.642576010526315,Tavira,TVR
539,[32048244],37.3174001875,-8.852147633333333,Aljezur,AJZ
540,[32236326],37.31368597777778,-8.860901411111112,Aljezur,AJZ
541,"[32501100, 520822809, 520822810, 520822811]",41.44401130625,-8.283964843749999,Guimarães,GMR
542,[32501102],41.44471159565217,-8.282119339130436,Guimarães,GMR
543,"[32526924, 166775678, 166775679, 166775680, 166775681, 279547893, 568557378, 568557389, 1092447462]",32.649361502272725,-16.92409422727273,Funchal,FNC
544,[32647242],40.3483385826087,-8.584738417391303,Cantanhede,CNT
545,"[32838011, 612087897]",39.51648401818182,-7.650438440909091,Nisa,NIS
546,[32938124],38.892814468750004,-8.0178349375,Mora,MOR
547,[32957954],38.84544588260869,-7.602712934782608,Estremoz,ETZ
548,[32982769],38.64604352222222,-8.201364211111112,Montemor-o-Novo,MMN
549,[32982770],38.65008560526316,-8.21972824736842,Montemor-o-Novo,MMN
550,[32993112],38.9389335117647,-8.162788788235293,Mora,MOR
551,"[32993125, 871480645, 871480646, 1431495803]",38.94588960625,-8.14722991875,Mora,MOR
552,"[32998020, 1515438498, 1528455661]",39.4636711,-8.522360105,Torres Novas,TNV
553,"[32998025, 1515438499, 1528455663, 1528455664]",39.46575889565217,-8.524183704347825,Torres Novas,TNV
554,"[32999323, 871480647, 871480648, 1431495802, 1431495804, 1431495805]",38.945942175,-8.14309346875,Mora,MOR
555,"[33005962, 954747527, 954747528, 954747529, 954747530]",39.55227100869564,-8.39092196956522,Tomar,TMR
556,[33054483],37.303852490476196,-8.850666952380953,Aljezur,AJZ
557,[33055498],37.31603810952381,-8.866570895238096,Aljezur,AJZ
558,"[33055621, 628912415, 1348010252]",39.041751644444446,-7.6402451666666655,Fronteira,FTR
559,[33060714],38.4523394631579,-7.3755931105263155,Reguengos de Monsaraz,RMZ
560,"[33062975, 877303927, 877303928, 1338719929]",40.66824644166667,-7.918430979166666,Viseu,VIS
561,"[33062976, 877303929, 877303930, 1338867646]",40.6716212347826,-7.92134528695652,Viseu,VIS
562,"[33062977, 877303931, 877303932, 1341081544, 1341081545]",40.674519147826096,-7.9242754652173915,Viseu,VIS
563,"[33062978, 621959684, 621959685, 621959686, 1338719933, 1338719934, 1338867644, 1338867645]",40.671472140000006,-7.91923924,Viseu,VIS
564,"[33062979, 621798200, 621798201, 621974895, 1338719935]",40.67230134761905,-7.917168271428571,Viseu,VIS
565,"[33062981, 621798202, 621798203, 1467174856]",40.674177761904765,-7.910029095238097,Viseu,VIS
566,"[33062983, 1339931522, 1339931523, 1467174854, 1467174855, 1467174857]",40.67345147619047,-7.907551723809523,Viseu,VIS
567,"[33062985, 1339931517, 1339931518, 1339931519, 1340313221]",40.672382041666665,-7.899122945833334,Viseu,VIS
568,"[33062987, 621717605, 749838995, 749838998, 749839001]",40.668293095833334,-7.8974027625000005,Viseu,VIS
569,"[33062992, 621717609, 621717610, 1226259777, 1339546063, 1339546064, 1353036397]",40.66228137058824,-7.905269179411764,Viseu,VIS
570,"[33063543, 621730556, 621730559, 621959683, 1338719939]",40.657073733333334,-7.910370637499999,Viseu,VIS
571,"[33063545, 1353539512, 1353539513, 1353539522, 1488944361, 1500891191]",40.630128790625,-7.8649285437500005,Viseu,VIS
572,"[33063547, 1476946016, 1476946017, 1476946018, 1476946023]",40.639804028571426,-7.849122990476189,Viseu,VIS
573,[33063548],40.63351427894736,-7.844165510526317,Viseu,VIS
574,[33070058],37.3091628117647,-8.854074752941177,Aljezur,AJZ
575,"[33083304, 621962202, 621962203, 629182924, 1553263636, 1553263640]",40.637705028571425,-7.929073547619048,Viseu,VIS
576,"[33083306, 621962198, 621962199, 621962200, 967716128, 967716131]",40.63899244444444,-7.927666572222222,Viseu,VIS
577,"[33083312, 629182933, 629182934, 629182935]",40.62488139090909,-7.943355027272728,Viseu,VIS
578,"[33083317, 877303923, 877303924, 1531514313, 1549172087, 1549172094]",40.62176824545455,-7.945691940909089,Viseu,VIS
579,"[33083321, 629182942, 629182943, 629182944, 629182945]",40.61947864736842,-7.952147778947368,Viseu,VIS
580,"[33083574, 620108391, 621962196, 621962197, 1506318700, 1506318701, 1506318702, 1549172093]",40.64395463846154,-7.923668853846153,Viseu,VIS
581,"[33084650, 1348736894, 1348736895, 1349107274, 1353802284, 1353895327, 1500891195, 1500891202]",40.645906575000005,-7.905882919999999,Viseu,VIS
582,"[33084654, 621730486, 621730487, 621730488, 1353539506, 1353539532, 1500891192, 1500891204]",40.653150728571426,-7.889338004761904,Viseu,VIS
583,"[33084658, 620109495, 620109496, 620109498, 1225925155, 1225966197, 1353802285]",40.6492930875,-7.909116670833334,Viseu,VIS
584,[33085069],38.39731517931035,-7.717361896551726,Portel,PRL
585,"[33085498, 621737146, 621737147, 621737148, 621737149, 1338719927]",40.66057639615384,-7.9152717,Viseu,VIS
586,"[33085505, 637889026, 637889030, 1338719877, 1338867652, 1338867653, 1340146818]",40.65933716,-7.91924142,Viseu,VIS
587,"[33092071, 1476946019, 1476946020, 1476946021, 1476946022]",40.639227805263154,-7.854850757894737,Viseu,VIS
588,"[33100090, 550362822, 550362823, 1073540663, 1073540664]",38.565859591304346,-7.904040956521741,Évora,EVR
589,[33100096],38.775474925,-7.4244175375,Vila Viçosa,VVC
590,[33100099],38.80154317727273,-7.450201254545454,Borba,BRB
591,[33100336],39.382650625000004,-7.38345473125,Marvão,MRV
592,"[33106195, 620109501, 620109502, 620109503, 620109504, 1338719855, 1349107273]",40.6471828,-7.908609004166666,Viseu,VIS
593,"[33106196, 621730562, 621730565, 621730568, 1338719875]",40.65683650909091,-7.913980440909091,Viseu,VIS
594,"[33106199, 1338719878, 1338719879, 1338719880, 1338719881, 1338719882, 1338719883]",40.65674691666666,-7.920553829166667,Viseu,VIS
595,"[33191086, 1226348803, 1338867635, 1338867636, 1500891198, 1500891200]",40.653174828000004,-7.908162256000001,Viseu,VIS
596,"[33198726, 628920456]",39.6566282375,-7.662147237499999,Vila Velha de Ródão,VVR
597,[33204827],38.78720915909091,-7.4256338363636365,Vila Viçosa,VVC
598,"[33280315, 549841346, 549841347, 800066654, 800066664]",38.564993381250005,-7.9278039375,Évora,EVR
599,"[33280627, 365212509, 365212510, 365212513, 794677322]",38.5638032,-7.918011287500001,Évora,EVR
600,"[33283199, 795249427]",38.57378758750001,-7.92553223125,Évora,EVR
601,"[33289493, 1050522394, 1463235042, 1463235043]",37.10900172857142,-8.353706428571428,Silves,SLV
602,"[33289499, 1050522393, 1463235044, 1463235045]",37.1071149625,-8.355425670833334,Silves,SLV
603,[33289537],37.1068657590909,-8.433793895454546,Lagoa,LGA
604,[33289540],37.101608275000004,-8.44386691,Lagoa,LGA
605,"[33294181, 1515438500]",39.464245536363634,-8.529602372727274,Torres Novas,TNV
606,[33454606],37.815932622727274,-25.53796863181818,Ribeira Grande,RGR
607,"[33460305, 487217743]",37.746487986956524,-25.645711752173916,Ponta Delgada,PDL
608,"[33654371, 1116525809, 1186574117, 1186574118, 1312446727, 1312446728, 1463995046, 1463995047]",40.63539040588235,-8.655654005882354,Aveiro,AVR
609,"[33654625, 1070029007, 1070031895, 1070031896, 1312432756, 1312432768, 1312446719, 1312446733]",40.642462804,-8.635761967999999,Aveiro,AVR
610,[33697600],39.91397246818181,-7.462038113636364,Castelo Branco,CTB
611,[33697677],39.91426776666666,-7.463985266666667,Castelo Branco,CTB
612,[33733697],41.495489408695654,-7.985972752173915,Cabeceiras de Basto,CBC
613,[33737005],41.681480586956525,-7.702529665217391,Boticas,BTC
614,[33737006],41.53217968636364,-7.784622177272727,Ribeira de Pena,RPN
615,"[33741597, 1349836796]",41.6343819,-8.191398290909092,Vieira do Minho,VRM
616,[33744090],41.632780800000006,-8.1399901,Vieira do Minho,VRM
617,[33744091],41.633206745454544,-8.143153086363638,Vieira do Minho,VRM
618,[33744439],41.635497818181825,-8.1528195,Vieira do Minho,VRM
619,[33749548],40.025757870967745,-7.797044377419356,Oleiros,OLR
620,"[34039353, 1544841298, 1544841299, 1544841300, 1544841301, 1544841302]",40.64170788571429,-8.658898890476193,Aveiro,AVR
621,"[34262348, 1312432757, 1312446732]",40.64864616842105,-8.646203857894738,Aveiro,AVR
622,"[34262475, 694061066, 694061067, 1186574168]",40.6422068,-8.646362276190475,Aveiro,AVR
623,"[34262482, 694040970, 694040971, 694100496, 694100497, 1350349228, 1373122574]",40.639109794117644,-8.650453929411766,Aveiro,AVR
624,"[34506827, 1349836772]",41.50034765882353,-6.28474255882353,Miranda do Douro,MDR
625,"[34704970, 496736158, 496736159, 496736160, 496736161, 497147258, 497147259, 497147260, 1208344475]",41.16381352121212,-8.581669575757575,Porto,PRT
626,"[34799290, 1115605487, 1115605488]",41.22659894594595,-8.63486746216216,Maia,MAI
627,"[34848171, 495411091, 1065399573, 1065399574, 1106452764]",37.73331003809525,-8.771682842857143,Odemira,ODM
628,"[34922352, 683255904, 684053265, 684053268, 684576620, 684576621]",38.772681892682925,-9.149176573170731,Lisboa,LSB
629,"[34967176, 1544670240, 1544670241, 1544670242]",40.65116523181818,-8.608240186363636,Aveiro,AVR
630,[34967327],40.647148085714285,-8.703462746428572,Ílhavo,ILH
631,[35011639],40.542333424999995,-7.240365615,Guarda,GRD
632,"[35011929, 95024689, 95024744, 95024779]",40.52361592857143,-7.225945476190477,Guarda,GRD
633,[35012343],40.529350945454546,-7.235251736363636,Guarda,GRD
634,[35036388],40.53381861666667,-7.242637108333334,Guarda,GRD
635,[35036846],40.52554501363637,-7.275878886363639,Guarda,GRD
636,"[35044072, 1120859255, 1120859256, 1120859257]",41.17071030999999,-8.623190935,Porto,PRT
637,[35139979],41.16548674285715,-8.582050261904762,Porto,PRT
638,[35166874],40.354929399999996,-7.094317875000001,Sabugal,SBG
639,"[35260649, 1018551325, 1018551326, 1018551327, 1018551328, 1018551329, 1018551330, 1174471774]",41.16553965294117,-8.577478497058824,Porto,PRT
640,"[35331290, 1070035546, 1070241943, 1070241944, 1236085741, 1267512844, 1267512845, 1345698848]",41.15389452352941,-8.582249602941177,Porto,PRT
641,"[35361241, 1301603947, 1315458529]",38.65068535263158,-9.151485221052633,Almada,ALM
642,"[35406279, 166760095, 166760107, 166760119, 1115842763, 1395945824, 1518726031, 1518726032, 1518726033, 1518726034]",32.64847527727273,-16.917220954545456,Funchal,FNC
643,"[35406280, 267108276, 307519524, 307519527, 307519528, 307519529, 314885664]",32.6470211516129,-16.913887729032258,Funchal,FNC
644,"[35674639, 1334960874, 1390406269, 1390406274, 1390406275, 1390406276]",38.99263192727273,-9.079080731818182,Arruda dos Vinhos,ARV
645,"[35674646, 1334960875, 1390406270, 1390406271, 1390406272, 1390406273]",38.991502304166666,-9.080950270833334,Arruda dos Vinhos,ARV
646,"[35674652, 1127417795, 1390406284, 1390406285]",38.983354172727275,-9.078563109090906,Arruda dos Vinhos,ARV
647,"[35674658, 1334960873, 1334960876, 1335151555]",38.98178199545455,-9.082218177272726,Arruda dos Vinhos,ARV
648,"[35674661, 1334960877]",38.98052176,-9.081471680000002,Arruda dos Vinhos,ARV
649,[35674673],38.980371168181826,-9.077533995454546,Arruda dos Vinhos,ARV
650,[35674691],38.9633154047619,-9.061456414285711,Arruda dos Vinhos,ARV
651,[35740435],37.11117804642857,-8.665879246428572,Lagos,LGS
652,[35740437],37.113954542857144,-8.662047990476191,Lagos,LGS
653,"[35744250, 974886440]",38.7403784,-9.154425426315788,Lisboa,LSB
654,[35775751],39.41303366875,-7.34675859375,Marvão,MRV
655,[35775753],39.41332395,-7.347276183333332,Marvão,MRV
656,[35786367],37.128826600000004,-8.150580265000002,Loulé,LLE
657,[35786383],37.093414529166665,-8.060290929166667,Loulé,LLE
658,[35786387],37.1054191037037,-8.134964322222222,Loulé,LLE
659,[35786388],37.10848358,-8.139256905,Loulé,LLE
660,[35786389],37.105189734999996,-8.13003394,Loulé,LLE
661,[35786390],37.110818561904765,-8.142077247619047,Loulé,LLE
662,[35786391],37.111101842857146,-8.148974895238092,Loulé,LLE
663,[35786398],37.10261731500001,-8.124253149999998,Loulé,LLE
664,[35786403],37.077499025,-8.09756738,Loulé,LLE
665,[35786405],37.07646161818182,-8.095932422727273,Loulé,LLE
666,[35801869],39.310679972222225,-7.440646555555555,Portalegre,PTG
667,"[35816625, 531283862]",39.93981675652174,-7.191573443478261,Idanha-a-Nova,IDN
668,[35821802],37.11022645882353,-8.681037070588236,Lagos,LGS
669,"[35902059, 624937430, 628606691, 628606693, 940248865, 940248901, 970922717, 1331422077]",38.780493110526315,-9.104553463157895,Loures,LRS
670,[35902073],38.78247130985915,-9.111185556338029,Loures,LRS
671,"[35904548, 146919740, 624920988, 624920989, 680822923, 682707451]",38.75413109,-9.09686681,Lisboa,LSB
672,[35912066],39.28457165000001,-7.420696154999999,Portalegre,PTG
673,[35912068],39.286188769565214,-7.4245739,Portalegre,PTG
674,[35912194],39.292766239130444,-7.425229773913044,Portalegre,PTG
675,"[35917086, 1016953374, 1016953375, 1016953376, 1016953377, 1016953378, 1016953379, 1016953380]",41.21039637666666,-8.628360820000001,Matosinhos,MTS
676,"[35958247, 680822931, 680822932, 682700914, 1291072746, 1334907446]",38.79015005882353,-9.125504941176471,Loures,LRS
677,"[35958257, 999569660, 999569661, 999569662, 999569663, 999569664, 999569665, 999569666]",38.80416983157895,-9.130970826315789,Loures,LRS
678,"[35958264, 938804557, 938804558, 938804559, 938804560, 938804561]",38.79950975909091,-9.135502118181819,Loures,LRS
679,"[35958271, 1011120071, 1011120072, 1011120073, 1339145695]",38.797219375,-9.14014284375,Loures,LRS
680,[35975059],39.592465835,-7.52580789,Nisa,NIS
681,"[35997323, 794165775, 794165776, 1016953381, 1016953382, 1016953383]",41.21006691428571,-8.6263838,Matosinhos,MTS
682,"[35997333, 1016953388, 1016953389, 1016953390, 1016953391, 1016953392]",41.20851724375,-8.6254974875,Matosinhos,MTS
683,"[35997339, 793208249, 793208250, 1016953397, 1016953398, 1016953399, 1016953400, 1016953401, 1016953402]",41.2057407,-8.620456884210526,Matosinhos,MTS
684,"[35998673, 1115576891, 1115576892, 1115605489, 1115605490, 1353378526, 1382350516, 1382350517]",41.23463469767442,-8.639458358139535,Maia,MAI
685,[36003968],37.643889526315796,-7.66044294736842,Mértola,MTL
686,"[36003972, 800025559, 800025560, 809203022]",37.641935978260875,-7.658509843478261,Mértola,MTL
687,[36131429],39.75812413478261,-7.604995108695653,Castelo Branco,CTB
688,[36131627],40.96582985,-7.890613050000002,Castro Daire,CDR
689,"[36615942, 682807639, 682812150, 682814408, 683156809, 683816270, 1278873162]",38.713654116,-9.224825484,Oeiras,OER
690,"[36615945, 682807640, 682814405, 682814406, 683149012, 1329386475]",38.71079640526316,-9.226156478947368,Oeiras,OER
691,"[36615964, 1300734388, 1300734389, 1300734397, 1302149124, 1329794545, 1380064608]",38.712602508695646,-9.231945439130435,Oeiras,OER
692,[36735516],41.49933657,-7.99429776,Cabeceiras de Basto,CBC
693,"[36737627, 1329348189, 1329348190, 1329386465, 1329386466, 1380064609]",38.70766802272727,-9.23238615909091,Oeiras,OER
694,"[36738720, 1329910804, 1329910805, 1329945179, 1329945180]",38.69413394347827,-9.296551317391303,Oeiras,OER
695,"[36775760, 737735251, 953176920, 953176921]",37.27976235789473,-8.554167473684211,Monchique,MCQ
696,[36793394],37.112170495,-8.495596055,Lagoa,LGA
697,[36793529],37.144076756521734,-8.453626143478262,Lagoa,LGA
698,"[36835675, 1006953159, 1006953160, 1009285791, 1009285792, 1009285793, 1009285794]",41.17897916956522,-8.681353726086957,Matosinhos,MTS
699,"[36845976, 871480643, 871480644, 1431495801]",38.94357825294117,-8.156839788235294,Mora,MOR
700,"[36853991, 365202945, 365202948, 365202951]",38.56776211052631,-7.901511089473684,Évora,EVR
701,[36867753],37.1939921625,-8.432694020833333,Silves,SLV
702,[36867782],37.18695747391304,-8.445438608695651,Silves,SLV
703,"[36868894, 1498280958, 1498280959, 1498280974]",41.40012198333333,-8.5345605875,Vila Nova de Famalicão,VNF
704,"[36868932, 1446743037, 1446743038, 1446743039, 1446747139, 1498254406, 1498270120]",41.41443979259258,-8.519386348148148,Vila Nova de Famalicão,VNF
705,"[36868986, 1498010837, 1498010838, 1498010845, 1498227709, 1498227743, 1498765396, 1498765399]",41.40081413043479,-8.516433260869565,Vila Nova de Famalicão,VNF
706,"[36868989, 1498227711, 1498227712, 1498227741]",41.387053442307696,-8.528704942307693,Vila Nova de Famalicão,VNF
707,"[36869109, 1498618576, 1498618577, 1498618593, 1499089572, 1499089573, 1499346926, 1499346928]",41.41647549615384,-8.534305096153846,Vila Nova de Famalicão,VNF
708,"[36869359, 1031704017, 1053187614, 1053187615]",38.958298891666665,-9.347899120833333,Mafra,MFR
709,"[36869360, 1034626249, 1034626250, 1047534437, 1274544542, 1274544544]",38.943569765753416,-9.35040211369863,Mafra,MFR
710,"[36875114, 233761377, 233761383, 768291116, 1343723144, 1343723160]",39.078068712,-9.37411054,Torres Vedras,TVD
711,[36875120],39.08175792857143,-9.36843441904762,Torres Vedras,TVD
712,"[36875131, 1354308478]",39.09741399090909,-9.280680304545454,Torres Vedras,TVD
713,"[36876764, 1354250338, 1354250345]",39.079565718518516,-9.25876274074074,Torres Vedras,TVD
714,"[36876766, 1354250353]",39.082885536842106,-9.253745068421052,Torres Vedras,TVD
715,"[36876767, 1079883797, 1354240498, 1354240524, 1354245135, 1354250354]",39.087180344444434,-9.256737,Torres Vedras,TVD
716,"[36876772, 1354240500, 1354240523]",39.08787016,-9.255073604999998,Torres Vedras,TVD
717,"[36876788, 1354250333]",39.085586218749995,-9.25873804375,Torres Vedras,TVD
718,"[36916646, 1042422261, 1042464511, 1042464512, 1276697129, 1278237616, 1278673064, 1305591040]",38.757551186363635,-9.218597481818183,Amadora,AMD
719,"[36916651, 1305591028, 1305591038, 1305591039]",38.759443130434775,-9.209350552173914,Amadora,AMD
720,"[36916654, 1012806932, 1012893168, 1012893169, 1276693924, 1284514629, 1305591034]",38.763670107692306,-9.207249434615385,Amadora,AMD
721,"[36916658, 1012806933, 1012893166, 1012893167, 1305591031, 1305591036, 1334856514, 1334856516]",38.763023922727264,-9.205095618181817,Amadora,AMD
722,"[36916661, 1012806931, 1012893170, 1012893171, 1305591022]",38.76436046800001,-9.209134367999999,Amadora,AMD
723,"[36916664, 1012806930, 1012893172, 1012893173, 1284514630, 1380063191]",38.764149486363635,-9.212509954545453,Amadora,AMD
724,"[36917314, 1012806940, 1012806941, 1012806942, 1012806943, 1012806944, 1012806945, 1012806946]",38.76038197241378,-9.204258506896553,Amadora,AMD
725,"[36917854, 1042464489, 1278664084, 1278664085, 1278664106, 1278873153]",38.742229859999995,-9.223702274999997,Amadora,AMD
726,"[36917855, 1042464486, 1278664081, 1278664107, 1303015908]",38.7411617904762,-9.224016190476188,Amadora,AMD
727,"[36917857, 1042464490, 1278873151, 1278873152, 1284514618, 1303015907, 1306897833]",38.74303722608696,-9.221739660869565,Amadora,AMD
728,"[36917858, 628691154, 628691155, 683857143, 693975615, 693975816, 1006901272, 1278873150]",38.7438886375,-9.219953525,Amadora,AMD
729,"[36917869, 628690991, 628690992, 628690993, 683857144, 683867453, 693975815, 1042464494]",38.74713176666667,-9.216226611111109,Amadora,AMD
730,"[36932370, 1354240522, 1354245136, 1354245137]",39.09146811,-9.257420399999999,Torres Vedras,TVD
731,"[36932371, 1350437950]",39.09459094,-9.257956075,Torres Vedras,TVD
732,[36937664],41.80446534761905,-7.412259352380953,Chaves,CHV
733,[36937665],41.80504785454546,-7.415483059090909,Chaves,CHV
734,[36937666],41.80454432173913,-7.418934908695652,Chaves,CHV
735,"[36952735, 683274608, 683798499, 683798500, 683798503, 762492420]",38.752492327999995,-9.167530708,Lisboa,LSB
736,"[36965068, 850660604, 850660605, 871180130, 871180131]",38.53508850294118,-8.16474925882353,Montemor-o-Novo,MMN
737,"[36966769, 880353884, 880353885]",38.72254523157894,-7.981304242105263,Arraiolos,ARL
738,[36970087],40.13293530869566,-8.855834804347825,Figueira da Foz,FIG
739,"[36970446, 1061107723, 1061107724, 1061107725]",40.13292374090909,-8.855207922727272,Figueira da Foz,FIG
740,"[36970540, 1290426454, 1350362638, 1350362639]",40.152377539130434,-8.84726323478261,Figueira da Foz,FIG
741,"[36994411, 673231650, 673231660, 673231661, 680781673, 1042464477, 1230013778, 1324996107]",38.72733767826087,-9.212711839130433,Amadora,AMD
742,"[36996699, 1042464479, 1278873156, 1278873157, 1312927854]",38.730480184,-9.216198088,Amadora,AMD
743,"[36996704, 1042464478, 1230013776, 1230013777, 1278873158, 1300744238]",38.728594059090916,-9.214707899999999,Amadora,AMD
744,"[36996710, 683831617, 683857145, 693975814, 693976352, 693976353]",38.742650976190475,-9.21180279047619,Amadora,AMD
745,"[36996713, 683831616, 693803578, 693803579, 1230013768, 1278664079]",38.739455137499995,-9.214309866666666,Amadora,AMD
746,"[36997723, 1306782028, 1306782029, 1306782057, 1315411052, 1315411053]",38.761624624999996,-9.278519879166666,Sintra,SNT
747,"[36997736, 1306782030, 1306782031, 1306782056, 1315411045, 1315411046]",38.765758778260874,-9.279131895652174,Sintra,SNT
748,"[37040557, 1350437956, 1350437965]",39.101728390909095,-9.289928404545456,Torres Vedras,TVD
749,"[37040558, 1350437957]",39.10737249090909,-9.2928174,Torres Vedras,TVD
750,[37040560],39.11323770454545,-9.289999654545456,Torres Vedras,TVD
751,[37040658],38.18440800526315,-8.55606282631579,Grândola,GDL
752,"[37040666, 806882301, 806882302, 1240431973]",38.177048728571435,-8.567079819047619,Grândola,GDL
753,[37041004],38.178902900000004,-8.547026745454547,Grândola,GDL
754,"[37041856, 806882306]",38.18476597894737,-8.55342245263158,Grândola,GDL
755,[37044956],37.089799166666666,-7.927427105555556,Faro,FAR
756,"[37045325, 1137440345, 1279756185]",37.14632209130435,-8.011823030434782,Loulé,LLE
757,"[37069132, 870559604]",37.606419869565215,-8.081291269565218,Almodôvar,ADV
758,"[37069462, 794248935, 794248936, 794248937, 1395661773]",37.705924325000005,-8.084910871428571,Castro Verde,CVR
759,[37071719],41.67591748333333,-8.180518845833333,Terras de Bouro,TBR
760,"[37074944, 1046436094]",39.46485359444444,-8.214554744444444,Abrantes,ABT
761,[37077259],39.602552526666656,-8.411912993333333,Tomar,TMR
762,[37077262],39.60338403181817,-8.4093822,Tomar,TMR
763,"[37078448, 1167715186, 1167715187, 1167715188, 1167715189, 1167715190, 1167715191, 1167715192]",39.819152366666664,-7.4829380125,Castelo Branco,CTB
764,[37078866],39.826030204,-7.510283983999999,Castelo Branco,CTB
765,"[37080937, 1167406470, 1167406471, 1167406472, 1167406473, 1167406474, 1167406475, 1167406476]",39.81450978148148,-7.522384092592593,Castelo Branco,CTB
766,[37080988],39.807611785,-7.504509335,Castelo Branco,CTB
767,"[37115222, 631351569, 631351570, 673207773, 673207774, 673207775, 683281639]",38.7800606375,-9.152275912499999,Lisboa,LSB
768,"[37115234, 1011120074, 1331422072, 1331422073, 1339145694]",38.79742591875,-9.1418304375,Loures,LRS
769,[37142515],40.486901013636356,-7.598145200000001,Gouveia,GVA
770,[37180085],40.26740576956522,-8.444399669565216,Coimbra,CBR
771,[37205477],41.49073857619047,-7.659139219047619,Vila Pouca de Aguiar,VPA
772,[37205579],38.99351896842105,-9.390922047368422,Mafra,MFR
773,[37205599],38.986035905,-9.413688935,Mafra,MFR
774,"[37205641, 628676870, 628676871, 1007943336, 1007943337, 1008028546, 1341529134, 1341529135]",38.78595063333333,-9.1730878,Odivelas,ODV
775,[37207637],41.68611353478261,-7.668066086956522,Boticas,BTC
776,"[37210720, 683816271, 1278873160, 1278873161, 1340413306, 1340413307, 1352158600, 1352158604]",38.71836081363636,-9.223367322727272,Oeiras,OER
777,"[37210722, 1230042066, 1278893001, 1278893002, 1284514607, 1352158601, 1352158603]",38.7204587125,-9.227468829166666,Oeiras,OER
778,"[37210745, 682809535, 682814413, 682814415, 1302149123, 1329794546]",38.71498744090909,-9.233326590909089,Oeiras,OER
779,"[37210747, 682807638, 682814410, 682814411]",38.71485591304347,-9.229185969565215,Oeiras,OER
780,"[37219929, 938619055, 938619056, 938619057, 938619058, 938619059, 938619060, 938619061]",38.83689216666666,-9.169061252380951,Loures,LRS
781,"[37229225, 1007447912, 1007447913, 1007447914]",38.77492932727273,-9.217099677272726,Amadora,AMD
782,"[37229229, 1007447921, 1012893187, 1012893188, 1012893189, 1302096966]",38.780861316666666,-9.220611183333334,Amadora,AMD
783,"[37229314, 1007447918, 1007447919, 1007447920]",38.78285430999999,-9.21826372,Amadora,AMD
784,"[37235401, 1305590979, 1305590980, 1305590987]",38.77086268571429,-9.245025742857141,Amadora,AMD
785,"[37235405, 1305590981, 1305590982, 1305590986]",38.76964594782608,-9.242995839130435,Amadora,AMD
786,[37253961],41.82971406190477,-7.7850842095238075,Montalegre,MTR
787,[37253963],41.834076194999994,-7.779409214999999,Montalegre,MTR
788,"[37264190, 1331109666, 1331109667, 1332895674, 1332895675]",38.754357876190475,-9.259950176190474,Sintra,SNT
789,"[37264465, 938619092, 938619093, 938619094, 938619095, 938619096, 938619097, 1008088299]",38.828216416000004,-9.159515908,Loures,LRS
790,"[37264468, 938619089, 938619090, 938619091]",38.831171788888895,-9.159828677777776,Loures,LRS
791,"[37264470, 938619086, 938619087, 938619088]",38.83280759666666,-9.155823843333334,Loures,LRS
792,"[37264478, 1155579959]",38.83457593125,-9.152010575,Loures,LRS
793,[37282904],37.31658675238094,-8.799212347619047,Aljezur,AJZ
794,[37300726],40.030973008695646,-8.39388332173913,Penela,PNL
795,[37300864],40.00476119545454,-8.372429804545455,Penela,PNL
796,"[37340430, 529729519, 529729520]",37.83759645714285,-25.147749195238095,Nordeste,NRD
797,"[37462011, 228521493, 1314187490, 1314187491, 1314187496, 1314191237]",38.80359818,-9.372011032,Sintra,SNT
798,[37545936],39.98963874468085,-6.884076521276597,Idanha-a-Nova,IDN
799,[37546160],39.90810507222221,-7.172566650000001,Idanha-a-Nova,IDN
800,[37556367],39.93304593999999,-7.2384542666666665,Idanha-a-Nova,IDN
801,"[37560085, 1278892989, 1278892990, 1278892996, 1312927856]",38.727189730434795,-9.216891426086958,Oeiras,OER
802,[37570882],41.62787987272727,-8.364720786363636,Amares,AMR
803,"[37570887, 801350129, 801350130, 1410533201, 1425817817]",41.60774967391305,-8.4301789,Amares,AMR
804,[37570891],41.64277967142856,-8.43519609047619,Vila Verde,VVD
805,[37570903],41.682730639130426,-8.527305447826086,Ponte de Lima,PTL
806,[37595669],37.1075300826087,-7.797543104347825,Olhão,OLH
807,"[37600655, 817638964, 817638965, 817647794, 1025814278, 1026812088, 1345413380]",41.299986613636364,-7.715968245454547,Vila Real,VRL
808,"[37600678, 807908832, 807908833, 817639001, 824700129, 1078682453]",41.291512239999996,-7.7365958525,Vila Real,VRL
809,[37607387],41.75567666956521,-8.585678486956521,Ponte de Lima,PTL
810,[37607398],41.76262723043478,-8.589315169565216,Ponte de Lima,PTL
811,[37607412],41.76743107272727,-8.596289999999998,Ponte de Lima,PTL
812,[37614818],41.70201337619047,-8.818275047619046,Viana do Castelo,VCT
813,"[37680681, 1428644372, 1428644373, 1428644374, 1428644375]",41.00848126999999,-8.624726104999999,Espinho,ESP
814,"[37681207, 1359078888, 1359113340, 1428644378]",41.00396855416667,-8.634272158333333,Espinho,ESP
815,"[37742154, 1314141978, 1314141979, 1314147848, 1314371464]",38.79166719545455,-9.327828136363637,Sintra,SNT
816,[37743064],38.79234826956521,-9.316801091304347,Sintra,SNT
817,"[37743405, 1275417690, 1275417691, 1275417692, 1316503263, 1316508859]",38.79206653809523,-9.312186171428571,Sintra,SNT
818,"[37743420, 1275417677, 1275417678, 1275417693, 1275417694, 1275417695]",38.794247829166665,-9.311063062499999,Sintra,SNT
819,"[37749306, 988457774, 988457775, 988457776, 988457777, 988457778, 988457779, 988457780]",38.928117199999996,-9.228574254166666,Mafra,MFR
820,"[37749310, 988457781, 988457782, 988457783, 988457784, 988457785]",38.92718293,-9.21909228,Mafra,MFR
821,[37749319],38.981906994999996,-9.197503844999998,Sobral de Monte Agraço,SMA
822,[37749321],39.0240143,-9.154828407142857,Sobral de Monte Agraço,SMA
823,"[37766071, 1284514655, 1300767298, 1306105939, 1306105950, 1315558951]",38.76044114090909,-9.249857668181818,Sintra,SNT
824,"[37766073, 1306105940, 1306105941, 1306105949, 1330400319, 1330461347]",38.76326157727273,-9.251574804545454,Sintra,SNT
825,"[37766653, 146919736, 624920994, 624920995]",38.761707421875,-9.0983460875,Lisboa,LSB
826,"[37828107, 1013649236, 1013649237, 1013649238, 1326314824, 1326314832]",38.787324504761905,-9.111878833333332,Loures,LRS
827,"[37828109, 998035708, 1013649235, 1038731162, 1331422078]",38.784630578947365,-9.116323852631577,Loures,LRS
828,"[37828121, 1011120056, 1011120057, 1011120058, 1291072743, 1331422056, 1331422065, 1331422066, 1331453724, 1334907447, 1334907448]",38.79601721290323,-9.116072232258066,Loures,LRS
829,"[37828123, 1011120062, 1011120063, 1011120064]",38.80044567777777,-9.114562583333331,Loures,LRS
830,"[37828126, 1011120059, 1011120060, 1011120061, 1331422060, 1331422061]",38.797742218749995,-9.115464600000001,Loures,LRS
831,[37877838],40.09108262380953,-7.8500633380952385,Pampilhosa da Serra,PPS
832,"[37877885, 1341967913, 1341967914, 1341967915]",40.089399504545455,-7.850141881818183,Pampilhosa da Serra,PPS
833,"[37918100, 743544836]",41.19215829047619,-8.582139076190476,Maia,MAI
834,"[38007966, 841132895, 841132896, 841132897]",39.869262665217384,-8.93950488695652,Marinha Grande,MGR
835,[38007974],39.86329875384615,-8.928319107692307,Marinha Grande,MGR
836,"[38008162, 966611042, 966611045, 966611047]",39.6250523,-9.002136945454547,Nazaré,NZR
837,"[38163773, 1314187488, 1314187489, 1314191238, 1314191239]",38.80360788780488,-9.35733318292683,Sintra,SNT
838,[38221187],41.20985338333334,-8.60984203,Maia,MAI
839,[38221190],41.21276158571429,-8.611089502040816,Maia,MAI
840,[38320218],39.80130047,-7.5373689100000005,Castelo Branco,CTB
841,[38320223],39.80453471,-7.529928454999999,Castelo Branco,CTB
842,[38320225],39.80893827,-7.531957555,Castelo Branco,CTB
843,[38320226],39.805065519047616,-7.534326704761903,Castelo Branco,CTB
844,"[38332028, 673231662, 673231663, 680781674, 680781675, 1278892980, 1278892981]",38.72430691666666,-9.215123216666667,Oeiras,OER
845,[38334177],38.933441984999995,-9.333936779999998,Mafra,MFR
846,[38334182],38.93457532000001,-9.33602708,Mafra,MFR
847,"[38334197, 1345285104, 1345285105, 1345285118]",38.93849975652173,-9.34308625652174,Mafra,MFR
848,[38334201],38.937004845454545,-9.346255145454545,Mafra,MFR
849,"[38334202, 1337834453, 1345285102, 1345285120]",38.939308664705884,-9.346005705882352,Mafra,MFR
850,[38341311],37.97560623333333,-8.808693369444445,Sines,SNS
851,"[38341316, 1073629156, 1073629158, 1073629159]",37.96861328846154,-8.831414607692308,Sines,SNS
852,"[38341413, 495454318, 815835644, 815835645]",37.91683146842105,-8.80294545263158,Sines,SNS
853,"[38341736, 1533120038]",37.93966643243243,-8.830731454054055,Sines,SNS
854,[38341738],37.945205328571426,-8.851471425714285,Sines,SNS
855,"[38341742, 253509550, 495454311, 686086990]",37.949714891304346,-8.862110395652174,Sines,SNS
856,"[38341750, 1083067929, 1083067930, 1083067935, 1479062933, 1479062934]",37.964996455000005,-8.860957010000002,Sines,SNS
857,[38358387],39.79801082,-7.539721585,Castelo Branco,CTB
858,[38374603],37.956780650000006,-8.873767227777778,Sines,SNS
859,"[38374613, 1083067907, 1083067915]",37.956785933333336,-8.871248533333334,Sines,SNS
860,"[38378034, 1082966617, 1338316832, 1338316833, 1425334700, 1425334701, 1472348861]",41.37632433888889,-8.762983255555556,Póvoa de Varzim,PVZ
861,"[38432639, 1070411628, 1070414497, 1070414498]",39.357290445454545,-9.36845575909091,Peniche,PNI
862,[38450940],39.91749980000001,-7.470875404999999,Castelo Branco,CTB
863,[38450945],39.914044155000006,-7.471508015,Castelo Branco,CTB
864,"[38461825, 762753330, 762753331, 762753332, 787313046, 787313047]",39.73947945454545,-8.809015890909093,Leiria,LRA
865,[38518432],37.959561304999994,-8.863603405,Sines,SNS
866,"[38518435, 1083067948]",37.95928752173913,-8.85565505217391,Sines,SNS
867,[38518457],37.95219049473685,-8.875068078947368,Sines,SNS
868,[38704131],38.92395644444444,-8.88860241111111,Benavente,BNV
869,[38734561],40.046735887500006,-7.18317528125,Idanha-a-Nova,IDN
870,[38754590],39.925162512499995,-7.4085809375,Castelo Branco,CTB
871,"[38756289, 1016835603, 1016835604, 1016835614, 1037036984, 1037036985]",38.655558828,-9.188454488000001,Almada,ALM
872,"[38756425, 1080877270, 1081868354, 1082503500, 1082615078]",38.65140298000001,-9.236960335,Almada,ALM
873,"[38756452, 1081868355, 1082615076, 1082615077]",38.65409631111111,-9.238389994444443,Almada,ALM
874,[38811850],39.810745706249996,-7.4840846249999995,Castelo Branco,CTB
875,[38830990],39.79657089375,-7.496355643749999,Castelo Branco,CTB
876,[38832132],39.80033268500001,-7.497435385,Castelo Branco,CTB
877,"[38863952, 1167422307, 1167422308, 1167422309, 1167422310, 1167422311]",39.814159036363634,-7.484714659090909,Castelo Branco,CTB
878,"[38863954, 1167422302, 1167422303, 1167422304, 1167422305, 1167422306]",39.81656379565217,-7.484691356521739,Castelo Branco,CTB
879,"[38863960, 1167422291, 1167422292, 1167422293, 1167422294, 1167422295, 1167422296, 1167422297]",39.818235242424244,-7.486698490909092,Castelo Branco,CTB
880,[38913303],39.816798985000005,-7.490293984999998,Castelo Branco,CTB
881,[38913825],39.82018302777778,-7.4874418333333335,Castelo Branco,CTB
882,[38937695],39.82654275238095,-7.48948798095238,Castelo Branco,CTB
883,[39056659],39.82279679090909,-7.487908927272728,Castelo Branco,CTB
884,[39064692],39.81865308695653,-7.491002765217392,Castelo Branco,CTB
885,"[39074918, 628953802, 1165369713, 1165369714, 1165369715, 1165369716]",39.816093775000006,-7.501808559375,Castelo Branco,CTB
886,[39074922],39.81345730434783,-7.505531204347825,Castelo Branco,CTB
887,"[39075840, 628953804, 1167089269, 1167089270, 1167089271, 1167089272, 1167089273, 1167089274, 1167089275]",39.80671881428572,-7.512643151428571,Castelo Branco,CTB
888,"[39230074, 1275080022, 1275080023, 1275080026, 1299839073, 1299839080]",38.72421074347826,-9.334153891304348,Cascais,CSC
889,"[39250606, 628953796]",39.833217375,-7.497431165909091,Castelo Branco,CTB
890,"[39251261, 628953794]",39.841098662962956,-7.502532181481483,Castelo Branco,CTB
891,[39251265],39.84292994545455,-7.499165368181818,Castelo Branco,CTB
892,[39251266],39.84242545,-7.50058473181818,Castelo Branco,CTB
893,[39258582],37.159129690476185,-8.616859623809523,Portimão,PTM
894,"[39323961, 167920762, 167920763, 167920777, 1314246238, 1314246239, 1314254799, 1314262705, 1317174806, 1323084922]",38.76796625227273,-9.315513911363634,Sintra,SNT
895,"[39324002, 1314246246, 1314246247, 1314254796, 1314415652, 1314946915, 1315096737, 1320826086]",38.772688368181825,-9.311552336363636,Sintra,SNT
896,[39327023],39.163398828571424,-8.799137304761906,Cartaxo,CTX
897,[39327030],39.15897604166667,-8.793817758333333,Cartaxo,CTX
898,[39327107],39.1660025,-8.798439304545454,Cartaxo,CTX
899,[39343738],38.7688042,-9.37673534,Sintra,SNT
900,[39343822],39.49072137727273,-8.17741715,Abrantes,ABT
901,"[39344442, 943056664, 943056665, 943056666, 943056667, 943056668]",39.67293370476191,-8.142871166666666,Vila de Rei,VLR
902,"[39344527, 943055454, 943055455, 943055456, 943055457, 943055458]",39.67695073913043,-8.142444586956522,Vila de Rei,VLR
903,"[39344952, 874708983, 874708984, 1358864385, 1358864386, 1358864387, 1358864389]",39.80219841,-8.098690305000002,Sertã,SRT
904,[39356119],39.825509618750004,-7.5147433999999995,Castelo Branco,CTB
905,"[39356123, 1167089309, 1167089310, 1167089311, 1167089312, 1167089313]",39.81187680909091,-7.522613400000001,Castelo Branco,CTB
906,"[39356136, 1167089297, 1167089298, 1167089299, 1167089300, 1167089301, 1167089302]",39.809103558064514,-7.525892483870968,Castelo Branco,CTB
907,[39405635],39.81496127826086,-7.502275173913046,Castelo Branco,CTB
908,[39431068],37.15708554705882,-8.559290247058824,Portimão,PTM
909,[39431094],37.15308580000001,-8.550747542105263,Portimão,PTM
910,"[39431795, 1463234973, 1463234974, 1463235026, 1463689002, 1463689003]",37.139270165,-8.546348550000001,Portimão,PTM
911,[39532788],39.82384119375,-7.505491790625,Castelo Branco,CTB
912,[39532790],39.821650704347825,-7.507967765217391,Castelo Branco,CTB
913,[39532797],39.82151780869566,-7.504679691304349,Castelo Branco,CTB
914,[39536377],39.82278508,-7.512823784999999,Castelo Branco,CTB
915,[39537032],39.81016810476191,-7.5008934142857155,Castelo Branco,CTB
916,[39541881],39.805228552380946,-7.5078607619047615,Castelo Branco,CTB
917,[39541887],39.802460419999996,-7.512005885000001,Castelo Branco,CTB
918,[39542455],39.82583003333333,-7.506536325,Castelo Branco,CTB
919,[39550881],39.815397336000004,-7.498793564,Castelo Branco,CTB
920,"[39551080, 1165383669, 1165383670, 1165383671, 1165383672, 1165383673, 1165383674]",39.81029482083333,-7.514308025000001,Castelo Branco,CTB
921,"[39551198, 1165367600, 1165367601, 1165367602, 1165367603, 1165367604, 1165367605]",39.81794985217391,-7.50426515652174,Castelo Branco,CTB
922,[39654862],39.949408918749995,-7.125697418750001,Idanha-a-Nova,IDN
923,[39654868],39.84713399999999,-7.069704700000001,Idanha-a-Nova,IDN
924,[39654870],39.847235124242424,-7.067706412121211,Idanha-a-Nova,IDN
925,[39657380],39.83430739375,-7.15868745625,Idanha-a-Nova,IDN
926,"[39773085, 1080891271, 1084704716]",38.64408983214286,-9.240360103571428,Almada,ALM
927,"[39773094, 1013414715, 1013414716, 1013414759, 1016502414, 1016504210]",38.6441487882353,-9.170385129411764,Almada,ALM
928,"[39780828, 1089787355]",38.64646496086957,-9.242030582608693,Almada,ALM
929,"[39782217, 651822546, 1013414717, 1013414718, 1016502413, 1016504211]",38.64487720526315,-9.172406531578947,Almada,ALM
930,[39821027],39.823714736842106,-7.4690519,Castelo Branco,CTB
931,"[39915752, 940248890, 940248891, 940248892, 940248893, 940248894]",38.81957441363636,-9.119719363636364,Loures,LRS
932,"[39915873, 938804545, 938804546, 938804547, 938804548, 938804549]",38.8180038625,-9.1241955875,Loures,LRS
933,"[39916002, 938804550, 938804551, 938804552, 1007608200]",38.817029352380956,-9.122759747619048,Loures,LRS
934,"[39924869, 1321669998, 1321669999, 1321670000]",41.361199262499994,-8.367455012499999,Santo Tirso,STS
935,[39971380],37.12995515833333,-8.596537441666667,Portimão,PTM
936,"[39987552, 1320094261, 1320094262, 1320094263, 1321669978, 1321669979, 1497986142]",41.363352854545454,-8.401986027272729,Santo Tirso,STS
937,[39991497],37.17365264761904,-7.531129128571429,Vila Real de Santo António,VRS
938,[39991504],37.18016846818181,-7.508349772727272,Castro Marim,CTM
939,"[39991506, 808572467, 808572468, 924865751, 924865752, 924865753]",37.18161115416667,-7.4946468375,Castro Marim,CTM
940,[40035943],40.427957533333334,-8.6392416875,Vagos,VGS
941,[40065538],37.13567551052631,-8.456471521052631,Lagoa,LGA
942,"[40105645, 1321669992, 1321669993, 1321669994, 1321669995]",41.3689555,-8.369292158823528,Guimarães,GMR
943,[40107219],40.4065096125,-8.644766354166668,Cantanhede,CNT
944,[40107220],40.40795344090909,-8.636826813636365,Cantanhede,CNT
945,[40111587],40.23614002173914,-8.490892239130433,Coimbra,CBR
946,[40158099],41.36477269375,-8.3967675875,Santo Tirso,STS
947,"[40214522, 535782735]",38.769277888888894,-9.092750194444445,Lisboa,LSB
948,[40218290],40.428718670833334,-8.664575083333334,Cantanhede,CNT
949,"[40284969, 521314286, 521314287, 521314288, 1118881990]",41.4496811,-8.293336184999998,Guimarães,GMR
950,"[40300373, 1463235008, 1463235009, 1463235010, 1463235011, 1463235012]",37.099012282608705,-8.25674126956522,Albufeira,ABF
951,"[40405039, 1028336233, 1028336234, 1028336235, 1028336236, 1028336237, 1028336238, 1028336239]",41.177719436,-8.561098207999999,Gondomar,GDM
952,[40463329],37.76154878333333,-25.6554699875,Ponta Delgada,PDL
953,[40496304],41.367155193749994,-8.36057600625,Guimarães,GMR
954,"[40496872, 694279236, 1230013770, 1300744240, 1303723622]",38.739575206249995,-9.22134499375,Amadora,AMD
955,"[40544442, 1431471976, 1431471977, 1431471978, 1431471979, 1431471980, 1431471981]",40.51805893043478,-8.082860834782608,Tondela,TND
956,"[40544443, 1431471943, 1431471944, 1431473978, 1431473979, 1461495593]",40.52112596538461,-8.088206523076924,Tondela,TND
957,"[40544445, 1459052294, 1459052295, 1459054504]",40.51496439500001,-8.0905547,Tondela,TND
958,[40544446],40.512661455,-8.078326435,Tondela,TND
959,"[40544447, 1431471941, 1431473967, 1431473980, 1431473981, 1458288537, 1458288538]",40.51932276086957,-8.087593473913044,Tondela,TND
960,"[40551296, 1497986147, 1497998743, 1497998744, 1497998750]",41.36138735,-8.405806345,Santo Tirso,STS
961,"[40590079, 632383201, 632383202, 632383203, 632383204, 632383209, 1174268806]",41.18919692,-8.651568815000001,Matosinhos,MTS
962,[40635239],41.25732421428571,-8.66590725238095,Maia,MAI
963,"[40657085, 1313354989, 1313589927, 1322651108, 1533172831]",41.34664962222222,-8.475297222222224,Santo Tirso,STS
964,"[40657102, 1313856185, 1313856186, 1313856187, 1323685468]",41.345531605263155,-8.472528931578948,Santo Tirso,STS
965,[40657137],41.378111812499995,-8.3115348875,Vizela,VIZ
966,[40726372],38.580342844444445,-9.174720988888888,Almada,ALM
967,"[40751204, 1013414762, 1013414763, 1013414764, 1016097009, 1016097031]",38.65659695714286,-9.172646714285714,Almada,ALM
968,"[40764251, 860309380, 860309381, 860309382, 860310113, 1016423326, 1016423895, 1080877273]",38.600527783333334,-9.187009466666666,Almada,ALM
969,"[40764285, 1016038993, 1016038994, 1016039052, 1016423327, 1016423951, 1081314381, 1081318106]",38.623536316666666,-9.195466411111111,Almada,ALM
970,"[40766552, 1070126611, 1070126613, 1070126617]",38.621585059999994,-9.133763394999999,Seixal,SXL
971,[40802985],37.11811458095238,-7.65108587142857,Tavira,TVR
972,[40810496],37.74530958888889,-25.65019862222222,Ponta Delgada,PDL
973,[40851903],37.1042271,-8.122367923529412,Loulé,LLE
974,"[40860540, 1314407904, 1314407905, 1314415650, 1314415651]",38.77345388571429,-9.30420220952381,Sintra,SNT
975,"[40860545, 1314407906, 1314407907, 1314407908, 1314407909, 1314415648, 1314415649]",38.774604885185184,-9.302802966666668,Sintra,SNT
976,"[40860561, 1314407910, 1314407911]",38.772940105882356,-9.301823464705883,Sintra,SNT
977,[41053895],37.203939250000005,-8.589597549999999,Portimão,PTM
978,[41135546],37.24269869411765,-8.63013767647059,Portimão,PTM
979,[41183695],39.133498768181816,-8.926101386363637,Azambuja,AZB
980,"[41197220, 1331453738, 1334861181, 1334861182]",38.82337033,-9.099954259999999,Loures,LRS
981,"[41197223, 1331453737, 1334861165, 1334861184, 1334861185, 1339046269]",38.82310045909091,-9.098363386363637,Loures,LRS
982,"[41278849, 683626491, 691264826, 1331422086]",38.77720753888889,-9.110062994444444,Lisboa,LSB
983,"[41360339, 1305591032, 1305591033, 1305591035]",38.76550434166666,-9.207667304166668,Amadora,AMD
984,"[41476548, 1230018737, 1237733950, 1237733951]",38.759822022222224,-9.259050605555556,Sintra,SNT
985,[41673629],37.233251240909084,-8.180117586363638,Loulé,LLE
986,"[41673633, 1029158282, 1029158283, 1029158284]",37.25241741875,-8.263261825,Silves,SLV
987,[41673636],37.244391162499994,-8.249654587499998,Silves,SLV
988,[41673638],37.250411117647054,-8.271212923529411,Silves,SLV
989,[41680185],41.539777845833335,-8.401330041666666,Braga,BRG
990,"[41699111, 1487638991, 1487638992, 1487638993, 1487638994, 1487638995, 1487638996]",41.3876790173913,-8.768445143478262,Póvoa de Varzim,PVZ
991,[41736407],41.42470712857143,-8.298666033333332,Guimarães,GMR
992,"[41737310, 1135920701, 1135920702, 1193108811]",41.520169390476184,-8.631224404761905,Barcelos,BCL
993,[41738459],41.500424685,-8.670403055,Barcelos,BCL
994,"[41779466, 525352735, 608022302, 608022303]",41.44457985,-8.294492461111112,Guimarães,GMR
995,"[41842856, 1192356287, 1192356288, 1192356293, 1338316840]",41.38981259375,-8.761811062500001,Póvoa de Varzim,PVZ
996,"[41842858, 1467282921, 1467282922, 1467282923, 1467282924, 1467282925, 1467282926, 1467282927, 1467282928, 1467282929]",41.39395640000001,-8.75756886,Póvoa de Varzim,PVZ
997,[41842912],41.394208750000004,-8.76338549375,Póvoa de Varzim,PVZ
998,[41843464],41.38603341304347,-8.772269391304347,Póvoa de Varzim,PVZ
999,"[41890263, 1467282891, 1467282892, 1467282893, 1472348864, 1472348865]",41.37768341923076,-8.7404589,Póvoa de Varzim,PVZ
1000,"[41890264, 1467282887, 1467282888, 1467282889, 1467282890]",41.37939595238095,-8.740668509523811,Póvoa de Varzim,PVZ
1001,"[42022456, 1193113236, 1193113237, 1193113238, 1193156371]",41.53858406818183,-8.612008036363635,Barcelos,BCL
1002,"[42022458, 1193113240]",41.53647959499999,-8.609460855,Barcelos,BCL
1003,"[42022981, 1193156372, 1193156373]",41.53840362083334,-8.613052575,Barcelos,BCL
1004,"[42023552, 1193108796, 1193108797, 1193108798, 1193108799, 1193156379, 1345701806]",41.53003618571428,-8.610649814285713,Barcelos,BCL
1005,[42050168],41.48004396,-8.701111305000001,Barcelos,BCL
1006,[42083757],41.530834646,-8.625637548,Barcelos,BCL
1007,[42083762],41.532316525,-8.624799275,Barcelos,BCL
1008,"[42110457, 1492587784, 1492587785, 1492587786, 1492587787, 1492587788, 1492587789, 1492587790]",41.3859718125,-8.710359720833333,Vila do Conde,VCD
1009,"[42136346, 1314141953, 1314141954, 1314141955, 1314141957, 1314141958]",38.815026696,-9.33602652,Sintra,SNT
1010,"[42136734, 1331109672, 1331109673, 1331711275, 1331711276]",38.7870641826087,-9.308939991304348,Sintra,SNT
1011,"[42137013, 1290521139, 1345695380, 1345695381]",38.78034945789474,-9.289397194736843,Sintra,SNT
1012,"[42137023, 1290521138, 1345695382, 1345695383]",38.781079647619045,-9.288186371428571,Sintra,SNT
1013,"[42137910, 1290418461, 1317255412, 1317255413]",38.81817591428572,-9.358482214285715,Sintra,SNT
1014,"[42138412, 1290418462, 1317255414, 1317255415]",38.817043818181816,-9.360822595454545,Sintra,SNT
1015,[42159889],39.183151352173915,-9.146277747826087,Alenquer,ALQ
1016,"[42277760, 1498771844, 1498771845, 1498771851]",41.391583068749995,-8.39101116875,Vila Nova de Famalicão,VNF
1017,[42304548],37.124309195,-8.537385565,Portimão,PTM
1018,"[42610705, 1290426451, 1350503573, 1350503574]",40.16354614782609,-8.848036230434781,Figueira da Foz,FIG
1019,"[42703360, 1290426445, 1350503578, 1350503579]",40.164037484210525,-8.872637300000003,Figueira da Foz,FIG
1020,"[42703509, 1070340177, 1070346921, 1070346922]",39.745723839130434,-8.877708921739131,Marinha Grande,MGR
1021,[42704537],39.76336190714285,-8.815117814285715,Leiria,LRA
1022,"[42712232, 1391015472, 1391015473, 1391015474]",38.81687868181818,-9.177726672727273,Loures,LRS
1023,[42714318],40.1554314875,-8.861709720833334,Figueira da Foz,FIG
1024,"[42714324, 1289147767, 1289147768, 1289147769, 1289147770, 1289147771, 1289147772]",40.1599218,-8.858457041176472,Figueira da Foz,FIG
1025,"[42772213, 694100501, 694100502, 1312432759, 1312432760, 1350349230]",40.63338517727273,-8.648766172727273,Aveiro,AVR
1026,"[42772215, 1544628483, 1544628484, 1544628486, 1544841305, 1544841310, 1544841311]",40.627015630769236,-8.64760735,Aveiro,AVR
1027,[42784531],40.167514387500006,-8.86776390625,Figueira da Foz,FIG
1028,[42838452],39.63024909333333,-8.66180404,Ourém,ORM
1029,[42877399],40.162767331249995,-8.83978189375,Figueira da Foz,FIG
1030,[42896772],37.094495594444446,-8.17169958888889,Albufeira,ABF
1031,[42896777],37.07763314166667,-8.128498245833333,Loulé,LLE
1032,[42943489],37.10051223888888,-8.1844556,Albufeira,ABF
1033,[42943490],37.10138469473684,-8.184451368421051,Albufeira,ABF
1034,[42946595],37.08924165,-8.221397779166667,Albufeira,ABF
1035,[42946597],37.08893690000001,-8.227407747619049,Albufeira,ABF
1036,[42946600],37.08651621666667,-8.225971399999999,Albufeira,ABF
1037,[43111362],40.83831366956522,-8.479635247826087,Oliveira de Azeméis,OAZ
1038,[43112267],38.790733645,-9.104481125,Loures,LRS
1039,"[43112273, 1331422054]",38.789104914999996,-9.105936,Loures,LRS
1040,"[43113569, 581103600, 744795737, 744795747]",38.79564681875,-9.096797237499999,Lisboa,LSB
1041,"[43114121, 1331453730, 1331453779]",38.833290194117644,-9.093509476470588,Loures,LRS
1042,[43407767],37.11565072352941,-8.670447841176472,Lagos,LGS
1043,"[43917611, 549789604, 549789605, 549789606, 795639760, 800066660, 1073540661]",38.575014124999996,-7.905465825,Évora,EVR
1044,"[43992907, 778411024, 778411025, 778411026]",39.65535082916667,-8.815565291666667,Batalha,BTL
1045,"[43995301, 800905458, 800905459, 800905460]",39.66221695,-8.82079124090909,Batalha,BTL
1046,[44152717],39.6634685826087,-8.824908400000002,Batalha,BTL
1047,"[44308411, 1473392786]",38.894720590476176,-7.149166895238094,Elvas,ELV
1048,"[44308530, 1467779465]",38.88230877777778,-7.154441438888889,Elvas,ELV
1049,"[44308806, 880750168, 880750169, 1467691957, 1467691958]",38.88492668666666,-7.166161659999999,Elvas,ELV
1050,"[44350982, 798968232, 863185361, 863185362]",39.59964704090908,-8.81980645,Porto de Mós,PMS
1051,"[44741290, 1356436353, 1356436354, 1356436355]",38.588505230434784,-8.999079078260868,Palmela,PLM
1052,"[44741533, 1365457279, 1365457280, 1365457292]",38.5799149,-8.993237959999998,Palmela,PLM
1053,"[45496367, 683281638, 690820494, 690820495, 1441501001, 1441501002]",38.76432721388889,-9.181373602777779,Lisboa,LSB
1054,"[46226513, 1042422298]",38.78020909,-9.224090084999998,Amadora,AMD
1055,"[46226517, 1042422297]",38.78108323157894,-9.22355372631579,Amadora,AMD
1056,"[46343462, 1275792811, 1304000055, 1304000056]",38.784009112,-9.231558732000002,Amadora,AMD
1057,"[46621576, 1383554975, 1383554976, 1383554982, 1383554983, 1383554984, 1383554991, 1383562190, 1385598564, 1385598580]",41.08341733703704,-7.798305537037038,Lamego,LMG
1058,"[46629162, 1305884515, 1305884516, 1305884540]",38.69101511904762,-9.303333176190476,Oeiras,OER
1059,"[46629219, 1329910802, 1329945177, 1329945178]",38.69260633333334,-9.297755566666666,Oeiras,OER
1060,"[46653699, 878005886, 878005887, 1431583393]",40.82095765555556,-7.942183222222222,Castro Daire,CDR
1061,"[46670896, 1082183444, 1082183445, 1433731606, 1433731607, 1433731620]",40.90132242727273,-7.931265827272727,Castro Daire,CDR
1062,"[46737797, 1338636158, 1338636159, 1338665002, 1338665003]",38.731602021875,-9.225440771875,Oeiras,OER
1063,"[46762122, 879594628, 879594629]",41.64981306875,-7.5773854375,Chaves,CHV
1064,"[46762730, 879586110, 879586111, 879586112]",41.49006171818182,-7.648811959090907,Vila Pouca de Aguiar,VPA
1065,[46774765],41.35971610869565,-7.702563995652173,Vila Real,VRL
1066,[46774767],41.35969206190477,-7.700140733333331,Vila Real,VRL
1067,"[46774786, 1080659768, 1350561754, 1350561755]",41.377435545000004,-7.717049665000002,Vila Real,VRL
1068,"[46777822, 1093232537, 1093232538, 1093232539, 1093232540]",41.31434307083333,-7.733295141666666,Vila Real,VRL
1069,"[46835274, 684053274, 692499388, 692499389]",38.771615133333334,-9.153718520833332,Lisboa,LSB
1070,"[46986285, 1290972803, 1290972804, 1290972805, 1349970643, 1349970644]",41.151919595454544,-7.781643736363635,Lamego,LMG
1071,"[47124227, 621959708, 621959709, 621959710, 621959711]",40.692018738095236,-7.912891600000002,Viseu,VIS
1072,"[47148088, 991348961, 992494132, 1189530101, 1235868874, 1235868875, 1298857423]",38.71744891739131,-9.461577726086958,Cascais,CSC
1073,"[47148090, 527358837, 991348962, 991348963, 992494133, 1235868873, 1298857422]",38.72107395652174,-9.46566483478261,Cascais,CSC
1074,"[47148366, 1475933500]",40.836868833333334,-7.730699304761905,Vila Nova de Paiva,VNP
1075,[47172559],37.081021909374996,-8.911530262500001,Vila do Bispo,VBP
1076,"[47200252, 1005096385, 1005096386, 1005096387, 1007943324, 1008003944]",38.79093081304348,-9.194956560869565,Odivelas,ODV
1077,"[47233908, 1337179149, 1337179150, 1337179157, 1339033756]",38.79096725517242,-9.186403410344827,Odivelas,ODV
1078,"[47234725, 1337179151, 1339033754, 1339033755]",38.79003129642857,-9.186380257142856,Odivelas,ODV
1079,"[47396388, 1339546067]",40.660526839999996,-7.885693035,Viseu,VIS
1080,"[47401725, 1465710363, 1466081264, 1466081288, 1466196205, 1466196206, 1466196207]",40.77714534761905,-8.092437576190477,São Pedro do Sul,SPS
1081,[47456806],40.70676553181818,-7.944417122727271,Viseu,VIS
1082,[47457088],40.70329559583333,-7.9426963875,Viseu,VIS
1083,"[47463026, 1465710366, 1465710371, 1465710372, 1466081273, 1466081274]",40.760475709999994,-8.06151113,São Pedro do Sul,SPS
1084,"[47486592, 1466081268, 1466081269, 1466081277, 1466081278]",40.76194401428571,-8.066267409523808,São Pedro do Sul,SPS
1085,"[47486594, 1466081266, 1466081267, 1466081279, 1466081280]",40.76359488260869,-8.06476506956522,São Pedro do Sul,SPS
1086,"[47486659, 1466081272, 1466081275, 1466081276, 1466826772, 1466826773]",40.75335040555556,-8.069387961111111,São Pedro do Sul,SPS
1087,"[47486720, 1411840675]",40.753306678571434,-8.061090907142857,São Pedro do Sul,SPS
1088,"[47573553, 878005890, 878005891, 1082183446, 1433734657, 1433734658, 1433734661, 1452382156]",40.90203863636364,-7.934303913636365,Castro Daire,CDR
1089,"[47577005, 1433731596]",40.91761012,-7.859740884999999,Castro Daire,CDR
1090,[47922984],32.645073330555554,-16.83890423333333,Santa Cruz,SCR
1091,"[48001698, 166775636, 166775637, 204294425]",32.761489940909094,-16.829580786363636,Machico,MCH
1092,"[48064070, 315731131, 315731133, 315731136, 315731137, 829584003, 829584006, 974559143]",32.76933089705882,-17.216305247058823,Calheta,CLT
1093,"[48301542, 991086917, 991328620, 991328621, 991328688, 992531280]",38.72913496153846,-9.404737242307693,Cascais,CSC
1094,"[48301577, 1431473969, 1459052292, 1459052293, 1459054505, 1557639082]",40.512960569565216,-8.08837364347826,Tondela,TND
1095,[48438705],37.770720850000004,-25.584270725,Ribeira Grande,RGR
1096,"[48627398, 166775699, 166775701, 166775708, 166775710, 166775714, 279536001]",32.6749836,-17.064107245,Ribeira Brava,RBR
1097,[48657185],39.61235022291667,-9.064792266666666,Nazaré,NZR
1098,[48711042],39.50391439259259,-9.13654025925926,Alcobaça,ACB
1099,"[48711090, 1052129171, 1052129172, 1052129173, 1334269960]",39.495158210714294,-9.151154807142856,Caldas da Rainha,CLD
1100,"[48719573, 1067203006, 1067203007, 1067203008, 1070053803, 1070241936]",39.44013231923077,-9.129750180769232,Caldas da Rainha,CLD
1101,[48838395],40.515075200000005,-8.077874345454546,Tondela,TND
1102,"[48925881, 1182053695, 1182053698, 1182053700]",39.35718490833333,-9.1579916875,Óbidos,OBD
1103,[49075144],39.23066951538461,-9.26812553076923,Lourinhã,LNH
1104,[49165987],39.17689716842105,-9.321226284210526,Lourinhã,LNH
1105,[49375049],39.22869025263158,-9.228005342105261,Lourinhã,LNH
1106,[49449112],37.81761178947369,-25.53042350526316,Ribeira Grande,RGR
1107,[49449116],37.819152228,-25.531660911999996,Ribeira Grande,RGR
1108,[49449118],37.81519524736842,-25.52758805263158,Ribeira Grande,RGR
1109,[49454085],37.80537359047618,-25.533563609523814,Ribeira Grande,RGR
1110,"[49723029, 778411030, 778411031, 778411032]",39.63671896666667,-8.719613427272726,Batalha,BTL
1111,"[49841557, 807405031]",39.624423195000006,-8.7126316,Batalha,BTL
1112,[49876201],39.48361154782609,-8.633538073913043,Torres Novas,TNV
1113,"[49944940, 1106620601, 1106620602, 1106620603]",39.412731066666666,-9.133959512121212,Caldas da Rainha,CLD
1114,[49944959],39.39774647575757,-9.137511242424242,Caldas da Rainha,CLD
1115,"[49982655, 1346898313, 1346898314, 1346898315, 1348937311, 1348937312, 1348937313, 1348937314]",41.12501400000001,-8.598415782608695,Vila Nova de Gaia,VNG
1116,"[50014281, 1182053709, 1182053710, 1182053711]",39.352106320000004,-9.159484588,Óbidos,OBD
1117,[50090037],39.25083378333333,-9.31375445,Lourinhã,LNH
1118,[50090054],39.24202511052631,-9.309142242105262,Lourinhã,LNH
1119,[50091859],39.24131502272727,-9.30463505909091,Lourinhã,LNH
1120,[50093132],39.23875092222222,-9.286536344444444,Lourinhã,LNH
1121,"[50323857, 809147027, 809147028]",38.1680964,-7.889873568181818,Cuba,CBA
1122,"[50326741, 809147030, 839982551, 839982552]",38.162301355555556,-7.892031651851852,Cuba,CBA
1123,[50521697],38.00993785217392,-7.8736202869565215,Beja,BJA
1124,[50521705],38.009325825,-7.876688146875,Beja,BJA
1125,[50521716],38.0256458,-7.8751004,Beja,BJA
1126,"[50602709, 1162650389]",38.012738604545454,-7.8576872545454535,Beja,BJA
1127,[50602710],38.002917105882354,-7.866437097058824,Beja,BJA
1128,[50602722],38.00981068695653,-7.862110534782608,Beja,BJA
1129,[50602727],38.010646970833335,-7.854888720833333,Beja,BJA
1130,"[50899873, 1083067923, 1083067924, 1083067947]",37.958807830434786,-8.8571306,Sines,SNS
1131,"[50921869, 1083067883]",37.9551482625,-8.85505559375,Sines,SNS
1132,"[50921871, 1083067882]",37.95412789444444,-8.853431105555554,Sines,SNS
1133,"[50967954, 651821191]",41.71031102692309,-8.847229330769231,Viana do Castelo,VCT
1134,"[51049571, 651821192]",41.714897153333325,-8.849379336666665,Viana do Castelo,VCT
1135,"[51181690, 249355808, 653706489, 653706491, 653706492]",37.80040903043478,-8.671850739130434,Santiago do Cacém,STC
1136,"[51181705, 870918918, 870918919, 1073629165, 1073629166, 1073629167, 1073629168]",38.066635878260875,-8.118750782608695,Ferreira do Alentejo,FAL
1137,"[51181706, 870918916, 870918917]",38.06335708461538,-8.120293476923077,Ferreira do Alentejo,FAL
1138,"[51181708, 870918914, 870918915]",38.05707694444445,-8.120297511111112,Ferreira do Alentejo,FAL
1139,"[51181710, 840715026, 840715027, 840715028]",38.03511500434783,-8.289183026086958,Ferreira do Alentejo,FAL
1140,[51181716],38.03962086857143,-7.919773374285714,Beja,BJA
1141,[51183933],38.005623962499996,-7.86533113125,Beja,BJA
1142,[51184690],38.17020824827586,-7.893805048275862,Cuba,CBA
1143,"[51187286, 1530393307, 1530393308, 1530393309, 1530393310, 1530393311]",41.693381206249995,-8.84792983125,Viana do Castelo,VCT
1144,[51187291],41.701268492,-8.847911872,Viana do Castelo,VCT
1145,[51187494],41.69551334090909,-8.837989159090908,Viana do Castelo,VCT
1146,"[51203053, 1117234756, 1117234757, 1117234758, 1117234759, 1498202786, 1498202797]",41.337285369565215,-8.559620004347828,Trofa,TRF
1147,"[51228960, 440117214, 461925681, 643196097, 1185149789, 1185149790, 1185149791]",41.17652770285715,-8.607314105714286,Porto,PRT
1148,"[51281553, 621730497, 621730500, 621730504, 621730507, 1353539529]",40.646228555,-7.869066515,Viseu,VIS
1149,[51366705],38.0575641,-8.119008970833333,Ferreira do Alentejo,FAL
1150,"[51425233, 1463234966, 1463234967, 1463234968]",37.12754088333334,-8.315712372222222,Silves,SLV
1151,[51431355],37.09968896666667,-8.271588154166666,Albufeira,ABF
1152,[51480223],37.124738308333335,-8.29715125,Albufeira,ABF
1153,[51500889],37.07625002222223,-8.282071016666668,Albufeira,ABF
1154,"[51503985, 775146741, 775146742, 775146743, 872758409]",39.75586428695653,-8.815969430434782,Leiria,LRA
1155,"[51512322, 631351579, 631351582, 673207771, 673207772, 686377385, 686377386, 686377387, 686377388]",38.78148332777778,-9.155498974999999,Lisboa,LSB
1156,[51517421],37.08269610625,-8.26043820625,Albufeira,ABF
1157,"[51536593, 781813388, 781813389, 781813396]",39.764204186956526,-8.809572365217392,Leiria,LRA
1158,"[51536596, 781659463, 781659464, 781659465]",39.763332339130436,-8.798778743478262,Leiria,LRA
1159,"[51598357, 683831615, 693803580, 693803581, 887388815, 887388816]",38.73782639375,-9.21407445625,Amadora,AMD
1160,[51613940],41.70331382380953,-8.81859521904762,Viana do Castelo,VCT
1161,[51696025],37.084228825000004,-8.262291834999997,Albufeira,ABF
1162,"[51729940, 1481666563, 1481666564, 1481666565, 1533829788]",37.087734366666666,-8.31698275714286,Albufeira,ABF
1163,[51729975],37.08805155454546,-8.320929354545456,Albufeira,ABF
1164,"[51738359, 1481666557, 1481666558, 1481666559]",37.09059014285714,-8.32663410952381,Albufeira,ABF
1165,[51747011],37.09507106875,-8.3192816,Albufeira,ABF
1166,"[51749281, 673231659, 673231881, 680781671, 1314275108, 1314275109]",38.726371605000004,-9.209855555,Amadora,AMD
1167,"[51793794, 1000887625, 1000887626, 1000887627]",39.66880816956522,-8.998575921739132,Alcobaça,ACB
1168,[51797350],38.17760822380952,-8.57796135238095,Grândola,GDL
1169,[51960912],38.020324179166664,-7.870875066666667,Beja,BJA
1170,"[51960918, 1162650390, 1533217544, 1533217545, 1533217546, 1533217547]",38.0168614875,-7.8590154000000005,Beja,BJA
1171,"[51960921, 1162650391, 1533217541, 1533217542, 1533217543]",38.0171038,-7.858531211764706,Beja,BJA
1172,"[51960924, 1162650393]",38.01900890000001,-7.853338772727272,Beja,BJA
1173,"[51960926, 1162650394]",38.020309289655174,-7.847656641379309,Beja,BJA
1174,[52037587],37.08090918235294,-8.31565395882353,Albufeira,ABF
1175,[52046034],37.7321702,-8.458345668421053,Odemira,ODM
1176,[52047237],38.16931847619047,-8.554894347619047,Grândola,GDL
1177,"[52205732, 495223179, 495223180, 495223181]",40.875157905,-8.673971804999999,Ovar,OVR
1178,"[52205734, 493233821, 493233824, 493233825, 493233826, 493233827, 493233828, 493233829]",40.86529629047619,-8.656705428571428,Ovar,OVR
1179,"[52348622, 1490521350, 1490521351, 1490521352, 1490521353, 1490521354, 1490521355, 1490521356, 1490521357]",40.92235762,-8.563721328,Santa Maria da Feira,VFR
1180,"[52348661, 1120967687, 1120967688]",40.93855798260869,-8.540488552173912,Santa Maria da Feira,VFR
1181,"[52348677, 1120967685, 1120967686]",40.93945559130435,-8.539057117391303,Santa Maria da Feira,VFR
1182,"[52349940, 1359124818, 1359124819, 1359124820]",40.96937886896552,-8.538028006896553,Santa Maria da Feira,VFR
1183,[52381630],37.51249865,-8.167689077777778,Almodôvar,ADV
1184,[52381650],37.51133415625,-8.06656735,Almodôvar,ADV
1185,[52384941],37.520521475,-8.17285456,Almodôvar,ADV
1186,"[52397698, 937416622, 937416623, 937416624, 937416625, 937416626, 937416627, 937416628]",38.85377547391304,-9.14666725652174,Loures,LRS
1187,[52397806],38.85759162352941,-9.140127323529411,Loures,LRS
1188,"[52414165, 1019420802, 1019428630, 1019428631, 1083746144, 1083748446, 1381806309]",38.56107145,-9.038798045833333,Sesimbra,SSB
1189,"[52414168, 1018367494, 1018367495, 1018367503, 1083746143, 1083748445, 1361732470]",38.565535668421056,-9.041217547368422,Sesimbra,SSB
1190,"[52429748, 1013414729, 1016038995, 1016039046, 1016039047]",38.62329647804878,-9.198847258536587,Almada,ALM
1191,"[52429990, 1013414737, 1013414738, 1013414739, 1079193756, 1315454810]",38.62648780625,-9.203081875,Almada,ALM
1192,"[52429998, 1013414736, 1081634413, 1081634414]",38.62598218571429,-9.202861176190474,Almada,ALM
1193,"[52441449, 181811789, 181811840, 181811861]",32.7127041,-17.152709947619044,Calheta,CLT
1194,"[52481817, 1365457283, 1365457290, 1551615220]",38.58717992962963,-9.021074044444445,Barreiro,BRR
1195,"[52523324, 158499902, 158499921, 158499924, 158499927, 158499935, 1307787312]",38.53147798249999,-8.8972140675,Setúbal,STB
1196,"[52530690, 983735834, 983735835, 983735836, 983735837, 983735838, 983735839, 983735840]",38.861144681249996,-9.1230206125,Loures,LRS
1197,[52616718],38.86324282380953,-9.083063714285712,Vila Franca de Xira,VFX
1198,"[52616742, 1334916246, 1337997950]",38.85827281052632,-9.078083947368421,Vila Franca de Xira,VFX
1199,"[52721599, 1291072733, 1335852068, 1335852069, 1342769398, 1342769399]",38.87146501428572,-9.055410528571429,Vila Franca de Xira,VFX
1200,[52829614],37.14784355652174,-7.605043382608696,Tavira,TVR
1201,[52829618],37.140631375,-7.638908140000001,Tavira,TVR
1202,"[52833222, 1481652952, 1481652953, 1481652954]",37.060520092000004,-8.026977736,Loulé,LLE
1203,[52833226],37.05814994166666,-8.0228239125,Loulé,LLE
1204,[52833230],37.05188590416667,-8.019130554166665,Loulé,LLE
1205,"[52833233, 1481653372, 1481653373, 1481653374]",37.061526355,-8.049326615000002,Loulé,LLE
1206,"[52833236, 1481652992, 1481652993, 1481652994]",37.06168829,-8.046079600000002,Loulé,LLE
1207,"[52926637, 1016953323, 1016953324, 1016953325]",41.187394807692314,-8.685731258974357,Matosinhos,MTS
1208,"[53048903, 166775806, 166775816, 167241045, 568554873, 568554973, 568555080, 568555082]",32.646204665384616,-16.924136215384614,Funchal,FNC
1209,"[53049523, 991368548, 991372699, 991372700]",38.73678768,-9.40546596,Cascais,CSC
1210,[53051963],38.734633395,-9.40623544,Cascais,CSC
1211,[53053785],38.73645056666667,-9.402292346666666,Cascais,CSC
1212,"[53082978, 1389404051]",38.729246225000004,-9.408049575,Cascais,CSC
1213,"[53085516, 1120967692, 1120967693, 1120967721]",40.92568151666667,-8.547765666666667,Santa Maria da Feira,VFR
1214,"[53087099, 1120967694, 1379196551, 1546370936]",40.926052977272725,-8.552313727272727,Santa Maria da Feira,VFR
1215,"[53087882, 1120967722, 1120967723, 1379196547]",40.92574896190475,-8.541145523809524,Santa Maria da Feira,VFR
1216,[53095201],40.92058003333333,-8.564277372222222,Santa Maria da Feira,VFR
1217,[53096039],38.74129044285714,-9.405576647619048,Cascais,CSC
1218,"[53115731, 1278664086, 1278664087, 1278664105, 1284514621, 1305591013, 1305591014, 1305591015]",38.74507734444445,-9.226419866666667,Amadora,AMD
1219,[53119879],38.75449486190477,-9.16052658095238,Lisboa,LSB
1220,"[53155249, 741799706, 747183977, 747183978]",41.190989539130435,-8.518602026086956,Gondomar,GDM
1221,"[53187233, 166775761, 166775769, 166775791, 166775798]",32.68874791304348,-16.788097178260873,Santa Cruz,SCR
1222,"[53187245, 166775740, 315925853, 315925881]",32.671928595454546,-16.883003695454548,Funchal,FNC
1223,"[53411578, 314162158, 314162162, 314162166, 760403506, 1192351795, 1349836808, 1489464125]",41.539797234999995,-8.781710015,Esposende,EPS
1224,"[53425716, 760403505]",41.540146140000004,-8.786681345,Esposende,EPS
1225,"[53425725, 760403497]",41.532273517647056,-8.783141417647059,Esposende,EPS
1226,"[53601622, 1272541751]",38.61621984210526,-9.117139378947368,Seixal,SXL
1227,[53805117],39.410095136363644,-7.623061268181818,Nisa,NIS
1228,[53805126],39.4154002625,-7.6213913375,Nisa,NIS
1229,[53805129],39.41100195909091,-7.622764031818181,Nisa,NIS
1230,[53809075],39.43968436451613,-9.220837641935484,Caldas da Rainha,CLD
1231,"[53812340, 1106444359, 1106444360, 1106444363]",39.43207879090908,-9.217152850000002,Caldas da Rainha,CLD
1232,"[53813448, 1531896273]",39.03289487894737,-8.97017384736842,Alenquer,ALQ
1233,"[53815031, 683284804, 686083094, 686083095]",38.77329405,-9.125712627272726,Lisboa,LSB
1234,"[53815043, 683284805, 686083092, 686083093]",38.780283857142855,-9.125151447619048,Lisboa,LSB
1235,"[53816555, 1342769381, 1342769382, 1342769385]",38.83546985714286,-9.077053200000002,Loures,LRS
1236,"[53820144, 1317425963]",39.24025338,-8.707891929999999,Santarém,STR
1237,"[53825471, 1307128040, 1307128041, 1307128056, 1314946920, 1315096733, 1315096734, 1315104204]",38.78232750434782,-9.319607352173913,Sintra,SNT
1238,"[53836593, 1106599950, 1106599951, 1106599952]",39.41738150434782,-9.169059352173912,Caldas da Rainha,CLD
1239,"[53836595, 1106607434, 1106607435, 1106607436]",39.407098630000014,-9.155997900000001,Caldas da Rainha,CLD
1240,"[53862309, 992086272, 992086273, 992086291, 1275025299, 1275025334]",38.70862638181818,-9.422002322727273,Cascais,CSC
1241,"[53862312, 991368532, 1298845997, 1298845998, 1298846001]",38.72014585,-9.4181029,Cascais,CSC
1242,[53878046],39.41216047058824,-9.128307341176471,Caldas da Rainha,CLD
1243,"[54039961, 232429270, 1275025331, 1275025332]",38.732974273684206,-9.414660268421052,Cascais,CSC
1244,"[54039963, 232429247, 232429248, 232429249, 232429250, 1275025320]",38.73119574090909,-9.414565259090908,Cascais,CSC
1245,"[54113799, 1106178323, 1106178324, 1106178325, 1367977006]",39.61165806000001,-8.659702605000001,Ourém,ORM
1246,"[54113807, 777390981, 777390982, 1106161803]",39.60394032272727,-8.65642389090909,Ourém,ORM
1247,[54118036],39.29564748461539,-7.430350576923079,Portalegre,PTG
1248,"[54359842, 1335137678, 1335137679, 1335137686, 1337998248, 1337998259]",38.90219676,-9.039760108000001,Vila Franca de Xira,VFX
1249,"[54567945, 1544841290, 1544841291, 1544841292, 1544841293]",40.639861465,-8.726030365000002,Ílhavo,ILH
1250,"[54567947, 1544841294, 1544841295, 1544841296]",40.63315523636363,-8.729135927272726,Ílhavo,ILH
1251,"[54568448, 95117789, 95117798, 95117807, 1346936365, 1346936366]",41.125065289999995,-8.60794432,Vila Nova de Gaia,VNG
1252,"[54568692, 1545828589]",40.64283915625,-8.747158850000002,Ílhavo,ILH
1253,"[54623976, 1515438501]",39.46870076315789,-8.534044878947368,Torres Novas,TNV
1254,[54653357],41.574148334782606,-8.268113304347825,Póvoa de Lanhoso,PVL
1255,"[54664543, 741788906, 743533010, 743533011, 1557815215, 1557815216, 1557815217, 1557815218]",41.19400727894737,-8.493185342105264,Valongo,VLG
1256,"[54664938, 95435452, 95435486, 95435520, 1109874835, 1109874836, 1109874837]",38.789743316129034,-9.147298674193548,Lisboa,LSB
1257,[54669489],37.105829799999995,-8.187157655555556,Albufeira,ABF
1258,"[54669646, 1427125186, 1427125187, 1481666570, 1481666571, 1533829790, 1550595457]",37.095734658333335,-8.2243222125,Albufeira,ABF
1259,"[54670528, 1463235031, 1463235032, 1463235035]",37.118219333333336,-8.246695345833333,Albufeira,ABF
1260,"[54670536, 1463235030, 1463430727]",37.12004854285715,-8.245723680952382,Albufeira,ABF
1261,"[54723699, 1106607437, 1106607438, 1106607439]",39.406518704545455,-9.15304865,Caldas da Rainha,CLD
1262,"[54729592, 1070411625, 1070414503, 1070414504, 1070414505, 1205366203]",39.34542736086956,-9.34142421304348,Peniche,PNI
1263,"[54733442, 315925845, 454272093]",32.67010642352941,-16.882795647058828,Funchal,FNC
1264,[54746400],41.38204502727273,-8.359531300000002,Guimarães,GMR
1265,[54773829],41.19002335454545,-8.144724200000002,Marco de Canaveses,MCN
1266,[54773832],41.191421909999995,-8.145044610000001,Marco de Canaveses,MCN
1267,"[54812803, 237713095, 237713504, 237713508, 1117624268, 1361115365, 1361115366, 1460834331, 1546370941]",40.89420468055556,-8.493550658333334,São João da Madeira,SJM
1268,[54904359],39.35704075454545,-9.376565913636364,Peniche,PNI
1269,[54905653],39.36284257619047,-9.375185066666665,Peniche,PNI
1270,[54931869],39.35670041904762,-9.378281161904761,Peniche,PNI
1271,"[54932250, 1314009730, 1314009731, 1479876913]",38.781429019047614,-9.3238857,Sintra,SNT
1272,"[54932408, 1275417668, 1275417669, 1275417712, 1313862908, 1314009729, 1315595149, 1328679158]",38.79501550416666,-9.337416775,Sintra,SNT
1273,[55046393],37.758208604761904,-25.664351628571428,Ponta Delgada,PDL
1274,"[55082447, 1290418463, 1317255416, 1317255417, 1347888532, 1347888534]",38.8143392,-9.363315644,Sintra,SNT
1275,"[55272282, 1044792462, 1044792463, 1044792464, 1069000691]",39.50506567083334,-9.130098270833335,Alcobaça,ACB
1276,"[55312838, 1427125179, 1427125188]",37.097062933333326,-8.224446279166667,Albufeira,ABF
1277,[55312843],37.104904985000005,-8.23005771,Albufeira,ABF
1278,[55351089],37.776611784848484,-25.57814117272727,Ribeira Grande,RGR
1279,"[55407803, 1312927855]",38.72847234545455,-9.217023527272728,Amadora,AMD
1280,[55467638],37.11596260952381,-8.229497842857143,Albufeira,ABF
1281,"[55490970, 1499588149]",41.43967071904761,-8.308110304761904,Guimarães,GMR
1282,"[55604433, 583817445, 583817446, 1009285811, 1009285812, 1010030159, 1010030160, 1010030161, 1010030162]",41.18541604444445,-8.66224813611111,Matosinhos,MTS
1283,"[55617027, 1410533198]",41.59756957222223,-8.432270516666668,Braga,BRG
1284,"[55640985, 851722594, 851722595, 851722596]",39.65071591290322,-8.983601603225809,Alcobaça,ACB
1285,"[55679287, 963792391, 1497553197, 1497553198]",39.613347999999995,-9.0701428125,Nazaré,NZR
1286,"[55681094, 1044806175, 1044806176, 1044806177, 1069000692, 1070295646]",39.515649372727275,-9.125500568181819,Alcobaça,ACB
1287,"[55681097, 1527982689]",39.51491072380952,-9.126657,Alcobaça,ACB
1288,"[55687476, 232429276, 793630415, 793630416, 793630424, 793630425, 991328649, 992346314]",38.70454344545454,-9.434397913636362,Cascais,CSC
1289,"[55687480, 1298935667, 1299856729, 1299856730, 1386544752]",38.701491015,-9.434060965,Cascais,CSC
1290,[55875268],38.9638359,-9.41624815,Mafra,MFR
1291,"[55875302, 1317255400, 1347919936]",38.866143758823526,-9.314303464705882,Sintra,SNT
1292,"[56211676, 1190932153, 1190932154]",41.201555047619046,-8.698082466666666,Matosinhos,MTS
1293,"[56211682, 1378718665, 1378718666, 1378718705]",41.21687761818182,-8.683509372727274,Matosinhos,MTS
1294,[56759793],39.261872231999995,-9.158509804,Bombarral,BBR
1295,[56997514],40.19060805714285,-8.40545104761905,Coimbra,CBR
1296,[57043427],40.19325291818182,-8.41150064090909,Coimbra,CBR
1297,[57377672],41.35849973043478,-8.189719556521739,Felgueiras,FLG
1298,[57377705],41.36958200833333,-8.203831775,Felgueiras,FLG
1299,[57547404],40.176715768,-8.456361376,Coimbra,CBR
1300,[57547459],40.17779662272727,-8.462554154545455,Coimbra,CBR
1301,[57547506],40.17900976470588,-8.466419023529411,Coimbra,CBR
1302,[57547526],40.18059814761905,-8.471407323809524,Coimbra,CBR
1303,"[57718898, 1313862902, 1313862903, 1313862904]",38.78439504166666,-9.330207233333333,Sintra,SNT
1304,"[57718905, 1313862907]",38.7934196952381,-9.335341957142857,Sintra,SNT
1305,"[57718908, 1313862905, 1313862906, 1314946921]",38.781890114999996,-9.330881589999999,Sintra,SNT
1306,"[57718995, 1314141983, 1314141984, 1314946923, 1314946924, 1315595154, 1328679160]",38.78268969523809,-9.33727141904762,Sintra,SNT
1307,"[57748338, 1333185184, 1333185185, 1333185186]",40.19536966785715,-8.450555057142857,Coimbra,CBR
1308,[57754997],40.21433722916667,-8.445808175000002,Coimbra,CBR
1309,"[57931569, 1544841304]",40.610558714285716,-8.631090861904763,Aveiro,AVR
1310,[57932018],40.552827755,-8.717769805,Vagos,VGS
1311,[57932027],40.55275980909091,-8.67766985909091,Vagos,VGS
1312,[57939192],40.54894046666667,-8.664663352380952,Vagos,VGS
1313,[57939268],40.545165726923074,-8.645432176923077,Vagos,VGS
1314,[57939352],40.54153164,-8.636162665,Vagos,VGS
1315,[58043199],40.17506536666667,-8.402669461904761,Coimbra,CBR
1316,[58242436],40.195463321052635,-8.396708489473683,Coimbra,CBR
1317,[58336165],40.22270291818182,-8.415045454545455,Coimbra,CBR
1318,[58336181],40.224895415000006,-8.41494234,Coimbra,CBR
1319,[58338485],40.216824224999996,-8.39829285,Coimbra,CBR
1320,[58671756],38.711062977777786,-9.3272586,Cascais,CSC
1321,[58671758],38.71301294736841,-9.326390626315792,Cascais,CSC
1322,[58865949],40.20463973157895,-8.412880536842106,Coimbra,CBR
1323,"[58919590, 1328827191, 1328827192]",40.20206363846153,-8.398936784615385,Coimbra,CBR
1324,"[59088164, 125347585, 125539542, 603155923]",40.53392333125,-7.27151525625,Guarda,GRD
1325,[59088200],40.548945886956524,-7.248508686956519,Guarda,GRD
1326,[59088201],40.5417218,-7.2638471000000004,Guarda,GRD
1327,[59088235],40.53441575454545,-7.262870827272726,Guarda,GRD
1328,[59088236],40.55013209444444,-7.246147916666668,Guarda,GRD
1329,[59088261],40.552202,-7.240773857142857,Guarda,GRD
1330,"[59088289, 125347587, 422242269, 422242270, 422242272, 422242273, 422242274, 422242275]",40.53854371052631,-7.265459421052633,Guarda,GRD
1331,[59088299],40.539367771428566,-7.261489714285714,Guarda,GRD
1332,"[59090843, 1317255403, 1317255404]",38.86057815,-9.33253373,Sintra,SNT
1333,"[59151129, 1331632413, 1331632414, 1331632415]",40.20278300526316,-8.444663026315789,Coimbra,CBR
1334,"[59213609, 1122931679, 1122931680, 1122931681]",41.25986771875,-8.70290748125,Matosinhos,MTS
1335,"[59213614, 1122931682, 1122931683, 1122931684]",41.25978524375,-8.70087190625,Matosinhos,MTS
1336,"[59228435, 1016994305, 1016994306, 1016994307, 1016994308]",41.22796297037038,-8.697937855555555,Matosinhos,MTS
1337,[59363916],41.78711811428572,-8.602311719047616,Ponte de Lima,PTL
1338,[59363918],41.78438166666666,-8.601772528571429,Ponte de Lima,PTL
1339,"[59392444, 1481097581, 1481097582, 1548176819, 1548176820]",40.26607627727272,-8.504150604545456,Cantanhede,CNT
1340,"[60264705, 774750928, 774750929, 774750930, 1068949287]",39.71458396666666,-8.832200412499999,Leiria,LRA
1341,"[60578954, 1162650387, 1533217537, 1533217540]",38.00959529130435,-7.859353404347826,Beja,BJA
1342,"[60579381, 586034723, 809147062, 809147063]",38.01284097368421,-7.861352252631579,Beja,BJA
1343,[60579383],38.01468101052632,-7.862870605263158,Beja,BJA
1344,[60615385],39.26222555499999,-9.15677274,Bombarral,BBR
1345,"[60649817, 61595352, 221340079]",38.008616054545456,-7.865994,Beja,BJA
1346,"[60793930, 1162650392]",38.01639251818182,-7.857308949999998,Beja,BJA
1347,[60835258],38.021742954054055,-7.8632209729729725,Beja,BJA
1348,[60835261],38.02175447333334,-7.863283996666667,Beja,BJA
1349,"[61113374, 1284998949, 1284998950, 1284998951, 1288764603, 1311311789, 1311311790]",41.206094050000004,-8.335499660714285,Paredes,PRD
1350,"[61113380, 1284998961, 1284998962, 1284998963, 1284998964, 1309130484]",41.20457305909091,-8.324657672727271,Paredes,PRD
1351,[61236580],39.82815783636364,-7.5317245090909095,Castelo Branco,CTB
1352,[61236585],39.824635604545456,-7.519486672727274,Castelo Branco,CTB
1353,[61236586],39.82865214545455,-7.53336576818182,Castelo Branco,CTB
1354,"[61479218, 1028761628, 1028761629, 1028761630]",37.06862148636364,-8.102744550000002,Loulé,LLE
1355,"[61479220, 1028758485, 1028758486, 1028758487]",37.067337313043474,-8.099610408695654,Loulé,LLE
1356,"[61479893, 1028761638, 1028761639, 1028761640, 1481655713]",37.0716938,-8.107437831818181,Loulé,LLE
1357,[61492650],37.13574806363636,-8.03204029090909,Loulé,LLE
1358,"[61567074, 1013950126, 1025048521, 1042115339, 1044397162]",38.53003109333334,-8.890190693333333,Setúbal,STB
1359,[61569098],38.01154472499999,-7.867208756249999,Beja,BJA
1360,[61673150],40.96176300526316,-8.610367821052632,Ovar,OVR
1361,[61675531],40.97207881176471,-8.608717288235294,Ovar,OVR
1362,[61729933],39.83155446818183,-7.490614372727273,Castelo Branco,CTB
1363,[61729941],39.83260199047619,-7.489907219047619,Castelo Branco,CTB
1364,[61738613],37.10013749473684,-8.705672321052631,Lagos,LGS
1365,[61738625],37.09874868636363,-8.70561039090909,Lagos,LGS
1366,"[61756651, 1480607346, 1480607347, 1480607348, 1480607349]",40.9562904,-8.653246965,Ovar,OVR
1367,[61795032],40.956739890909084,-8.645908495454545,Ovar,OVR
1368,"[61795043, 1212893607, 1212893608, 1377250896, 1536658212]",40.95695754545454,-8.642745254545453,Ovar,OVR
1369,"[61801110, 1320159353]",40.61076751428571,-6.829618504761904,Almeida,ALD
1370,"[61813917, 1545846964, 1545846965, 1545846970]",40.94911521304348,-8.606472247826087,Ovar,OVR
1371,[61845198],37.12182167272727,-8.223629036363638,Albufeira,ABF
1372,[61845205],37.116696445,-8.228414955000002,Albufeira,ABF
1373,[61993208],39.820322475000005,-7.509624129166667,Castelo Branco,CTB
1374,[61993211],39.820471956521736,-7.512984330434784,Castelo Branco,CTB
1375,"[62028317, 1167725026, 1167725027, 1167725028, 1167725029]",39.83033194444445,-7.481672425925927,Castelo Branco,CTB
1376,"[62028319, 628953798]",39.82880982631579,-7.4947315473684215,Castelo Branco,CTB
1377,"[62046439, 495236391, 810576751, 957600814, 1225081814, 1225081815, 1225081816]",37.08353917368421,-8.912352421052631,Vila do Bispo,VBP
1378,"[62075488, 62075490, 223287718, 223291868, 1009285804, 1009285805, 1009285806, 1009285807, 1009285808, 1009285809, 1009285810, 1010030163]",41.179946308571424,-8.657714297142858,Matosinhos,MTS
1379,[62091468],37.23282274444445,-8.63890321111111,Portimão,PTM
1380,[62091473],37.148049182608695,-8.54691182173913,Portimão,PTM
1381,[62091477],37.244516442105265,-8.624757905263158,Portimão,PTM
1382,"[62192923, 237716587]",40.907332095238104,-8.485976571428571,São João da Madeira,SJM
1383,[62192926],40.905082423809525,-8.485218361904762,São João da Madeira,SJM
1384,[62194212],40.912297835000004,-8.48859324,São João da Madeira,SJM
1385,[62194213],40.91515029,-8.489262190000002,São João da Madeira,SJM
1386,[62194216],40.914673115,-8.488770794999999,São João da Madeira,SJM
1387,[62194226],40.91343038,-8.488798325000001,São João da Madeira,SJM
1388,[62194230],40.911270963157904,-8.489350547368423,São João da Madeira,SJM
1389,"[62216268, 686049271, 686049276, 686049277, 1225962629, 1427125174]",37.0918809,-8.239916404166665,Albufeira,ABF
1390,[62225642],39.73515411499999,-8.784951615,Leiria,LRA
1391,"[62225664, 766803109, 766803110, 766803111]",39.734325221739134,-8.77433537826087,Leiria,LRA
1392,"[62225676, 784994162, 784994163, 784994165, 784994166, 784994167, 784994168]",39.740521352,-8.737269492000001,Leiria,LRA
1393,[62406961],41.76297183846154,-7.483618307692307,Chaves,CHV
1394,"[62503344, 814007219, 814007220, 814007221, 1068949286]",39.71552774571429,-8.830989425714286,Leiria,LRA
1395,"[62574175, 237704344, 237704354, 237713094, 237713096, 1182556022, 1449251058]",40.89727768,-8.49304674,São João da Madeira,SJM
1396,"[62574205, 1117622701, 1117624264, 1117624265, 1448676786, 1448678355, 1448678356, 1459374484]",40.89537329130435,-8.48506637826087,São João da Madeira,SJM
1397,"[62574211, 1117622700, 1448678353, 1448678354]",40.89653358333334,-8.486760008333333,São João da Madeira,SJM
1398,"[62599630, 1117622702, 1117624262, 1117624263, 1463900121]",40.89361692857143,-8.479794609523807,São João da Madeira,SJM
1399,"[62599634, 1117622703, 1117624260, 1117624261]",40.893671157142855,-8.478124542857143,São João da Madeira,SJM
1400,[62599723],40.89609372105263,-8.4836531,São João da Madeira,SJM
1401,"[63893409, 1378682508, 1490521358, 1490521359, 1490521360]",40.922534729411765,-8.502906294117645,Santa Maria da Feira,VFR
1402,[63997644],41.17766655,-8.574783825,Porto,PRT
1403,"[64095834, 771500275, 771500276, 771503969]",39.83308007826087,-8.880620073913043,Leiria,LRA
1404,"[64095902, 771475705]",39.851333008695654,-8.869152460869566,Leiria,LRA
1405,[64096062],39.850547230000004,-8.859947674999999,Leiria,LRA
1406,"[64097556, 842193975, 842193976, 842193977]",39.8063268095238,-8.913261352380955,Marinha Grande,MGR
1407,[64181682],40.8543432875,-8.3905508625,Vale de Cambra,VLC
1408,[64442083],38.489597986956525,-8.901051686956523,Grândola,GDL
1409,[64738719],38.01800157142858,-7.8505102809523795,Beja,BJA
1410,[64738726],38.01844539230769,-7.853186726923076,Beja,BJA
1411,[65048951],40.918339020000005,-8.497380075,Santa Maria da Feira,VFR
1412,"[65416481, 1347073680, 1347073681, 1383554972, 1383554993, 1383554994]",41.0912747125,-7.7992159333333335,Lamego,LMG
1413,[65582930],40.20224392380952,-8.240196738095237,Vila Nova de Poiares,PRS
1414,"[65633754, 784069088, 784069089, 784069090, 784069091, 784069092, 784069093, 784069094]",37.13587597826086,-8.522782534782609,Lagoa,LGA
1415,[65633770],37.13704132608695,-8.52016912173913,Lagoa,LGA
1416,[65633790],37.13768684090909,-8.518494754545456,Lagoa,LGA
1417,"[66455590, 878005898, 878005899, 1453112658, 1453112659]",41.00419500952381,-7.886287885714285,Lamego,LMG
1418,"[66775914, 1070340181, 1070346928, 1070346929]",39.740732035,-8.9346862,Marinha Grande,MGR
1419,"[66789528, 1017819748, 1017819749, 1017819758, 1021556575, 1275395499, 1381227746]",38.640751225,-9.098364983333333,Seixal,SXL
1420,"[66924840, 815943873, 815943874]",37.08763510909091,-8.726305977272728,Lagos,LGS
1421,[66947214],37.152679926666664,-7.788860626666666,Tavira,TVR
1422,[66969413],40.04967440857143,-8.815861385714287,Figueira da Foz,FIG
1423,[67239644],37.119268161538464,-7.659442484615386,Tavira,TVR
1424,"[67268784, 1018230729, 1018230738, 1018230744, 1330475090]",38.637281451724135,-9.100389786206897,Seixal,SXL
1425,"[67290209, 1150312396, 1150312397, 1150312398, 1240308098, 1240308099]",40.22674504736843,-8.431061805263159,Coimbra,CBR
1426,[67290255],40.23045886666667,-8.42761426,Coimbra,CBR
1427,[67290317],40.23154081818182,-8.428352331818182,Coimbra,CBR
1428,[67290701],40.2530795611111,-8.424412222222223,Coimbra,CBR
1429,[68434042],38.00532172352941,-7.85437784117647,Beja,BJA
1430,[68453303],40.976967959999996,-8.63330784,Espinho,ESP
1431,"[68634056, 1499346922, 1499346923, 1499346933]",41.47010542307692,-8.526550892307695,Vila Nova de Famalicão,VNF
1432,[68649386],38.558777176470585,-7.920295011764707,Évora,EVR
1433,"[68653287, 365179198, 365179199, 365179204, 549827554, 795639759, 800066659]",38.5770871368421,-7.910455463157894,Évora,EVR
1434,"[68663880, 1498254397, 1498270126, 1498270127]",41.403205780952376,-8.519289138095237,Vila Nova de Famalicão,VNF
1435,"[68831347, 315485770, 315485772, 478498188, 556431455, 570556891, 1461589173, 1461589177, 1461589178]",32.650559017948716,-16.919227766666666,Funchal,FNC
1436,"[69121210, 237718885, 237718886, 237718887]",40.91209119333334,-8.48580258,São João da Madeira,SJM
1437,[69962634],41.66955679047619,-8.380713333333333,Amares,AMR
1438,[70120672],41.61421585454545,-8.442804854545454,Vila Verde,VVD
1439,[70144152],41.64538807272728,-8.432703960606062,Vila Verde,VVD
1440,[70185540],40.0818103375,-8.328103016666667,Miranda do Corvo,MCV
1441,[70192761],41.645951861904756,-8.429968995238097,Vila Verde,VVD
1442,"[71143383, 492487057, 492487058, 492487059, 492487060, 492487061, 492487062]",38.70019096666667,-9.174617283333333,Lisboa,LSB
1443,"[71291831, 1465901048, 1465901049, 1465901050, 1465901051]",37.093724456,-8.25375636,Albufeira,ABF
1444,[71291841],37.088492352380946,-8.235073657142856,Albufeira,ABF
1445,"[71291877, 1426958794, 1426958795, 1426958796, 1463235033, 1463235034, 1533829792]",37.098316784999994,-8.244324559999999,Albufeira,ABF
1446,"[71291879, 1426958792, 1533829791]",37.0944886875,-8.249203279166666,Albufeira,ABF
1447,[71531129],37.087677330434786,-8.270788026086956,Albufeira,ABF
1448,"[71531141, 1050522397, 1463235029, 1463235036, 1463235037, 1527909392]",37.1264658,-8.34603064347826,Silves,SLV
1449,[71531151],37.09029159130435,-8.260518026086956,Albufeira,ABF
1450,[71531172],37.08806722173914,-8.264711230434783,Albufeira,ABF
1451,[71760139],38.41766214545454,-7.535703263636364,Reguengos de Monsaraz,RMZ
1452,[71760141],38.420390752380946,-7.5278342333333335,Reguengos de Monsaraz,RMZ
1453,[71760145],38.42497273043478,-7.522351495652173,Reguengos de Monsaraz,RMZ
1454,[71760154],38.42159772857143,-7.5431633666666675,Reguengos de Monsaraz,RMZ
1455,[71760157],38.41883254761905,-7.540497780952379,Reguengos de Monsaraz,RMZ
1456,[71760164],38.42631182272727,-7.545504677272728,Reguengos de Monsaraz,RMZ
1457,[71838904],38.019506067857144,-7.8746707321428575,Beja,BJA
1458,[71862947],38.62835547857143,-8.236938507142858,Montemor-o-Novo,MMN
1459,"[72267891, 1050522391, 1054260419, 1463235047]",37.104253884,-8.362721944,Silves,SLV
1460,[73562349],39.03784362631579,-27.99281338421053,Santa Cruz da Graciosa,SCG
1461,"[73581485, 903609792, 903609793]",38.69550683333333,-9.311063783333333,Oeiras,OER
1462,"[74013774, 210674882, 210674886, 211338387, 211479745, 212398361]",41.22661708888889,-8.56566936111111,Maia,MAI
1463,"[74174818, 761999303, 761999304, 761999305, 772276086, 772276087, 1352361402, 1352361403]",39.73753576923077,-8.823960892307692,Leiria,LRA
1464,"[74344437, 1300304540, 1300304541, 1300304552, 1302637185, 1302637189]",38.707510150000005,-9.34422955,Cascais,CSC
1465,"[74357655, 1427125175]",37.09452862173912,-8.232899495652173,Albufeira,ABF
1466,[74357715],37.097595027272725,-8.238933977272728,Albufeira,ABF
1467,[74487008],39.83295294333333,-8.715172590000002,Pombal,PBL
1468,[74499136],40.67443798461538,-8.56068578076923,Albergaria-a-Velha,ALB
1469,"[74692392, 1018367493, 1024979712, 1025054625, 1027262641]",38.56403599411765,-9.036064141176471,Sesimbra,SSB
1470,"[74692407, 1018367485, 1018367486, 1018367512, 1024954919, 1025054620]",38.58158316875,-9.041498634375,Barreiro,BRR
1471,[75255899],40.16977118695652,-7.494564573913045,Fundão,FND
1472,[75255901],40.175745118181815,-7.4930310272727265,Fundão,FND
1473,[75255912],40.15991876190476,-7.497938847619048,Fundão,FND
1474,[75255918],40.16318691,-7.49756324,Fundão,FND
1475,[75255926],40.154971878947364,-7.496985026315789,Fundão,FND
1476,"[75260720, 228845823, 228845826, 228845827, 991086926, 991328615, 992266160, 992531321, 1386561773]",38.73755466,-9.395236972,Cascais,CSC
1477,"[75398983, 232429273, 1275025329, 1275025330]",38.73304394117647,-9.416341111764707,Cascais,CSC
1478,[75413083],38.02647871428572,-7.851830138095236,Beja,BJA
1479,"[75568755, 228758892, 991056033, 991056034]",38.71918642631579,-9.406854599999999,Cascais,CSC
1480,[75600038],41.26500135714285,-7.49154349047619,Alijó,ALJ
1481,[75600039],41.25818531904762,-7.503469480952382,Alijó,ALJ
1482,"[75601918, 992086278]",38.716321115,-9.42112827,Cascais,CSC
1483,[75642758],38.72037421578947,-9.434805752631577,Cascais,CSC
1484,"[75642762, 1299864397]",38.730300922727274,-9.440241963636362,Cascais,CSC
1485,[75689799],38.7106455,-9.433189305882353,Cascais,CSC
1486,"[75751491, 625744874, 625744875, 625744876, 1326144635]",32.726130009523814,-16.827320633333336,Santa Cruz,SCR
1487,"[75945241, 1383566758, 1383566759, 1383566760, 1383566761, 1383566762]",41.104491669565206,-7.794728552173913,Lamego,LMG
1488,"[75947724, 813421052, 813421053, 813421054, 813711441, 813711442, 817647796, 1266231706]",41.309680568000005,-7.7250204799999995,Vila Real,VRL
1489,"[75952388, 1104105282, 1104105283, 1104105284, 1104105285, 1104105286]",41.30317660909091,-7.740630249999999,Vila Real,VRL
1490,"[75954944, 1104457325, 1104457326, 1104457327, 1104457328, 1104457329, 1346332852]",41.301060064000005,-7.7408907639999995,Vila Real,VRL
1491,[76207635],41.452652900000004,-8.1871443,Fafe,FAF
1492,"[76211308, 1018516684, 1018516685, 1018516686, 1026131275]",41.303332790625,-7.7513349625,Vila Real,VRL
1493,[76212462],41.29964334090909,-8.086731363636364,Amarante,AMT
1494,"[76216698, 823115905, 823115906, 823115907, 823115908, 823115909, 823115910]",41.23426574166666,-8.669673304166666,Maia,MAI
1495,[76507013],39.74552871111111,-8.67096902222222,Ourém,ORM
1496,[76615800],37.22094379999999,-7.444447816666667,Castro Marim,CTM
1497,[76691249],39.74071575000001,-8.829694615384618,Leiria,LRA
1498,[76691266],39.741200496153844,-8.826355,Leiria,LRA
1499,[76691588],39.7434604,-8.70713789,Leiria,LRA
1500,[76693202],37.941144942857136,-7.783655123809524,Beja,BJA
1501,"[76779785, 1545846967]",40.951402831578946,-8.654983189473683,Ovar,OVR
1502,"[76823537, 166775667, 166775668, 166775669]",32.649484642857146,-16.902304647619047,Funchal,FNC
1503,"[76869445, 661329833, 661329834]",37.201664486842105,-7.41780999736842,Vila Real de Santo António,VRS
1504,[77026501],39.73474841428572,-7.892455871428571,Proença-a-Nova,PNV
1505,"[77028711, 874708978]",39.80338056071428,-8.084056007142857,Sertã,SRT
1506,[77034536],39.79702947826087,-8.088328995652173,Sertã,SRT
1507,"[77035702, 1278673061, 1278673062, 1278673066]",38.76122346842106,-9.225116521052632,Amadora,AMD
1508,[77115427],37.13263652380953,-8.00494908095238,Loulé,LLE
1509,[77248843],41.27674212380951,-7.47204949047619,Alijó,ALJ
1510,[77248849],41.275493447368426,-7.475277547368421,Alijó,ALJ
1511,[77248859],41.270481757142846,-7.478283290476189,Alijó,ALJ
1512,[77248869],41.268692666666674,-7.474878872222224,Alijó,ALJ
1513,"[77339912, 1031704071, 1031704072, 1031704073, 1343865655, 1343865667]",38.92919932352942,-9.245055188235295,Mafra,MFR
1514,"[77342094, 541307290]",39.057672007142855,-8.894042307142858,Azambuja,AZB
1515,[77342106],39.06603372,-8.87533395,Azambuja,AZB
1516,[77342148],39.22127953333333,-8.700959695833333,Santarém,STR
1517,[77342165],39.157192547826085,-8.793322130434781,Cartaxo,CTX
1518,"[77342176, 541307291]",39.05451137142857,-8.902251971428573,Azambuja,AZB
1519,"[77410437, 166775750, 166775758, 166775762]",32.720514873684216,-16.770263278947365,Machico,MCH
1520,"[77410440, 86869332, 86869343, 86869355, 168570557, 168570563, 204294595, 204294599, 204294603]",32.72404173636364,-16.77026178181819,Machico,MCH
1521,[77461901],40.460270771875,-8.455820015625001,Anadia,AND
1522,[77461905],40.44342673913044,-8.452171021739131,Anadia,AND
1523,"[77466422, 1359078895, 1359078896, 1359113335, 1359113336]",41.013176481818185,-8.573647731818182,Santa Maria da Feira,VFR
1524,"[77477313, 1545846987]",40.849533066666666,-8.597754766666666,Ovar,OVR
1525,"[77477329, 1545846989]",40.78240946666667,-8.565421279166669,Estarreja,ETR
1526,"[77477334, 1545846990]",40.775187342857144,-8.568230561904764,Estarreja,ETR
1527,[77477369],40.747888141176475,-8.569236123529413,Estarreja,ETR
1528,"[77477389, 1545846991]",40.76972974736842,-8.570363757894736,Estarreja,ETR
1529,[77477403],40.86538148095239,-8.610701547619048,Ovar,OVR
1530,[77543554],41.55959536666666,-7.428030785714286,Valpaços,VLP
1531,[77543566],41.402578286363635,-7.451903745454545,Murça,MUR
1532,[77543592],41.407995965,-7.45079099,Murça,MUR
1533,[77543600],41.40521239629629,-7.450570014814816,Murça,MUR
1534,[77543603],41.577653719999994,-7.427261230000001,Valpaços,VLP
1535,"[77607331, 1472453942, 1472453943]",41.06454774444445,-8.644234333333332,Vila Nova de Gaia,VNG
1536,"[77607338, 1545846983, 1547045167, 1547045168]",40.91019625909092,-8.611996027272728,Ovar,OVR
1537,[77609693],41.422819213636366,-8.300813704545455,Guimarães,GMR
1538,"[77609694, 1118860787, 1278599581]",41.435713236842105,-8.297205694736842,Guimarães,GMR
1539,"[77616013, 608022308, 1300216427, 1300216428]",41.4543916,-8.273907583333335,Guimarães,GMR
1540,[77618995],41.48136797272728,-8.343484304545456,Guimarães,GMR
1541,[77619023],41.46047985789473,-8.313223315789475,Guimarães,GMR
1542,"[77619053, 525352732, 525352733, 525352734, 1299568711]",41.455921347368424,-8.296365768421051,Guimarães,GMR
1543,[77619070],41.48296975294118,-8.352211258823528,Guimarães,GMR
1544,[77628866],38.781788585,-9.357386944999998,Sintra,SNT
1545,[77693487],38.75994515263159,-9.373648489473684,Sintra,SNT
1546,[77693496],38.762589675,-9.381637139999999,Sintra,SNT
1547,[77707395],38.734928226315795,-9.396911047368421,Cascais,CSC
1548,[77732036],41.47564459090909,-8.335457795454547,Guimarães,GMR
1549,"[77740738, 1193108778, 1193108779, 1193108780, 1193156378]",41.537036081818194,-8.618338413636364,Barcelos,BCL
1550,"[77740775, 1349836821, 1538415717, 1538415718, 1538415722, 1538415723]",41.32979268,-8.718753945,Vila do Conde,VCD
1551,"[77740786, 1530393302, 1530393303, 1530393304, 1530393305, 1530393306]",41.69192059000001,-8.836946575000002,Viana do Castelo,VCT
1552,[77740835],41.54104847727273,-8.612531027272729,Barcelos,BCL
1553,"[77740836, 1349836805]",41.632920925,-8.76342935625,Viana do Castelo,VCT
1554,"[77740864, 1349836820, 1537452903, 1537452904]",41.339111833333334,-8.729519070833332,Vila do Conde,VCD
1555,"[77740870, 844444524, 1468743261, 1468743262, 1472348883, 1538424276]",41.371574472,-8.745505604000002,Vila do Conde,VCD
1556,[77740882],41.67787513333334,-8.783979547619046,Viana do Castelo,VCT
1557,[77740893],41.69448580869566,-8.837220226086956,Viana do Castelo,VCT
1558,[77746236],37.05486497500001,-7.74442265,Olhão,OLH
1559,"[77808915, 1299097313, 1299097314, 1299097342, 1299097343, 1299097344]",38.728747276,-9.360877708,Cascais,CSC
1560,"[77890041, 493234424, 493234425, 493234426, 493234427, 493234428, 493234429]",40.8713462952381,-8.671422509523811,Ovar,OVR
1561,"[77890878, 493237043, 493237045, 493237047, 493237049, 493237050, 493237051, 493237053]",40.86352291666666,-8.619607466666666,Ovar,OVR
1562,"[77906502, 1315595152, 1315595153, 1328679159]",38.786539477272726,-9.340532395454547,Sintra,SNT
1563,[77906506],38.761770765,-9.295519525,Sintra,SNT
1564,"[77906515, 1275080044, 1275080045, 1275080105, 1275417656, 1275417723]",38.771765095000006,-9.353613900000001,Sintra,SNT
1565,"[77906532, 1314425208, 1314425209]",38.76436962499999,-9.300849624999998,Sintra,SNT
1566,"[77934196, 800145943, 800145944, 924865754, 924865755]",37.18811336842106,-7.41240517368421,Vila Real de Santo António,VRS
1567,"[78048829, 944603126, 944603127, 1347266738, 1462068994, 1481651845]",37.014743323809526,-7.935408014285715,Faro,FAR
1568,"[78200098, 1072681733, 1072681734, 1072681735, 1266323861, 1266323863, 1425287111]",41.73182474545455,-7.468576695454544,Chaves,CHV
1569,"[78200119, 1072659340, 1072659341, 1072659342]",41.738646095238096,-7.460254338095238,Chaves,CHV
1570,"[78200130, 1072659348, 1072659349, 1072659350, 1349836795]",41.73808147727272,-7.474951913636363,Chaves,CHV
1571,"[78204506, 879594632, 879594633, 1425287378, 1425287379]",41.725186972222225,-7.47349548888889,Chaves,CHV
1572,"[78204529, 879594630, 879594631, 1443466827]",41.720605533333334,-7.477326888888888,Chaves,CHV
1573,"[78242980, 879594626, 879594627]",41.6444590375,-7.57444051875,Chaves,CHV
1574,"[78247404, 377532644, 377532646, 545940529]",32.722421578947376,-16.814332021052632,Santa Cruz,SCR
1575,"[78250253, 1136221829]",41.57173936818182,-7.595194136363636,Vila Pouca de Aguiar,VPA
1576,"[78251461, 879594620, 879594621]",41.54670000909091,-7.600208395454545,Vila Pouca de Aguiar,VPA
1577,"[78256345, 437947489, 437947490]",40.85107147894737,-8.622202631578949,Ovar,OVR
1578,[78257064],40.85279392500001,-8.61527341,Ovar,OVR
1579,"[78258136, 879594613]",41.493210139999995,-7.6447161449999985,Vila Pouca de Aguiar,VPA
1580,"[78258141, 879594614, 879594615, 1424532691]",41.49388640454546,-7.644724618181818,Vila Pouca de Aguiar,VPA
1581,[78271397],40.760945438095234,-8.644083933333334,Murtosa,MRS
1582,"[78278535, 1546604872, 1546604873, 1546604874]",40.85376078571429,-8.480736828571429,Oliveira de Azeméis,OAZ
1583,"[78278805, 1546604862]",40.83744508421053,-8.473457215789471,Oliveira de Azeméis,OAZ
1584,"[78278808, 528952294, 1378658163, 1546604870]",40.836265985,-8.473981560000002,Oliveira de Azeméis,OAZ
1585,[78313675],40.90846884,-8.5597233,Santa Maria da Feira,VFR
1586,[78314323],40.89418861904761,-8.490481833333334,São João da Madeira,SJM
1587,[78314373],40.890915271428575,-8.487398561904762,São João da Madeira,SJM
1588,[78314375],40.89191912608695,-8.488184286956523,São João da Madeira,SJM
1589,[78315006],40.902942860869565,-8.439285978260871,Oliveira de Azeméis,OAZ
1590,[78315183],40.899258294736846,-8.477467431578948,São João da Madeira,SJM
1591,[78315234],40.915726873684214,-8.435877852631577,Oliveira de Azeméis,OAZ
1592,[78315239],40.910979052631575,-8.431740236842106,Oliveira de Azeméis,OAZ
1593,[78315264],40.91214080500001,-8.43198495,Oliveira de Azeméis,OAZ
1594,"[78321940, 978854447, 978854448]",40.962003690909086,-8.538442236363636,Santa Maria da Feira,VFR
1595,"[78322007, 1545846960, 1545846961, 1545846963, 1546503065, 1546503066, 1548000068]",40.953364721739135,-8.554715830434782,Santa Maria da Feira,VFR
1596,[78322537],40.93861427037037,-8.581482014814814,Santa Maria da Feira,VFR
1597,"[78323949, 1120967707, 1120967708, 1548000041, 1548000043, 1548000044]",40.92705584782608,-8.575174417391304,Santa Maria da Feira,VFR
1598,"[78349717, 1465689077]",37.0307702,-7.962064810526315,Faro,FAR
1599,[78417262],37.46881962083334,-7.4736685,Alcoutim,ACT
1600,[78507466],40.92232510909091,-8.520883409090906,Santa Maria da Feira,VFR
1601,"[78520573, 1201186750, 1201186751, 1279756186, 1279756187, 1462069021]",37.1385155,-8.021551573913042,Loulé,LLE
1602,"[78591546, 1299097324, 1299097325, 1299887293, 1299887294, 1300304543, 1302957369]",38.71515112857143,-9.344140014285713,Cascais,CSC
1603,"[78591557, 1299097339, 1299839071, 1302957399]",38.71850825,-9.347156575000001,Cascais,CSC
1604,"[78592064, 1299097326, 1299097327, 1299097332]",38.71386440799999,-9.341699736,Cascais,CSC
1605,"[78773232, 1275080064, 1275080065, 1275080095, 1299097328, 1299097336, 1299887295]",38.71255106086957,-9.339005313043481,Cascais,CSC
1606,[79426816],37.234816699999996,-7.448284015789474,Castro Marim,CTM
1607,[79428702],37.22067818571428,-7.447605990476192,Castro Marim,CTM
1608,[79428977],37.219767665,-7.451545145,Castro Marim,CTM
1609,[79500002],37.19826984,-7.42023052,Vila Real de Santo António,VRS
1610,[79500281],37.19290094545455,-7.424543913636365,Vila Real de Santo António,VRS
1611,[79563889],37.204360638461544,-7.518199076923077,Castro Marim,CTM
1612,[79564194],37.24688897647059,-7.517752182352941,Castro Marim,CTM
1613,[79564201],37.22601022,-7.5243272900000004,Castro Marim,CTM
1614,"[79565734, 905945881, 905945882]",37.244096443749996,-7.455519600000001,Castro Marim,CTM
1615,"[79580945, 1378682507, 1558621233]",40.91239707142857,-8.494173271428574,Santa Maria da Feira,VFR
1616,"[79580986, 1378682506, 1379196545, 1448678351]",40.908449431818184,-8.4954719,São João da Madeira,SJM
1617,[79643294],37.13352783333333,-7.678849177777776,Tavira,TVR
1618,[79648670],37.26601072777778,-7.500901394444445,Castro Marim,CTM
1619,[79649148],37.204402190909086,-7.551762340909092,Vila Real de Santo António,VRS
1620,[79649217],37.20381203636364,-7.554179772727273,Vila Real de Santo António,VRS
1621,[79685885],40.894656425,-8.50676648,São João da Madeira,SJM
1622,[79686147],40.886089479166664,-8.495072816666667,São João da Madeira,SJM
1623,[79686150],40.88695806521739,-8.49275212173913,São João da Madeira,SJM
1624,"[79686157, 237710048]",40.887821579999994,-8.492293850000003,São João da Madeira,SJM
1625,[79736578],37.14178189199999,-7.647671142666667,Tavira,TVR
1626,"[79867615, 808572470, 808572471]",37.21864753125,-7.4615670312499995,Castro Marim,CTM
1627,"[79907017, 867852152, 867852153]",37.146742184,-7.8927580520000005,São Brás de Alportel,SBA
1628,[79947872],37.03150167272727,-7.847628899999998,Olhão,OLH
1629,"[80045648, 1481648667, 1481648668, 1481648669, 1481648670]",37.1821167375,-7.491330454166667,Castro Marim,CTM
1630,[80177589],41.808990060000006,-8.848127686666666,Caminha,CMN
1631,[80181816],40.89825637,-8.47939263,São João da Madeira,SJM
1632,[80476588],37.1857817,-7.421526377272728,Vila Real de Santo António,VRS
1633,[80476924],37.178535033333326,-7.458117904761904,Vila Real de Santo António,VRS
1634,[80477359],37.183892612499996,-7.471275637500001,Vila Real de Santo António,VRS
1635,"[80608007, 1349836803]",41.5227669347826,-8.592537582608696,Barcelos,BCL
1636,[80645495],37.19372059,-7.42089836,Vila Real de Santo António,VRS
1637,[80730499],37.045860181818185,-8.01597160909091,Loulé,LLE
1638,[80733749],37.095135404000004,-8.045108764,Loulé,LLE
1639,[80736864],37.10496054827587,-8.045576420689654,Loulé,LLE
1640,[80911253],41.82606149090908,-8.415736386363637,Arcos de Valdevez,AVV
1641,[80911265],41.83019508421052,-8.416007668421054,Arcos de Valdevez,AVV
1642,"[80911290, 439586513, 439586516]",41.841150223809514,-8.41939204761905,Arcos de Valdevez,AVV
1643,"[81217905, 698220302, 698220303]",40.868196000000005,-8.675350641666668,Ovar,OVR
1644,"[81333483, 1042075524, 1042078070, 1042078071, 1356464763, 1356502957]",38.627412495652166,-8.917889030434782,Palmela,PLM
1645,"[81333486, 1042075525, 1042078068, 1042078069, 1356944282]",38.63135597272728,-8.91770001818182,Palmela,PLM
1646,"[81333490, 1356464761, 1356464762, 1356502958, 1356944283]",38.62370187727273,-8.91842844090909,Palmela,PLM
1647,"[81338804, 1356464759, 1356464760, 1356502959, 1356502960, 1356944313, 1356944341]",38.618157391304344,-8.917734895652174,Palmela,PLM
1648,"[81338809, 1042075523, 1042078072, 1042078073, 1356464758, 1356502961, 1356944286]",38.620351211111114,-8.915822138888892,Palmela,PLM
1649,"[81338866, 1356944290, 1356944291, 1356944342]",38.62435493478261,-8.913308234782608,Palmela,PLM
1650,"[81354322, 1463235005, 1463235006, 1463235007]",37.10191335500001,-8.25586872,Albufeira,ABF
1651,"[81893770, 529042497]",38.707655772222225,-9.196780711111112,Lisboa,LSB
1652,[82103186],37.25116600625,-8.2734621625,Silves,SLV
1653,[82452583],37.17889983636363,-8.444828054545455,Silves,SLV
1654,"[82608758, 1345106704, 1345106705, 1345106706]",40.577839195,-8.447135995,Águeda,AGD
1655,[82608772],40.576365406250005,-8.444501831250001,Águeda,AGD
1656,[82608788],40.57198058636363,-8.447862590909091,Águeda,AGD
1657,"[83358697, 991056024, 1072841286, 1298908444]",38.728766992000004,-9.41813534,Cascais,CSC
1658,"[83358698, 385111525, 385111526, 385111527, 991056021, 991056022, 991056025, 991056026, 991328625, 991328687]",38.72773492916667,-9.417833979166666,Cascais,CSC
1659,[83391631],40.57731700625,-8.440344556249999,Águeda,AGD
1660,[83391633],40.57710796666667,-8.43902216111111,Águeda,AGD
1661,"[83420914, 871180132, 871180133, 924861514]",38.639759725,-8.222584205,Montemor-o-Novo,MMN
1662,[83559803],40.57294551304348,-8.436176213043478,Águeda,AGD
1663,"[83627367, 541311155]",39.344483333333336,-8.5332106125,Golegã,GLG
1664,[83658363],38.73643573333333,-9.391506626666667,Cascais,CSC
1665,"[83835331, 682807641, 682814396, 682814401, 682814403, 683149010]",38.709258921739135,-9.224718952173912,Oeiras,OER
1666,[83838725],38.707402394444436,-9.224791977777778,Oeiras,OER
1667,[83871872],38.71559700909091,-9.226028000000001,Oeiras,OER
1668,"[83893581, 287014236, 287014237]",32.65621152307693,-16.896561376923078,Funchal,FNC
1669,"[83894614, 1388105737, 1388105738, 1388105739]",40.278856973913044,-8.132002986956522,Arganil,AGN
1670,[83894641],40.17570457407407,-8.268472833333332,Lousã,LSA
1671,[83894675],40.128998904545455,-8.248382895454544,Lousã,LSA
1672,"[83894678, 892707387, 892707388, 892707389]",40.127895029166666,-8.248391045833333,Lousã,LSA
1673,"[84076970, 873275471, 873275472]",39.474885868181815,-8.190980672727274,Abrantes,ABT
1674,"[84077159, 1046436091]",39.46302294285714,-8.203470766666666,Abrantes,ABT
1675,[84413834],38.88446734444445,-7.052741155555556,Elvas,ELV
1676,[84413974],38.88272139523809,-7.051999228571429,Elvas,ELV
1677,"[85162078, 1277694943, 1277694944, 1277694979]",38.73731370454546,-9.31299140909091,Cascais,CSC
1678,"[85178669, 1277694939, 1277694940, 1277694980, 1315358073]",38.750757021052635,-9.309825136842106,Sintra,SNT
1679,"[85280407, 815753142, 815753143, 815753144, 899068521, 899068522]",40.002490385,-8.74038084,Pombal,PBL
1680,[85370801],39.475203425,-8.19591025,Abrantes,ABT
1681,[85421425],37.76617647777778,-25.613379405555555,Ponta Delgada,PDL
1682,[85616977],40.58098914999999,-8.44002859375,Águeda,AGD
1683,[85617145],40.574970035,-8.434907379999999,Águeda,AGD
1684,"[85619583, 1345106699, 1345106700, 1345106701]",40.59561628,-8.450499648,Águeda,AGD
1685,[85754783],40.59511119375,-8.465860818749999,Águeda,AGD
1686,[85759881],40.59404279375,-8.462266612499999,Águeda,AGD
1687,[85953291],40.594456189285715,-8.474707992857143,Águeda,AGD
1688,"[86015147, 342688794, 342688795, 1545828599, 1545828600]",40.63050576956522,-8.688637317391304,Ílhavo,ILH
1689,[86154471],37.134210578947375,-7.602775557894738,Tavira,TVR
1690,[86251458],41.453895521739135,-8.144064760869565,Fafe,FAF
1691,[86251465],41.453148031249995,-8.142955875,Fafe,FAF
1692,[86355872],40.608758947619044,-8.465212647619047,Águeda,AGD
1693,[86380794],37.18715699130435,-7.450913417391304,Vila Real de Santo António,VRS
1694,"[86579512, 128135297, 1465180406, 1465180407]",40.57262572222223,-8.4438968,Águeda,AGD
1695,"[86579782, 86580178, 86580179, 501199089]",40.566207570833335,-8.449269233333332,Águeda,AGD
1696,"[86869333, 166775759, 166775784, 166775792, 166775813]",32.72841359230769,-16.777294465384614,Machico,MCH
1697,"[86966978, 1230018727, 1290521132, 1290521133, 1300767300, 1315555517]",38.77503225,-9.260468315,Sintra,SNT
1698,"[86968323, 1230018738, 1237733948, 1237733949, 1237733952, 1278237628, 1331109668, 1332895673]",38.75725891363636,-9.259762886363637,Sintra,SNT
1699,[86969405],40.561944034999996,-8.46434227,Águeda,AGD
1700,[87011328],37.07528435,-8.125377369230769,Loulé,LLE
1701,"[87093870, 241568035, 241568061, 1316918092, 1493615643, 1493615644]",32.65717405,-16.886742625,Funchal,FNC
1702,"[87234591, 365179202, 365179203]",38.57801754375,-7.9090469,Évora,EVR
1703,[87235435],38.550828312,-7.911332216,Évora,EVR
1704,[87235436],38.55118705263158,-7.912515900000002,Évora,EVR
1705,"[87238629, 795636232]",38.56797298888889,-7.89739623888889,Évora,EVR
1706,"[87238829, 365202955, 365202957, 628687915]",38.57085313333334,-7.905705516666667,Évora,EVR
1707,"[87262718, 1070411622, 1070414510, 1070414511]",39.411276964705884,-9.143499420588235,Caldas da Rainha,CLD
1708,"[87262748, 1070411621, 1070414512, 1070414513]",39.41289335714286,-9.139202478571429,Caldas da Rainha,CLD
1709,[87374930],37.819362268421045,-25.493564594736842,Ribeira Grande,RGR
1710,[87724633],41.686178447826094,-7.664517326086955,Boticas,BTC
1711,[87759193],41.690428977272724,-7.659429286363636,Boticas,BTC
1712,[87768891],39.12389664545455,-7.295547504545453,Arronches,ARR
1713,"[87773333, 1072681713, 1072681714, 1072681715]",41.74189583333333,-7.472848823809524,Chaves,CHV
1714,"[87790872, 1013920029, 1303782091, 1303782097]",38.715046012500004,-8.957375345833334,Montijo,MTJ
1715,[87790873],38.71600401904762,-8.957110185714285,Montijo,MTJ
1716,"[87802632, 1072681716, 1072681717, 1072681718, 1072681719, 1072692417]",41.74371969090909,-7.472904327272727,Chaves,CHV
1717,"[87802712, 1072681706, 1072681707, 1072681708, 1072681709, 1072681710, 1072692414, 1072692415]",41.74101551818182,-7.476408059090909,Chaves,CHV
1718,"[87802722, 1072681723, 1072681724, 1072681725, 1072681726, 1072692416]",41.742856295,-7.477157425,Chaves,CHV
1719,"[87802792, 1072659329, 1072659330, 1072659331, 1072681738, 1072692418, 1266323862, 1345592031]",41.744198009090915,-7.470870772727272,Chaves,CHV
1720,"[87802836, 1072659322, 1072681739]",41.74955694545454,-7.472365549999998,Chaves,CHV
1721,"[87802845, 1072659312, 1072659313, 1072659314]",41.75076982631579,-7.479993478947368,Chaves,CHV
1722,"[87802851, 1072659333, 1072659334, 1266241404]",41.74544784782609,-7.468818900000001,Chaves,CHV
1723,[87802878],41.740740470000006,-7.472152995,Chaves,CHV
1724,"[87802897, 1072692413, 1072692419, 1072692420, 1425286697]",41.748761575,-7.467232315000001,Chaves,CHV
1725,"[87802923, 1072659335, 1072659336, 1072659337]",41.74286789090909,-7.465792581818182,Chaves,CHV
1726,"[87811598, 1072659303, 1072681741, 1072681742, 1266241403]",41.75276288095238,-7.4744698809523795,Chaves,CHV
1727,"[87811606, 1072659300]",41.75591035909091,-7.472681377272727,Chaves,CHV
1728,"[87848312, 813421064, 813421065, 813421066, 818617498, 1026131276, 1346334674]",41.299150444,-7.732091132000001,Vila Real,VRL
1729,[88277874],38.7725127882353,-7.413839823529411,Vila Viçosa,VVC
1730,[88305850],40.594654664000004,-8.456999668,Águeda,AGD
1731,"[88361186, 673231667, 680781676, 680781677, 683816272, 1278873159]",38.721558313636365,-9.219220468181817,Oeiras,OER
1732,[88366662],41.02247555,-7.774328894999999,Tarouca,TRC
1733,[88366681],41.026987805263154,-7.773411410526315,Tarouca,TRC
1734,[88382754],41.284896247368415,-7.7446335315789465,Vila Real,VRL
1735,"[88441774, 806725484, 806725485]",37.75288706315789,-8.182427078947368,Castro Verde,CVR
1736,[88457906],38.785347234782606,-7.474299917391304,Borba,BRB
1737,[88520219],37.182470795238096,-7.451892047619049,Vila Real de Santo António,VRS
1738,"[88548427, 1475933423, 1475933424, 1475933440, 1475933464, 1475933501]",40.83788815217391,-7.73330340869565,Vila Nova de Paiva,VNP
1739,[88571654],40.942238247368415,-7.901243336842106,Castro Daire,CDR
1740,"[88672011, 807165561, 807165562, 1347274322]",38.67317756818181,-8.468401563636364,Vendas Novas,VND
1741,[88761555],40.59018100499999,-8.453943755,Águeda,AGD
1742,"[88809913, 549820419, 1073540658, 1073540659]",38.58135649375,-7.8994219125,Évora,EVR
1743,"[88809917, 549820066, 549820067, 1073540660]",38.5778995125,-7.902409925,Évora,EVR
1744,"[88809919, 549821234, 549821235]",38.58194872941176,-7.903986882352941,Évora,EVR
1745,[88811096],38.30473327083333,-7.710009083333333,Portel,PRL
1746,[88818055],39.190818535000005,-8.6479327,Almeirim,ALR
1747,[88831274],40.648930199999995,-8.586733531250001,Aveiro,AVR
1748,"[88831628, 1544670244, 1544670245]",40.64524074285713,-8.608464385714285,Aveiro,AVR
1749,[88832563],40.64335548333332,-8.587127605555557,Aveiro,AVR
1750,[88956106],40.28075616923077,-8.525872376923077,Cantanhede,CNT
1751,[88956720],40.260591929166665,-8.635469208333333,Montemor-o-Velho,MMV
1752,"[89177642, 1360667582, 1360667583, 1361109820, 1361109821]",40.52973168846154,-8.45175758846154,Águeda,AGD
1753,"[89179128, 528568835, 1361110483, 1361110484]",40.53654066666665,-8.455271003333333,Águeda,AGD
1754,[89179186],40.548703330434776,-8.428928873913044,Águeda,AGD
1755,[89222317],37.09421399166667,-7.675453475,Tavira,TVR
1756,"[90033156, 1347977793, 1347977794]",38.33562557619047,-8.004965509523808,Viana do Alentejo,VNT
1757,[90033160],38.337586213636364,-8.006906463636364,Viana do Alentejo,VNT
1758,"[90036638, 1456302088, 1456302089, 1456302096, 1456302097]",40.61940343214286,-7.760446257142859,Mangualde,MGL
1759,[90171387],37.08654053809524,-8.261960257142857,Albufeira,ABF
1760,[90189929],37.101533814285716,-8.23919650952381,Albufeira,ABF
1761,[90212845],37.10238385,-8.239813400000001,Albufeira,ABF
1762,"[90490616, 1112799021, 1112799022, 1112799023]",37.02867944285715,-7.928977604761904,Faro,FAR
1763,[90646617],41.464531695,-8.152689555000002,Fafe,FAF
1764,"[90672054, 1544670252, 1544670253]",40.65232423181818,-8.596184009090909,Aveiro,AVR
1765,[90743733],41.62779917222222,-8.343669116666668,Amares,AMR
1766,[90743748],41.627638881818186,-8.369990381818182,Amares,AMR
1767,[90949369],38.69737446363636,-9.364814145454547,Cascais,CSC
1768,[90955438],38.705461325,-9.36625119,Cascais,CSC
1769,"[90957692, 228666993, 991056054, 991056055, 991086903, 1299161765, 1299839067]",38.70357748181818,-9.383417827272728,Cascais,CSC
1770,[91009380],37.08836554285714,-8.232608271428571,Albufeira,ABF
1771,"[91013831, 1013807081, 1013834878, 1013834879, 1016428791, 1016430167]",38.638540815789476,-9.153884999999999,Seixal,SXL
1772,[91014186],37.099561845000004,-8.214104144999999,Albufeira,ABF
1773,[91014203],37.098503225,-8.214984505,Albufeira,ABF
1774,"[91016411, 1072841306, 1072890515, 1299839090]",38.710848495,-9.362215955,Cascais,CSC
1775,"[91041170, 1383551667, 1383551668, 1384351588, 1384351594, 1384351598, 1385447875, 1385598576, 1388619419, 1393997930]",41.09595653461538,-7.817957411538463,Lamego,LMG
1776,"[91332041, 1300304536, 1300304537, 1300304556, 1300360501, 1300360522, 1302963417]",38.705104042857144,-9.344637152380953,Cascais,CSC
1777,[91592675],37.03447829047619,-8.020327676190472,Loulé,LLE
1778,[91592702],37.04000703809524,-8.015606619047619,Loulé,LLE
1779,[91593999],37.05714045,-8.0253095,Loulé,LLE
1780,[91620305],37.051545179166666,-8.0304296875,Loulé,LLE
1781,"[91635216, 1481653378, 1481653379, 1481653380]",37.0601592,-8.058385070833333,Loulé,LLE
1782,"[91635228, 1481653375, 1481653376, 1481653377]",37.06143655652174,-8.051258269565217,Loulé,LLE
1783,[91753422],37.098606242857144,-8.050934221428573,Loulé,LLE
1784,[91761046],38.066392331578946,-8.778581536842106,Santiago do Cacém,STC
1785,[91761055],38.06403770833334,-8.77975165,Santiago do Cacém,STC
1786,[91813567],37.13379914117647,-8.0949083,Loulé,LLE
1787,[91881913],39.456106240909094,-8.191040636363637,Abrantes,ABT
1788,"[91881922, 1046436072, 1363869826, 1363869827]",39.44742296086957,-8.1946139,Abrantes,ABT
1789,[91881935],39.495763315000005,-8.791429845,Porto de Mós,PMS
1790,[91881953],39.471025809090904,-8.540557836363638,Torres Novas,TNV
1791,[91881971],39.45443754761905,-8.189482176190475,Abrantes,ABT
1792,[91881977],39.47110358260869,-8.767994560869564,Santarém,STR
1793,[91962500],40.625521694999996,-8.644221855000001,Aveiro,AVR
1794,[91970751],37.084291288,-8.083299243999999,Loulé,LLE
1795,"[91995824, 1374759165]",39.065690772,-9.000110503999998,Alenquer,ALQ
1796,"[91995845, 1220175446, 1220175447, 1220175448]",39.02932444090909,-8.980353159090908,Alenquer,ALQ
1797,"[91995849, 1235323341, 1235323342, 1235323343]",39.049678128000004,-8.994132488000002,Alenquer,ALQ
1798,"[91995866, 450528191, 450528198, 450528200]",39.2200206,-8.976523880645162,Azambuja,AZB
1799,"[91995878, 1339286258, 1339286259, 1339286260, 1339697039, 1339697044]",38.81251143181818,-9.192456650000002,Odivelas,ODV
1800,"[91995880, 1004188640, 1004188641, 1004188642, 1004188643, 1004188644]",38.81979424210527,-9.178437278947369,Loures,LRS
1801,[92032595],37.07803947083334,-7.975877779166666,Loulé,LLE
1802,"[92032600, 1462068999, 1462069000, 1462069001]",37.086338123809526,-7.989969509523808,Loulé,LLE
1803,[92048654],37.08705982727273,-7.751149418181819,Olhão,OLH
1804,[92311194],37.103483488888884,-8.118237177777779,Loulé,LLE
1805,[92330515],37.10435340967742,-8.141777503225807,Loulé,LLE
1806,[92330522],37.10798207619048,-8.1429362,Loulé,LLE
1807,[92330523],37.106500312,-8.141157892,Loulé,LLE
1808,[92366796],40.240114434375,-8.431607103125,Coimbra,CBR
1809,[92366797],40.247113112499996,-8.428776741666667,Coimbra,CBR
1810,"[92380352, 1146814702, 1146814703]",37.141052304545454,-8.03032422727273,Loulé,LLE
1811,[92480601],37.082017742105265,-8.107336199999997,Loulé,LLE
1812,"[92502053, 1054260417, 1463235050, 1463235051, 1481664781]",37.103765187499995,-8.370063129166667,Silves,SLV
1813,[92502175],37.103781310526315,-8.364593105263156,Silves,SLV
1814,[92502222],37.10302803809524,-8.361800076190477,Silves,SLV
1815,[92526794],37.101487925,-8.260105475000001,Albufeira,ABF
1816,[92535449],37.128091526086955,-8.226700330434783,Albufeira,ABF
1817,[92722282],37.13233834444444,-8.448559305555555,Lagoa,LGA
1818,"[92728648, 1349970659]",40.94783091153847,-6.924307630769231,Figueira de Castelo Rodrigo,FCR
1819,"[92729746, 1349970656]",40.946249395454544,-6.925818404545454,Figueira de Castelo Rodrigo,FCR
1820,[92795032],41.17647911904762,-7.050165271428571,Torre de Moncorvo,TMC
1821,[92823920],37.74420031481482,-25.69608787777778,Ponta Delgada,PDL
1822,"[92840728, 741799694, 747183982, 747183983, 1120595626, 1346345305]",41.18344768064516,-8.473582425806452,Valongo,VLG
1823,"[92870590, 1384653539, 1384653540, 1384653541]",40.153118484000004,-8.119001684,Góis,GOI
1824,[92905933],37.74860930625,-25.7003643,Ponta Delgada,PDL
1825,[92905976],37.7509133,-25.70082009333333,Ponta Delgada,PDL
1826,[92906047],37.74772155999999,-25.70020614666667,Ponta Delgada,PDL
1827,[92906073],37.74964745333333,-25.70019784666666,Ponta Delgada,PDL
1828,[93079350],40.122464175,-7.563745658333333,Fundão,FND
1829,[93087434],40.13491002692308,-7.498078957692308,Fundão,FND
1830,"[93089473, 1137440341, 1137440342, 1210292199, 1210292200]",37.14298427826087,-8.015766017391304,Loulé,LLE
1831,[93094377],40.13053183333333,-7.483954985714286,Fundão,FND
1832,[93097620],38.711481925,-8.975655464999999,Montijo,MTJ
1833,"[93098658, 1000643927, 1000643928, 1462069017, 1462069018]",37.12667805,-8.017297675,Loulé,LLE
1834,"[93098664, 806125405, 806125406, 1462069013, 1462069014]",37.123869494736844,-8.016174410526316,Loulé,LLE
1835,"[93098678, 1000643929, 1000643930, 1462069019, 1462069020]",37.1316289875,-8.018416745833333,Loulé,LLE
1836,[93119720],37.11438342352942,-8.681361805882354,Lagos,LGS
1837,[93119730],37.113287657894745,-8.682574668421054,Lagos,LGS
1838,[93122585],37.12548596499999,-8.48872759,Lagoa,LGA
1839,[93122602],37.133469495238096,-8.481208890476191,Lagoa,LGA
1840,[93127693],40.742172733333334,-7.104058338888889,Pinhel,PNH
1841,[93253987],40.35364200434783,-7.091717439130435,Sabugal,SBG
1842,[93263621],37.050432054545446,-8.06501525,Loulé,LLE
1843,"[93272042, 1349836774]",41.592702145,-6.5203261999999995,Vimioso,VMS
1844,[93367750],38.7260859625,-27.07498855833333,Praia da Vitória,VPV
1845,[93367753],38.73804208,-27.068531625,Praia da Vitória,VPV
1846,[93379930],40.605838240909094,-7.067630781818181,Pinhel,PNH
1847,[93480757],37.146631466666676,-7.902067142857142,São Brás de Alportel,SBA
1848,"[93491204, 944603157, 944603158, 944603159, 944603160, 944603161, 944603162, 944603163, 944603164, 944603165, 944603166]",37.024213204166664,-7.926472425,Faro,FAR
1849,"[93491206, 1481651318, 1481651319, 1481651320, 1524429749, 1524429750, 1524429751]",37.02586152926829,-7.917018353658537,Faro,FAR
1850,"[93491209, 944603143, 944603144, 944603145, 944603146, 944603147, 944603148, 944603149]",37.018637500000004,-7.922765170454546,Faro,FAR
1851,[93515432],40.56044738571429,-7.230130704761905,Guarda,GRD
1852,[93529316],40.55919059473684,-7.2344639736842105,Guarda,GRD
1853,"[93607068, 944828419, 944828420, 944828421, 944828422, 1462068993, 1524400469, 1524400470]",37.01699225172415,-7.929254375862069,Faro,FAR
1854,"[93626996, 926481024]",39.73253000454546,-8.822115604545454,Leiria,LRA
1855,[93627031],39.734549529999995,-8.825757840000003,Leiria,LRA
1856,"[93627201, 1070323205, 1070340175, 1070340176, 1070346920]",39.74730190952381,-8.820116523809522,Leiria,LRA
1857,"[93633431, 793359302, 793359303, 793359304, 1410078996, 1410078997]",39.852376032,-8.876764212000001,Leiria,LRA
1858,"[93633438, 771500265, 771500266, 771500267, 771500268, 771500269, 771500270, 771500271]",39.84670490740741,-8.87316541851852,Leiria,LRA
1859,"[93633445, 775787681, 775787682, 775787683]",39.845370154166666,-8.863758691666666,Leiria,LRA
1860,"[93635996, 841132890, 841132891, 841132892, 1410078994, 1410078995]",39.852048208333336,-8.853314920833332,Leiria,LRA
1861,"[93673390, 1305591029, 1305591030, 1305591037]",38.759007670270265,-9.206837178378379,Amadora,AMD
1862,"[93673953, 1270762926]",38.69671613333334,-9.208349280952381,Lisboa,LSB
1863,[93692790],41.49068752857143,-7.662249209523808,Vila Pouca de Aguiar,VPA
1864,[93693080],41.56534084090909,-7.427776399999999,Valpaços,VLP
1865,[93766312],40.55593218421053,-7.237015163157895,Guarda,GRD
1866,[93783896],40.40660587777778,-6.8616377222222225,Sabugal,SBG
1867,"[93872903, 703820477, 703820478, 703820479, 991280464, 991328643, 991328644, 1073244171, 1235868872]",38.69946159523809,-9.441909971428572,Cascais,CSC
1868,[93900952],40.43576356,-6.99601784,Sabugal,SBG
1869,[94226228],40.639570221739135,-7.325633108695654,Celorico da Beira,CLB
1870,[94231885],40.64171762380953,-7.326267319047619,Celorico da Beira,CLB
1871,[94482354],41.154838623809525,-8.562142357142859,Porto,PRT
1872,"[94482360, 859507152, 1018375458, 1018375459]",41.15564125714286,-8.569053628571428,Porto,PRT
1873,[94518688],37.15079969545455,-7.926840081818182,São Brás de Alportel,SBA
1874,[94571277],40.56433303888889,-7.3095040055555565,Guarda,GRD
1875,"[94598045, 1320159349]",40.623155909090904,-7.401396827272726,Celorico da Beira,CLB
1876,[94687796],40.61242151363636,-7.537034449999999,Fornos de Algodres,FAG
1877,[94788172],40.61914463636364,-7.535580940909091,Fornos de Algodres,FAG
1878,[94788174],40.61433456818182,-7.533246381818182,Fornos de Algodres,FAG
1879,[94793367],40.61388857727273,-7.523456040909091,Fornos de Algodres,FAG
1880,[94807086],40.62064167222222,-7.536329522222221,Fornos de Algodres,FAG
1881,[94808362],40.616260681818176,-7.619923090909092,Mangualde,MGL
1882,[94808363],40.614099125,-7.620129090000001,Mangualde,MGL
1883,[94816397],37.09116479545454,-7.978214613636365,Loulé,LLE
1884,[94818083],40.62110976086956,-7.609314673913044,Mangualde,MGL
1885,"[94828972, 1320108522, 1320108523, 1320108524, 1320108525]",39.602677383999996,-8.398890620000001,Tomar,TMR
1886,[94829047],39.601171435,-8.39138782,Tomar,TMR
1887,[94829064],39.60712515652174,-8.395494443478261,Tomar,TMR
1888,[94829081],39.60500066428572,-8.406640378571428,Tomar,TMR
1889,[94829132],39.606967179166666,-8.4070241875,Tomar,TMR
1890,"[94829138, 886022842, 1231915661, 1231915662]",39.610518492000004,-8.397915695999998,Tomar,TMR
1891,[94829203],39.602087952380955,-8.395211900000001,Tomar,TMR
1892,[94829210],39.59458989473685,-8.40335822631579,Tomar,TMR
1893,[94829226],39.59622699545454,-8.412109268181817,Tomar,TMR
1894,[94829238],39.5985846625,-8.383988545833333,Tomar,TMR
1895,[94829257],39.60606544545454,-8.415086886363637,Tomar,TMR
1896,[94829261],39.60561423157895,-8.402607600000001,Tomar,TMR
1897,[94958769],41.91107323181817,-8.558172027272727,Paredes de Coura,PCR
1898,"[94976756, 1456275583, 1456275584]",40.62848605499999,-7.802488105,Mangualde,MGL
1899,"[94980712, 1456275582, 1456275591]",40.62236014285713,-7.802206538095239,Mangualde,MGL
1900,[95020283],41.81624804090909,-6.7613904181818185,Bragança,BGC
1901,[95025688],40.23403737500001,-7.499397837500001,Covilhã,CVL
1902,"[95036811, 851346181, 851346182, 851346186, 851346187]",39.62160022272728,-8.43816295909091,Tomar,TMR
1903,[95036851],39.517451099999995,-8.412984204166667,Tomar,TMR
1904,"[95096840, 1193108812, 1193108814, 1193108815, 1193156397, 1193156398]",41.52236772173913,-8.610506860869565,Barcelos,BCL
1905,"[95096854, 905124195, 905124196, 905124197, 1193108813, 1193156399, 1193156400]",41.52282772173913,-8.609449204347825,Barcelos,BCL
1906,"[95097867, 1544670235, 1544670236, 1544670237, 1544670238, 1544670239]",40.653228385714286,-8.616685023809524,Aveiro,AVR
1907,"[95097872, 1544670232, 1544670233, 1544670234]",40.651018300000004,-8.61683509047619,Aveiro,AVR
1908,"[95097874, 1544670246, 1544670247, 1544670248]",40.646159916,-8.602157832,Aveiro,AVR
1909,[95098010],41.519490999999995,-8.606076555,Barcelos,BCL
1910,[95112387],41.79117329500001,-8.527069130000001,Ponte de Lima,PTL
1911,[95117432],41.847859661904764,-8.775155942857142,Caminha,CMN
1912,[95117433],41.84835711904763,-8.777447099999998,Caminha,CMN
1913,"[95117796, 743684116, 1082054799, 1082054800, 1346936363, 1346936364]",41.12603479090909,-8.608101177272728,Vila Nova de Gaia,VNG
1914,"[95120031, 1499043154]",41.375930981818186,-8.598480895454545,Vila Nova de Famalicão,VNF
1915,"[95122544, 320002381, 320002382]",32.680481138888894,-17.039584083333335,Ribeira Brava,RBR
1916,"[95127166, 859507153, 1018375460, 1018375461, 1018551331, 1018551332]",41.159265915000006,-8.57178782,Porto,PRT
1917,"[95139830, 775615113, 775615114, 775615115]",39.80994150000001,-8.843055617391304,Leiria,LRA
1918,"[95139934, 1165062667]",41.80083852083333,-8.801974433333333,Viana do Castelo,VCT
1919,"[95141356, 1053827758]",38.72600181363636,-8.907485,Alcochete,ACH
1920,"[95141631, 1498186109, 1498186110, 1498186130, 1498202787, 1498202796, 1498220431, 1498220445]",41.34229194545454,-8.557409904545453,Trofa,TRF
1921,"[95141772, 1529755926, 1529755927, 1529755936]",40.622438009375,-7.918660271875,Viseu,VIS
1922,[95151568],39.412122600000004,-9.151681591666668,Caldas da Rainha,CLD
1923,[95151617],39.43755870869565,-9.18674543478261,Caldas da Rainha,CLD
1924,"[95162743, 891081323, 891081324, 891081325, 891081326, 1365631570]",38.64911586521739,-8.996954147826086,Moita,MTA
1925,[95171208],40.5406687,-7.270856731818182,Guarda,GRD
1926,[95171651],39.693426009090906,-7.698387877272728,Vila Velha de Ródão,VVR
1927,"[95171678, 1026506844, 1026749220, 1026749221, 1111655604, 1111655627]",41.313906335,-7.69491985,Vila Real,VRL
1928,[95194844],38.9470268,-8.067697063636365,Mora,MOR
1929,"[95194889, 871480637, 871480638, 1431495797, 1431495798, 1431495799, 1431495800]",38.93387576875,-8.16885538125,Mora,MOR
1930,[95195358],40.53375764761904,-7.252854904761904,Guarda,GRD
1931,[95195359],40.5351747095238,-7.288977719047619,Guarda,GRD
1932,[95195366],40.544661454545455,-7.2528949272727266,Guarda,GRD
1933,[95195375],40.53764007727272,-7.238707940909092,Guarda,GRD
1934,"[95200071, 1498010841, 1498010842, 1498010843]",41.381212173076925,-8.497791996153845,Vila Nova de Famalicão,VNF
1935,"[95200079, 642984232, 1499334132, 1499334133]",41.38815552777778,-8.511065944444445,Vila Nova de Famalicão,VNF
1936,"[95200080, 95200083, 95200086, 95200089, 642984230, 642984231, 1446747124, 1446747125, 1446747126, 1446747127, 1498010840, 1498010844, 1499334131]",41.389662584375,-8.51034885,Vila Nova de Famalicão,VNF
1937,"[95202759, 1313355010, 1313589917, 1313589918, 1489771608, 1489771609]",41.339089027777774,-8.50615123888889,Santo Tirso,STS
1938,"[95204314, 1313355000, 1313589923, 1313589924, 1355354286, 1497943005]",41.341403569565216,-8.49210599130435,Santo Tirso,STS
1939,[95208387],40.05955395625,-8.863140934375,Figueira da Foz,FIG
1940,"[95210477, 628690863, 628690864, 628690865, 628690866, 681517269, 681528545, 1042464500, 1276697130, 1278679546, 1324996110]",38.753207734374996,-9.209112659375,Amadora,AMD
1941,"[95210478, 95596585, 95596588, 95596592, 683251199, 683251200, 683253325, 684471340]",38.75735891785714,-9.205196992857143,Amadora,AMD
1942,[95214399],39.922864626470584,-8.62933955,Pombal,PBL
1943,"[95214414, 454067057, 454067058, 454067059, 1314055300, 1314055301, 1314241825, 1314241826, 1322314893, 1322371453]",41.23456903125,-8.54054673125,Valongo,VLG
1944,[95215591],41.23111647727273,-8.532013286363638,Valongo,VLG
1945,"[95218907, 867852158, 867852159]",37.15808848499999,-7.894612385,São Brás de Alportel,SBA
1946,"[95218908, 867852156, 867852157]",37.153379083333334,-7.897980705555556,São Brás de Alportel,SBA
1947,"[95218913, 867852154, 867852155]",37.1507713,-7.893557323529412,São Brás de Alportel,SBA
1948,[95218917],37.15196465,-7.875492883333334,São Brás de Alportel,SBA
1949,[95221757],39.90893438095238,-8.638328042857141,Pombal,PBL
1950,[95224688],40.65107392272728,-8.070378618181818,Viseu,VIS
1951,[95229219],40.363274584375,-8.6029362,Cantanhede,CNT
1952,[95229234],40.356477118181814,-8.590070504545453,Cantanhede,CNT
1953,[95229235],40.3436550375,-8.5886715125,Cantanhede,CNT
1954,[95229270],40.3663531,-8.602250579166666,Cantanhede,CNT
1955,[95229277],40.3582726826087,-8.606419439130436,Cantanhede,CNT
1956,"[95230335, 1499604630, 1499604631, 1499604632]",41.409258757142865,-8.51788297142857,Vila Nova de Famalicão,VNF
1957,[95236506],40.40940346315789,-8.522898600000001,Cantanhede,CNT
1958,[95236509],40.408411735,-8.531108555,Cantanhede,CNT
1959,[95242189],40.896034953125,-8.4777290125,São João da Madeira,SJM
1960,[95245912],40.400844489473684,-8.482565368421053,Mealhada,MLD
1961,[95245946],40.386892185,-8.46756744,Mealhada,MLD
1962,[95258268],40.68759161052632,-8.516802857894737,Albergaria-a-Velha,ALB
1963,[95258279],40.68988298571429,-8.51428807142857,Albergaria-a-Velha,ALB
1964,[95263177],40.697732395,-8.490688215,Albergaria-a-Velha,ALB
1965,[95263180],40.69632976842105,-8.485867294736842,Albergaria-a-Velha,ALB
1966,[95263195],40.698799005263155,-8.489056621052633,Albergaria-a-Velha,ALB
1967,[95263200],40.71044695714285,-8.489940757142858,Albergaria-a-Velha,ALB
1968,[95263206],40.71045743913044,-8.488192391304347,Albergaria-a-Velha,ALB
1969,"[95273641, 628689269, 628689270, 628689271, 1230013767, 1237733985]",38.743462655555554,-9.205963429629628,Lisboa,LSB
1970,"[95273653, 628689272, 628689273, 628689274, 683831618, 693803575]",38.743021375,-9.205616925000001,Lisboa,LSB
1971,"[95281939, 1108051325, 1108051326, 1108051327]",39.446721568,-9.01686144,Caldas da Rainha,CLD
1972,[95282002],39.40746902173913,-9.152429873913043,Caldas da Rainha,CLD
1973,[95332257],40.68523545263158,-8.466739447368422,Albergaria-a-Velha,ALB
1974,"[95332260, 1342476693, 1342476694]",40.693142223809524,-8.4771081,Albergaria-a-Velha,ALB
1975,"[95340129, 1342482804, 1342482805, 1342482806]",40.68770511428572,-8.479130078571428,Albergaria-a-Velha,ALB
1976,"[95340130, 1544670207, 1544670208, 1544670209, 1552565662]",40.69104164736842,-8.479581131578948,Albergaria-a-Velha,ALB
1977,[95340180],40.68449271707317,-8.486852153658537,Albergaria-a-Velha,ALB
1978,[95340185],40.687103285714294,-8.475303385714287,Albergaria-a-Velha,ALB
1979,[95340206],40.688959829999995,-8.485149835,Albergaria-a-Velha,ALB
1980,"[95340224, 1342476695, 1342476696, 1342476697, 1342476698, 1347998380, 1553675121]",40.69050634,-8.473941700000001,Albergaria-a-Velha,ALB
1981,[95359307],40.679652376190475,-8.438975866666667,Águeda,AGD
1982,"[95384004, 1249743273, 1249743274, 1249743275]",39.28150949,-9.157007165,Bombarral,BBR
1983,[95384029],39.26371494500001,-9.162204025,Bombarral,BBR
1984,[95384030],39.27371280999999,-9.165559845,Bombarral,BBR
1985,[95384059],39.270302575,-9.155947135,Bombarral,BBR
1986,[95385426],39.23236550000001,-8.998673755999999,Cadaval,CDV
1987,"[95385434, 1171303413, 1171303414, 1171303415]",39.3648227652174,-9.097978104347826,Óbidos,OBD
1988,"[95386694, 1489512287, 1489512288, 1489512289, 1489512290, 1489512291, 1489512292]",41.2978757652174,-8.696175356521739,Vila do Conde,VCD
1989,[95388304],39.32536816842106,-8.9416306,Rio Maior,RMR
1990,[95388308],39.33201375,-9.000124040909093,Caldas da Rainha,CLD
1991,[95388320],39.297068368,-8.996782904,Caldas da Rainha,CLD
1992,"[95388322, 1124027750, 1124027751]",39.27523706,-9.020911790000001,Cadaval,CDV
1993,"[95395482, 1462851931, 1462851932, 1462851936, 1462851937, 1539825278]",40.72426069090909,-8.105814777272728,Vouzela,VZL
1994,"[95395676, 963702962, 963702963, 963702964]",39.17430370714285,-8.622128446428572,Almeirim,ALR
1995,[95395694],38.99330012083333,-8.718320722916667,Salvaterra de Magos,SMG
1996,[95395932],37.14573322608696,-8.455000952173915,Lagoa,LGA
1997,[95411713],40.35552038947369,-8.45287495263158,Mealhada,MLD
1998,"[95418742, 1463752560, 1463752561, 1463752568]",40.68354268,-8.19949004,Vouzela,VZL
1999,"[95418752, 1463752558, 1463752559, 1463752569]",40.68263408181818,-8.200497931818182,Vouzela,VZL
2000,"[95421406, 1545517164, 1545517175, 1545517176]",40.685462388235294,-8.26928078235294,Oliveira de Frades,OFR
2001,"[95424069, 1171303416, 1171303417, 1171303418]",39.36923928181818,-9.107009254545453,Óbidos,OBD
2002,"[95425551, 317648274, 317648282, 317648287, 1044284976, 1044284977]",41.53492525,-8.4470769,Braga,BRG
2003,"[95425631, 317648276, 317648283, 317648285]",41.5348095875,-8.445289741666667,Braga,BRG
2004,"[95429637, 317648267, 317648280, 317648288, 328988269, 977330034, 1083469843, 1235199751, 1235199752, 1235199753, 1235199754]",41.53499395,-8.439984931818183,Braga,BRG
2005,"[95435461, 1314362060, 1314830280, 1314830283, 1391015475, 1391015476]",38.816664152,-9.17402672,Loures,LRS
2006,"[95435528, 1017819757, 1021537306, 1021537310, 1021537311, 1021539406]",38.64401943571428,-9.098001953571428,Seixal,SXL
2007,"[95437981, 885992584, 885992585, 885992586]",40.16572794090909,-8.417668836363639,Coimbra,CBR
2008,[95438076],40.16371722,-8.422437235,Coimbra,CBR
2009,"[95462608, 317913401, 783197733, 783197734]",41.60434128333333,-8.428131458333334,Braga,BRG
2010,[95465785],41.82274530869565,-8.414354469565218,Arcos de Valdevez,AVV
2011,"[95493568, 1474784269, 1486809805, 1486809806, 1486809807, 1486809808, 1486809809, 1486809810]",41.35205324583333,-8.472197158333334,Santo Tirso,STS
2012,"[95497273, 1084686508, 1084686510]",40.81824936666667,-8.669826790476188,Murtosa,MRS
2013,[95503925],39.282500423809516,-9.224536004761907,Lourinhã,LNH
2014,"[95510769, 537930426, 592053388, 1340380018, 1340380019, 1340380030, 1340380031]",38.857734183333335,-9.099599272222223,Vila Franca de Xira,VFX
2015,[95512006],40.21461213157895,-8.395206236842105,Coimbra,CBR
2016,"[95512265, 1018367478, 1019431818, 1297795855]",38.58710022105263,-9.053188184210526,Seixal,SXL
2017,"[95512270, 1018367479, 1018367480, 1018367515]",38.583601338095235,-9.048483928571427,Barreiro,BRR
2018,[95516423],41.624645404000006,-8.351060588000001,Amares,AMR
2019,[95539929],40.278866625,-8.643550916666667,Montemor-o-Velho,MMV
2020,"[95548356, 1462851929, 1462851930, 1462851938, 1462851944, 1462851947]",40.72197155238096,-8.116250680952382,Vouzela,VZL
2021,"[95548371, 1462851927, 1462851928, 1462851939]",40.72482768333334,-8.121887922222221,Vouzela,VZL
2022,"[95596582, 849612820, 849612821, 849612822, 1012806947, 1012893165, 1338145150, 1338145151, 1338145185, 1338145186]",38.7599174375,-9.200754235,Amadora,AMD
2023,"[95598974, 628690916, 1042464498, 1042464499, 1278873140, 1324996109]",38.750596716666664,-9.210748004166666,Lisboa,LSB
2024,[95599988],41.281230845454544,-8.279074890909092,Lousada,LOU
2025,[95600125],39.595064855,-8.409300599999998,Tomar,TMR
2026,"[95600162, 1244135562, 1244135563, 1244135564]",39.594799816,-8.40795952,Tomar,TMR
2027,"[95628001, 779200199, 779200200, 779200201]",39.89181288076923,-8.811590446153847,Leiria,LRA
2028,[95628004],41.696194825,-8.8313871875,Viana do Castelo,VCT
2029,[95632892],40.160861835000006,-8.457209780000001,Coimbra,CBR
2030,[95634607],40.14513754347826,-8.463978960869566,Coimbra,CBR
2031,[95634621],40.15262908,-8.45916886,Coimbra,CBR
2032,[95640641],40.19759359,-8.50910581,Coimbra,CBR
2033,[95640644],40.201540609090905,-8.50798559090909,Coimbra,CBR
2034,[95665208],40.385178874999994,-8.104356585000001,Santa Comba Dão,SCD
2035,[95665544],41.46446244545455,-8.173142254545455,Fafe,FAF
2036,[95673627],40.362216405263155,-8.020987700000001,Tábua,TBU
2037,[95673636],40.36388946000001,-8.009922624999998,Tábua,TBU
2038,[95673648],40.35651762857143,-8.025545385714286,Tábua,TBU
2039,[95673708],40.36220426086957,-8.034098226086956,Tábua,TBU
2040,[95673780],40.360297466666665,-8.026716214814813,Tábua,TBU
2041,"[95696975, 1465700968, 1465700969, 1465700970]",40.70772208695652,-8.242482430434782,Oliveira de Frades,OFR
2042,[95710171],40.78334785217392,-8.549891139130434,Estarreja,ETR
2043,"[95732358, 1146814726, 1146814727]",37.12773844782608,-8.038706191304348,Loulé,LLE
2044,[95750851],38.6995999,-9.36403406190476,Cascais,CSC
2045,"[95754527, 654475012, 654475013, 877297432, 1557639078]",40.52285032272727,-8.074243195454544,Tondela,TND
2046,[95754528],40.51725832727272,-8.076326831818182,Tondela,TND
2047,"[95754529, 1431473976, 1557639081]",40.51175506521739,-8.079582773913042,Tondela,TND
2048,[95775571],40.003657194736846,-8.209764100000001,Castanheira de Pêra,CPR
2049,[95775572],40.002369472727274,-8.21362554090909,Castanheira de Pêra,CPR
2050,"[95778977, 892717694, 892717695, 892717696]",39.99880260952381,-8.210718852380952,Castanheira de Pêra,CPR
2051,[95778979],40.001130440000004,-8.212196916,Castanheira de Pêra,CPR
2052,[95779316],40.00254617916667,-8.210548158333333,Castanheira de Pêra,CPR
2053,[95779617],40.00675254090908,-8.209135213636362,Castanheira de Pêra,CPR
2054,[95783958],40.386614427272725,-7.9400066272727265,Tábua,TBU
2055,[95783970],40.36648982916667,-7.8804771125,Oliveira do Hospital,OHP
2056,[95798675],40.281724265,-7.478408495000001,Covilhã,CVL
2057,"[95841099, 1544670225]",40.654311240909095,-8.619966136363637,Aveiro,AVR
2058,"[95842785, 1193144958, 1193144959, 1193156380, 1193156385]",41.53379379565218,-8.605630256521739,Barcelos,BCL
2059,"[95851714, 1455545814, 1455545815, 1455545827, 1455545828, 1455545836, 1455801006]",40.817919483333334,-7.538312499999999,Aguiar da Beira,AGB
2060,"[95851721, 1455545816, 1455545817, 1455545826, 1455801005, 1547532557]",40.818819005,-7.539992669999999,Aguiar da Beira,AGB
2061,[95917925],40.618126466666666,-7.539995152380951,Fornos de Algodres,FAG
2062,"[95917953, 1476334176, 1476334177]",40.619683984999995,-7.538065780000001,Fornos de Algodres,FAG
2063,[95919658],40.990831330000006,-7.395008079999999,Penedono,PND
2064,"[95919661, 1546004933, 1546004934, 1546004980]",40.990025769565214,-7.398018669565217,Penedono,PND
2065,[95920561],40.958194619047624,-7.259798266666666,Mêda,MED
2066,[95920563],40.96385142272728,-7.273164277272727,Mêda,MED
2067,[95920564],40.96324535833333,-7.267160341666666,Mêda,MED
2068,[95924923],40.97403115909091,-7.261266672727274,Mêda,MED
2069,[95926256],37.51731337962963,-8.70842764074074,Odemira,ODM
2070,"[95932164, 1065399575]",37.73967400434782,-8.76605582173913,Odemira,ODM
2071,"[95932514, 1546004955, 1546004956, 1547532560]",40.90699735714285,-7.459017042857143,Sernancelhe,SRN
2072,"[95932515, 1547532546, 1547532547, 1547532562, 1547532563]",40.94302716818182,-7.390340204545453,Penedono,PND
2073,"[95932517, 1546004949, 1546004950, 1546004957]",40.90480910454546,-7.465416245454548,Sernancelhe,SRN
2074,[95933360],37.75127081363637,-8.756800786363636,Odemira,ODM
2075,"[95936445, 1547532549]",40.93864817,-7.425529379999999,Penedono,PND
2076,"[95936456, 1547532554, 1547532555, 1547532561]",40.908359526666665,-7.458047073333334,Sernancelhe,SRN
2077,"[95948592, 1319691408, 1319691409, 1319691411, 1323714308, 1354948629, 1499093063]",41.35286313636363,-8.4672272,Santo Tirso,STS
2078,[95948900],41.49285514285714,-6.27648240952381,Miranda do Douro,MDR
2079,"[95961007, 1475933421, 1475933422, 1475933441]",40.83925835263158,-7.732628915789474,Vila Nova de Paiva,VNP
2080,"[95961008, 1475933418, 1475933419, 1475933442, 1475933443]",40.85014043809524,-7.732581023809523,Vila Nova de Paiva,VNP
2081,[95965249],40.84939115454545,-7.722929304545456,Vila Nova de Paiva,VNP
2082,"[95968926, 1475933445, 1475933446, 1475933504]",40.85039211304348,-7.740115565217391,Vila Nova de Paiva,VNP
2083,"[95984895, 1347419752, 1432017915, 1432136286, 1432136287]",41.120373065,-8.600714275000001,Vila Nova de Gaia,VNG
2084,"[95984953, 1031506682, 1031506684, 1031506685, 1031506686, 1346898312, 1346936374]",41.12474096818182,-8.596426213636365,Vila Nova de Gaia,VNG
2085,[95988337],41.61099823913044,-7.3192990260869575,Valpaços,VLP
2086,[95995874],41.66201814615385,-7.316099792307691,Valpaços,VLP
2087,"[95999609, 1456556778, 1456556779, 1456556826, 1456556827]",40.52792381363637,-7.852212490909091,Nelas,NLS
2088,[96000463],41.65730984736842,-7.263779121052633,Valpaços,VLP
2089,[96000467],41.613825533333326,-7.306401866666666,Valpaços,VLP
2090,"[96003567, 1475933468, 1475933469, 1475933481, 1475933482]",40.78722155714286,-7.745774233333334,Vila Nova de Paiva,VNP
2091,"[96003622, 1475933466, 1475933467, 1475933483, 1475933484, 1475933498]",40.7895418,-7.7475899454545445,Vila Nova de Paiva,VNP
2092,"[96005284, 1455109878, 1455109879, 1455109901, 1455109902]",40.75219036818182,-7.739826099999999,Sátão,SAT
2093,"[96005287, 754824486, 754824487, 754824488]",40.745552031578946,-7.7346713105263145,Sátão,SAT
2094,[96021068],39.268667234999995,-7.418747345,Portalegre,PTG
2095,[96021069],39.278567772727264,-7.4319060318181815,Portalegre,PTG
2096,[96021074],39.27941581904762,-7.431070971428572,Portalegre,PTG
2097,"[96021130, 1320159337, 1320159338, 1320159339]",40.35860590909091,-7.857827636363637,Oliveira do Hospital,OHP
2098,[96021131],40.36442913809523,-7.854684404761904,Oliveira do Hospital,OHP
2099,"[96021136, 913994970, 913994972, 914780766, 914780767, 914780768, 1310711976]",40.361772048000006,-7.856761875999999,Oliveira do Hospital,OHP
2100,"[96021140, 1320159334, 1320159335, 1320159336]",40.360482176190466,-7.8571287428571415,Oliveira do Hospital,OHP
2101,"[96021150, 1320159340, 1320159341, 1320159342]",40.3570976076923,-7.8567681038461545,Oliveira do Hospital,OHP
2102,[96021153],40.45007993913044,-7.850989508695651,Oliveira do Hospital,OHP
2103,[96021159],40.36288218823529,-7.853422252941177,Oliveira do Hospital,OHP
2104,[96021417],40.456212145,-7.838951509999999,Oliveira do Hospital,OHP
2105,[96022279],39.013327482608695,-7.25495112173913,Elvas,ELV
2106,[96054069],41.397787676190475,-7.446401709523808,Murça,MUR
2107,"[96056310, 1531514308, 1531514309, 1531514317, 1531514318]",40.61553355,-7.961462683333333,Viseu,VIS
2108,"[96056504, 1162650399]",37.948556520000004,-7.596826264999999,Serpa,SRP
2109,"[96056507, 1162650413]",37.93820784285714,-7.592651161904762,Serpa,SRP
2110,"[96056524, 1215606042, 1215606043, 1217308547]",37.94309887000001,-7.605625590000001,Serpa,SRP
2111,"[96056526, 1215606040, 1215606041, 1215610723, 1215610724, 1217308546]",37.93969558571429,-7.605066904761904,Serpa,SRP
2112,"[96056534, 1162650412]",37.938411338095236,-7.598262085714287,Serpa,SRP
2113,"[96056537, 1162650405, 1162650406]",37.93889076666667,-7.602025780000001,Serpa,SRP
2114,"[96056538, 1162650402]",37.9469425875,-7.602192116666667,Serpa,SRP
2115,[96056548],38.31509227619048,-7.705662628571428,Portel,PRL
2116,[96061009],40.5732018,-8.615827468181818,Vagos,VGS
2117,"[96061012, 986738461, 986738462, 986738463, 986738464, 986738465, 986738466, 986738467]",40.57922354090909,-8.630395718181818,Ílhavo,ILH
2118,[96061047],40.574302295454544,-8.62204045,Vagos,VGS
2119,[96064990],41.38195907826088,-8.717153991304349,Vila do Conde,VCD
2120,[96072167],40.85542539166667,-8.574691345833333,Ovar,OVR
2121,"[96074438, 1545846993, 1545846994, 1545847001]",40.8913146047619,-8.595921666666667,Ovar,OVR
2122,"[96074445, 1545846995, 1545846996, 1545847000]",40.88613894999999,-8.60278924090909,Ovar,OVR
2123,"[96081607, 1119151458, 1119151459, 1119151462, 1119151463, 1302264774, 1302264775, 1441704662, 1441724896]",41.2058660875,-8.540995268749999,Valongo,VLG
2124,"[96081617, 1119151456, 1119151457, 1119151464, 1119151465]",41.20499989090909,-8.548119054545452,Valongo,VLG
2125,"[96081661, 439897730, 439897731]",40.23606775555555,-7.488781577777778,Covilhã,CVL
2126,"[96083823, 1282481897, 1282481898, 1283642571, 1283642572]",41.23849939090909,-8.497009136363635,Valongo,VLG
2127,[96087647],40.9649963923077,-7.2575228538461545,Mêda,MED
2128,[96095145],37.71664103214285,-25.442368453571426,Vila Franca do Campo,VFC
2129,[96096198],41.260821318181826,-8.333322481818183,Lousada,LOU
2130,[96098569],41.264884572727276,-8.075862522727274,Amarante,AMT
2131,[96131949],39.279456940909085,-7.61537474090909,Crato,CRT
2132,[96131954],39.28082727391304,-7.616244734782608,Crato,CRT
2133,[96132568],39.28960901153846,-7.455975407692307,Portalegre,PTG
2134,[96169832],39.26827069714286,-7.439322065714285,Portalegre,PTG
2135,[96169837],39.270365917647055,-7.4418426058823535,Portalegre,PTG
2136,[96170460],39.26738314705882,-7.4291084,Portalegre,PTG
2137,[96170531],39.26750460555556,-7.425222127777778,Portalegre,PTG
2138,[96170616],39.26759921,-7.42233107,Portalegre,PTG
2139,[96173295],39.27341409444444,-7.424161577777777,Portalegre,PTG
2140,[96175189],39.26093968421053,-7.436541668421053,Portalegre,PTG
2141,[96176782],39.26135818499999,-7.423929829999999,Portalegre,PTG
2142,[96183737],39.298068549999996,-7.426360383333334,Portalegre,PTG
2143,"[96187925, 1472453944, 1472453945]",41.064162716666665,-8.642213983333333,Vila Nova de Gaia,VNG
2144,"[96209249, 1266323854]",41.76595715454546,-7.479993827272727,Chaves,CHV
2145,"[96344815, 1349970649]",41.147050595,-7.4066524000000005,São João da Pesqueira,SJP
2146,[96376485],37.102812645,-8.14396939,Loulé,LLE
2147,[96438108],37.32013687058823,-8.796591123529412,Aljezur,AJZ
2148,[96449586],39.48249503809524,-8.326163257142857,Constância,CNS
2149,[96450321],39.48611878235294,-8.330907488235294,Constância,CNS
2150,[96452369],39.48269603043478,-8.328297586956522,Constância,CNS
2151,[96453856],37.315195862500005,-8.861006912499999,Aljezur,AJZ
2152,[96464537],37.29907557222222,-8.853175872222222,Aljezur,AJZ
2153,[96498000],37.13011556190476,-8.247754142857143,Albufeira,ABF
2154,"[96516267, 233219615, 233219619, 233219630, 1319121825, 1319228671]",38.81777157272727,-9.40643111818182,Sintra,SNT
2155,"[96516329, 233219607, 233219621, 233219634, 565027657]",38.80715664545455,-9.397933299999998,Sintra,SNT
2156,"[96555943, 1132437906]",40.339614505,-7.716105235000001,Seia,SEI
2157,"[96566022, 740252830]",40.40142369375,-7.7128973625,Seia,SEI
2158,[96612728],37.23314692,-8.121585624999998,Loulé,LLE
2159,"[96641391, 1302967021]",37.16590447272728,-8.26204039090909,Silves,SLV
2160,[96641447],37.16960850454546,-8.256709218181816,Silves,SLV
2161,"[96693097, 628844990]",40.769071861904756,-7.354362471428571,Trancoso,TCS
2162,"[96693156, 606923252]",40.7817171125,-7.35434629375,Trancoso,TCS
2163,"[96693176, 628844989]",40.76542204736842,-7.355166315789472,Trancoso,TCS
2164,[96694890],40.344772122727264,-6.849823159090909,Sabugal,SBG
2165,"[96711545, 1455545804]",40.704496330000005,-7.5569972650000015,Aguiar da Beira,AGB
2166,[96761227],41.744458481818185,-8.797235436363636,Viana do Castelo,VCT
2167,[96761245],41.74276762727273,-8.797846977272728,Viana do Castelo,VCT
2168,[96764268],41.70679003636363,-8.80144949090909,Viana do Castelo,VCT
2169,[96764315],41.71023938571428,-8.802739695238094,Viana do Castelo,VCT
2170,"[96794718, 1367192170, 1367192171, 1367192172]",40.219807645833335,-8.054145629166667,Arganil,AGN
2171,[96798074],41.84813127333334,-8.42014616,Arcos de Valdevez,AVV
2172,[96807139],41.0191359,-7.775073489473685,Tarouca,TRC
2173,[96814357],39.817307809090906,-8.18640473181818,Sertã,SRT
2174,[96823637],37.02918876190476,-7.830683071428571,Olhão,OLH
2175,[96824749],37.029796055000006,-7.846624220000001,Olhão,OLH
2176,"[96824792, 1481650111, 1481650112, 1481650113]",37.02882008181819,-7.836409009090908,Olhão,OLH
2177,[96826081],41.02052626315789,-7.7770604789473685,Tarouca,TRC
2178,[96826426],37.034962595652175,-7.836545147826087,Olhão,OLH
2179,[96849940],37.763965975000005,-25.614821831249998,Ponta Delgada,PDL
2180,[96850830],41.49167829523809,-8.701111966666666,Barcelos,BCL
2181,[96950233],37.14988288888889,-8.356202,Silves,SLV
2182,"[96950235, 770882647, 770882648, 770882649, 770882650, 770882651, 770882652, 770882653]",37.14919067500001,-8.357425455,Silves,SLV
2183,[96950237],37.14988778181818,-8.353840181818184,Silves,SLV
2184,[96950240],37.15261215454546,-8.35516612272727,Silves,SLV
2185,[96950254],37.14963750526316,-8.350021615789474,Silves,SLV
2186,[96950256],37.15635378235294,-8.355810005882354,Silves,SLV
2187,[97035962],37.127098943478266,-8.2314282,Albufeira,ABF
2188,[97210897],40.303564542857146,-8.348541495238097,Penacova,PCV
2189,[97210899],40.302422875000005,-8.347731965,Penacova,PCV
2190,"[97236671, 1154599152, 1154599153, 1302872729]",41.15170976500001,-8.545333095,Gondomar,GDM
2191,"[97236672, 1302872730, 1302872731, 1302872732]",41.148113234375,-8.54772895,Gondomar,GDM
2192,[97267699],40.27761572083333,-8.2844781125,Penacova,PCV
2193,[97310605],40.576376008333334,-8.417231958333334,Águeda,AGD
2194,"[97314561, 1345106693, 1345106694, 1345106695]",40.62368089545455,-8.382407804545453,Águeda,AGD
2195,[97375641],38.74162399000001,-9.14982095,Lisboa,LSB
2196,[97546935],39.74936069545454,-7.917773872727275,Proença-a-Nova,PNV
2197,[97561140],41.336552121739125,-7.703662617391305,Vila Real,VRL
2198,[97566335],37.08557144500001,-7.97120034,Faro,FAR
2199,[97566350],37.088449935,-7.976019079999999,Loulé,LLE
2200,[97588865],38.96467721875,-8.5336983125,Coruche,CCH
2201,[97589709],38.95788772857143,-8.523577747619049,Coruche,CCH
2202,[97673975],39.0558686882353,-8.708848788235295,Salvaterra de Magos,SMG
2203,[97675273],39.03989315,-8.70702625,Salvaterra de Magos,SMG
2204,[97701342],38.72807000625,-9.147757537499999,Lisboa,LSB
2205,"[97721317, 1346945183, 1346945184, 1346945185, 1346945186, 1346945187, 1346945188]",41.13083961363636,-8.596885572727274,Vila Nova de Gaia,VNG
2206,[97721344],41.128204833333335,-8.603893852380953,Vila Nova de Gaia,VNG
2207,[97758610],37.42701797777777,-8.772807783333333,Aljezur,AJZ
2208,[97848538],39.287933208695655,-7.640918243478261,Crato,CRT
2209,[97852576],39.20854595217392,-8.619942817391305,Almeirim,ALR
2210,"[97852587, 963705865, 963705866, 963705867]",39.189646681250004,-8.6248711,Almeirim,ALR
2211,"[97852605, 963705871, 963705872, 963705873]",39.214663973913055,-8.622842421739131,Almeirim,ALR
2212,"[97852618, 963705868, 963705869, 963705870]",39.19855646,-8.627031754999999,Almeirim,ALR
2213,[97852675],39.23788510833333,-8.54832245,Alpiarça,APC
2214,[97852719],39.198028369999996,-8.62784889,Almeirim,ALR
2215,[97858069],39.1864020625,-8.566475125,Alpiarça,APC
2216,[97888523],39.29043811578947,-7.642898994736842,Crato,CRT
2217,[98027978],39.289561739999996,-7.6504247649999995,Crato,CRT
2218,"[98031200, 166760016, 1115842762, 1346233631, 1347456812]",32.64664732,-16.912996120000003,Funchal,FNC
2219,[98031988],39.196105480952376,-8.621515376190475,Almeirim,ALR
2220,"[98037236, 880394256, 880394257]",39.01309250526316,-7.065063468421052,Campo Maior,CMR
2221,[98386015],37.25529226842106,-8.285298310526317,Silves,SLV
2222,[98394345],37.19638982666667,-8.433501446666668,Silves,SLV
2223,[98494730],40.30310795,-8.16540359,Penacova,PCV
2224,"[98494733, 1421361025, 1421361026]",41.4438287952381,-8.335343442857143,Guimarães,GMR
2225,[98494740],40.29945410526316,-8.179171678947368,Penacova,PCV
2226,[98525644],41.31658464848484,-7.1769315727272724,Vila Flor,VFL
2227,"[98530305, 659149999]",42.108131615000005,-8.26369641,Melgaço,MLG
2228,[98530332],42.110129586363634,-8.260413445454546,Melgaço,MLG
2229,[98642318],42.11217816774194,-8.261292029032258,Melgaço,MLG
2230,[98642329],42.116945281250004,-8.272420462500001,Melgaço,MLG
2231,[98642383],41.81482694545455,-6.760320177272728,Bragança,BGC
2232,[98653722],37.1187881483871,-8.530209461290323,Portimão,PTM
2233,[98656270],40.655111595238104,-8.448302928571428,Águeda,AGD
2234,"[98742587, 1463688988, 1463688989, 1463688990]",37.12622077419355,-8.538340864516126,Portimão,PTM
2235,"[98742590, 1463234975, 1463234976, 1463235023]",37.12175543548386,-8.535435635483868,Portimão,PTM
2236,"[98782675, 1463234999, 1463235000, 1463235001, 1463235002, 1463235003]",37.13344279655172,-8.54231978275862,Portimão,PTM
2237,"[98782702, 1463235024, 1463235025, 1463235068]",37.13138555333333,-8.535731213333333,Portimão,PTM
2238,[98782719],37.12298330333333,-8.530797216666667,Portimão,PTM
2239,[98824053],41.30531334090909,-7.1518439681818196,Vila Flor,VFL
2240,[98835909],41.142747914285714,-8.639717571428573,Vila Nova de Gaia,VNG
2241,"[98835919, 1225499010, 1225499011, 1225499012, 1225499013, 1225499014, 1225499015, 1225499016]",41.13669180454545,-8.65927262727273,Vila Nova de Gaia,VNG
2242,"[98835927, 483695123, 743663931, 743684115, 1082291362, 1346936362]",41.12673518421053,-8.611095389473684,Vila Nova de Gaia,VNG
2243,"[98836006, 1467356762, 1467356763, 1467390395, 1467390396, 1556666441, 1556668414]",41.11417048571428,-8.614621671428571,Vila Nova de Gaia,VNG
2244,[98840357],37.13673930322581,-8.536823287096773,Portimão,PTM
2245,[98858997],40.520243022727264,-7.220242118181818,Guarda,GRD
2246,"[98870532, 923586110, 923586111, 1424488071]",40.72792108181819,-6.9012182318181825,Almeida,ALD
2247,[98874695],40.75640430555555,-6.869429427777778,Almeida,ALD
2248,"[98877577, 1349970658]",40.898249215,-6.965802459999999,Figueira de Castelo Rodrigo,FCR
2249,"[98877595, 902314243]",40.891632860869564,-6.956677717391305,Figueira de Castelo Rodrigo,FCR
2250,[98884630],40.82649326818182,-6.892708095454546,Figueira de Castelo Rodrigo,FCR
2251,[98897643],37.12874514999999,-8.542643513333333,Portimão,PTM
2252,"[98897775, 824700133, 824700134, 1026772810, 1118145505]",41.276365280952376,-7.717501776190476,Vila Real,VRL
2253,[98937155],37.134591770967745,-8.549670654838712,Portimão,PTM
2254,[98937166],37.13435915757575,-8.546624069696971,Portimão,PTM
2255,[98940185],37.13449069000001,-8.553364916666665,Portimão,PTM
2256,[98940208],37.129426540000004,-8.549039623333334,Portimão,PTM
2257,[98945043],40.50846354545455,-8.434804949999998,Águeda,AGD
2258,"[98945982, 528568843, 528568844, 528568845]",40.51938099545455,-8.426175013636366,Águeda,AGD
2259,[98958198],39.355915260869565,-9.387917134782608,Peniche,PNI
2260,[98958216],39.35681599473684,-9.373926757894735,Peniche,PNI
2261,[98958224],39.359404770000005,-9.393296300000001,Peniche,PNI
2262,[98958320],39.355718163157896,-9.356339715789474,Peniche,PNI
2263,[98958355],39.36131865714286,-9.390878952380952,Peniche,PNI
2264,[98958386],39.353863700000005,-9.37199987368421,Peniche,PNI
2265,[98973937],37.13494635,-8.543383509090908,Portimão,PTM
2266,"[98995440, 1349970667]",41.342307652173915,-6.710905191304348,Mogadouro,MGD
2267,"[98995460, 1349836777]",41.585073971428564,-6.531185709523809,Vimioso,VMS
2268,[98995461],41.5776377,-6.52727211875,Vimioso,VMS
2269,[98995465],41.349173825,-6.702984174999999,Mogadouro,MGD
2270,[98995466],41.342715283333334,-6.711040111111111,Mogadouro,MGD
2271,[98995493],41.57165030625,-6.531686206249999,Vimioso,VMS
2272,"[98995508, 1349836778]",41.58268263478261,-6.532943326086956,Vimioso,VMS
2273,[98996676],37.125215472222216,-8.548365216666667,Portimão,PTM
2274,[99000128],41.5629622,-6.538434799999999,Vimioso,VMS
2275,[99000129],41.55758536875,-6.53986118125,Vimioso,VMS
2276,[99009960],41.419282881818184,-6.868292531818181,Macedo de Cavaleiros,MCD
2277,[99016455],41.140404181818184,-8.635993227272728,Vila Nova de Gaia,VNG
2278,"[99016769, 483695115, 483695116, 1030031037, 1030031041, 1345697472, 1345697473, 1557817248]",41.115437988888885,-8.606618650000001,Vila Nova de Gaia,VNG
2279,"[99116345, 1347605539, 1348056000, 1348056001, 1410451752, 1410451753]",41.1258905,-8.63678397368421,Vila Nova de Gaia,VNG
2280,"[99116387, 1347605536, 1347605537, 1347605538]",41.12485574210527,-8.640838736842106,Vila Nova de Gaia,VNG
2281,[99157230],41.82397006086956,-7.797821404347827,Montalegre,MTR
2282,[99157250],41.828088295,-7.7890658099999985,Montalegre,MTR
2283,[99157264],41.8255941,-7.78851343,Montalegre,MTR
2284,[99162222],41.82659792727273,-7.7742991272727275,Montalegre,MTR
2285,"[99176127, 1334861189, 1335852050, 1335852051]",38.80003528947368,-9.099363163157895,Loures,LRS
2286,[99177010],41.81358822727273,-7.7904535818181815,Montalegre,MTR
2287,[99178996],38.75085580500001,-9.118104589999998,Lisboa,LSB
2288,"[99185130, 483715733, 483715735, 1030031026, 1030031027, 1030031028]",41.1193745125,-8.6234032125,Vila Nova de Gaia,VNG
2289,"[99185173, 483715736, 483715737, 1030031023, 1030031024, 1030031025]",41.11978347368421,-8.625443473684209,Vila Nova de Gaia,VNG
2290,"[99185234, 483715731, 483715732, 1030031029, 1030031030, 1030031031]",41.117310926315795,-8.621639805263158,Vila Nova de Gaia,VNG
2291,"[99202974, 1298894701, 1356436351, 1356436356, 1356436357, 1356796929, 1365427021]",38.59316853181818,-8.996163090909091,Palmela,PLM
2292,[99223326],38.72432021153846,-9.006100149999998,Alcochete,ACH
2293,"[99223344, 1019610533, 1019614463, 1019614464]",38.71948493181817,-8.998907381818183,Alcochete,ACH
2294,"[99223377, 1019610541, 1019614461, 1019614462, 1270464011]",38.7212676173913,-9.000951447826088,Alcochete,ACH
2295,"[99244911, 1054260416, 1463235052, 1463235053]",37.12341125333333,-8.400201386666666,Lagoa,LGA
2296,"[99256714, 1347605532, 1347605533, 1347605534]",41.12293525714286,-8.645220047619047,Vila Nova de Gaia,VNG
2297,"[99256754, 1347605528, 1347605529, 1347605530, 1347605531]",41.115545420000004,-8.64937685,Vila Nova de Gaia,VNG
2298,[99349851],37.14281492666667,-8.539763816666667,Portimão,PTM
2299,[99349873],37.144253713793105,-8.5375768,Portimão,PTM
2300,[99362614],38.38221313333333,-7.332073133333334,Mourão,MOU
2301,[99473003],37.14455655999999,-8.544241699999999,Portimão,PTM
2302,[99473053],37.145024506666665,-8.546705300000003,Portimão,PTM
2303,"[99500313, 1016750463, 1016753842, 1016753843, 1018367496, 1018367500]",38.5525941,-9.052014044444444,Sesimbra,SSB
2304,"[99500320, 1018367497, 1019420798, 1019420799]",38.555348819047616,-9.041590285714287,Sesimbra,SSB
2305,"[99500328, 1019420797, 1019428632, 1019428633, 1299019465, 1365862600]",38.552745905263166,-9.040156494736841,Sesimbra,SSB
2306,[99620248],37.145603561904764,-8.55961819047619,Portimão,PTM
2307,[99620322],37.14179518095237,-8.555381719047618,Portimão,PTM
2308,[99620335],37.14604014444444,-8.535557472222223,Portimão,PTM
2309,[99634985],37.156189930434785,-8.561540952173912,Portimão,PTM
2310,"[99683154, 1018367499]",38.55331015555555,-9.048851405555556,Sesimbra,SSB
2311,"[99684189, 1016750431, 1016753850, 1016753851, 1019420804, 1019428629]",38.571567035,-9.038194784999998,Sesimbra,SSB
2312,"[99685523, 1016750439, 1016753846, 1016753847, 1019431822, 1297795851]",38.567143103846156,-9.052070623076924,Sesimbra,SSB
2313,[99764417],37.13630117619048,-8.463181200000001,Lagoa,LGA
2314,"[99835057, 1245892623, 1245892624, 1349596885, 1349596907, 1349596908, 1359177413]",38.52420968695652,-9.019602247826088,Setúbal,STB
2315,[99848732],41.596555312499994,-8.375497099999999,Braga,BRG
2316,"[99954195, 1354711559, 1354711560, 1354769257, 1354769258, 1354773612, 1358885964]",41.02885206190476,-8.589411723809523,Vila Nova de Gaia,VNG
2317,[99964007],38.70616549,-9.452137835,Cascais,CSC
2318,"[99964069, 495845264, 1073244164]",38.69895154,-9.420721984,Cascais,CSC
2319,"[99964113, 991102985, 991328648, 992346312, 992346313, 1073146809]",38.70162864210526,-9.430138726315791,Cascais,CSC
2320,"[99964122, 229593502]",38.70778982727273,-9.408372872727274,Cascais,CSC
2321,[99964136],38.698559776923084,-9.457917484615383,Cascais,CSC
2322,[99973064],38.71157907222222,-9.46486465,Cascais,CSC
2323,[99973067],38.71267970555556,-9.465100172222222,Cascais,CSC
2324,[99974651],37.14734916129032,-8.541169029032257,Portimão,PTM
2325,[99982107],37.13512556333333,-8.521324369999999,Lagoa,LGA
2326,"[100012931, 1356944300, 1356944301, 1357531808, 1357531809, 1357531814]",38.6315615047619,-8.91092584761905,Palmela,PLM
2327,[100012935],38.632459461111104,-8.912712022222223,Palmela,PLM
2328,[100012970],38.638860831578945,-8.909273284210528,Palmela,PLM
2329,[100013024],38.639461342857146,-8.912324885714284,Palmela,PLM
2330,[100013073],38.6336065409091,-8.912746027272727,Palmela,PLM
2331,[100013077],38.63573932222223,-8.910987399999998,Palmela,PLM
2332,"[100033156, 659150001]",42.11514799,-8.255460339999999,Melgaço,MLG
2333,"[100084567, 1019655055, 1019655056, 1019655057]",39.246405825,-9.312866945,Lourinhã,LNH
2334,[100084573],39.2483062263158,-9.31252862631579,Lourinhã,LNH
2335,[100155290],41.60461322000001,-7.317774225000001,Valpaços,VLP
2336,[100155297],41.60654388181818,-7.313377209090908,Valpaços,VLP
2337,[100155302],41.59743822608695,-7.312946534782609,Valpaços,VLP
2338,[100156300],41.610770542105264,-7.300283736842105,Valpaços,VLP
2339,[100179390],42.068138936363624,-8.487396631818182,Monção,MNC
2340,"[100196789, 1279761281, 1279761282, 1279761283, 1279761284]",41.21620698636364,-8.543683845454545,Valongo,VLG
2341,"[100280190, 741767472, 743461564, 743461565, 1120436794]",41.207454990909085,-8.55596528181818,Valongo,VLG
2342,[100288557],40.06802069047619,-8.802390523809525,Figueira da Foz,FIG
2343,[100316470],39.26507978,-9.3306218,Lourinhã,LNH
2344,[100316483],39.269010394736846,-9.334152484210525,Lourinhã,LNH
2345,"[100316556, 591789683, 591789684]",39.263981441666665,-9.333816108333332,Lourinhã,LNH
2346,[100323500],41.20856611000001,-8.54923544,Valongo,VLG
2347,[100324737],41.24259158846154,-8.562573403846153,Maia,MAI
2348,[100324745],41.2440314,-8.554425776923077,Maia,MAI
2349,"[100419290, 1054260403, 1054260404, 1054260409, 1054260410]",37.15372086666667,-8.538176086666665,Portimão,PTM
2350,"[100420636, 1463234989, 1463234990, 1463234991]",37.12297337666667,-8.563658886666666,Portimão,PTM
2351,[100429900],37.12680499666667,-8.557495303333333,Portimão,PTM
2352,[100542207],40.52147193636364,-8.503820822727272,Oliveira do Bairro,OBR
2353,[100542887],40.65738862105263,-7.919533584210527,Viseu,VIS
2354,[100544564],39.23791002,-9.310638020000003,Lourinhã,LNH
2355,[100544567],39.23940370869565,-9.31021477826087,Lourinhã,LNH
2356,[100552311],38.733890128571424,-9.392173999999999,Cascais,CSC
2357,"[100668759, 1359078890, 1359078891, 1359113337, 1359113338]",40.998050254166664,-8.616503250000001,Espinho,ESP
2358,"[100784106, 1049360985]",38.20927028888888,-7.805854074074073,Vidigueira,VDG
2359,"[100784162, 1241756429]",38.206982208333336,-7.8021125625,Vidigueira,VDG
2360,[100789584],38.704325955,-7.404061115000002,Alandroal,ADL
2361,[100790548],38.149148692000004,-7.760849828,Vidigueira,VDG
2362,"[100801701, 1162650434]",38.13394243157895,-7.447109431578947,Moura,MRA
2363,"[100819407, 1162650424]",38.03609037333333,-7.599336753333333,Serpa,SRP
2364,"[100819435, 1162650421, 1162650422, 1162650423]",38.032781195999995,-7.608614424,Serpa,SRP
2365,"[100849387, 659150000]",42.103712699999996,-8.289966115789474,Melgaço,MLG
2366,[100893092],41.18180761,-8.5425153,Gondomar,GDM
2367,"[100893762, 1303278708, 1303278709]",41.17864692105263,-8.544180626315791,Gondomar,GDM
2368,"[100894233, 558213020, 558213021, 558213022, 1175492993, 1175492994, 1175492995, 1175492996, 1217325509]",41.17399866666668,-8.541745763333333,Gondomar,GDM
2369,[100896794],41.185103786956525,-8.544027121739132,Gondomar,GDM
2370,[100949142],39.95399121176471,-7.811256476470588,Oleiros,OLR
2371,[101015794],38.54802339047619,-9.051723752380951,Sesimbra,SSB
2372,[101084650],38.68585616111111,-9.312264916666667,Oeiras,OER
2373,"[101118220, 859507157, 1018371702, 1018371703, 1018371704, 1018371705]",41.17658571304348,-8.564427600000002,Gondomar,GDM
2374,"[101120367, 741767473, 743461562, 743461563]",41.20955853181818,-8.555574031818184,Valongo,VLG
2375,[101122871],40.64009291,-8.610399679999997,Aveiro,AVR
2376,[101153281],38.95053009166667,-7.675858000000001,Sousel,SSL
2377,[101153295],38.9572387,-7.674920803225806,Sousel,SSL
2378,"[101153870, 1028336229, 1028336230, 1028336231]",41.18533469411765,-8.556256505882356,Gondomar,GDM
2379,[101156589],38.84788063333334,-7.588067871428571,Estremoz,ETZ
2380,"[101156594, 628891005, 1348010548]",38.85408421363637,-7.581548777272727,Estremoz,ETZ
2381,[101179392],39.19574651304348,-7.665154213043478,Alter do Chão,ALT
2382,[101210681],40.42029005714285,-8.522295728571429,Anadia,AND
2383,[101264970],40.44072475,-8.489055004545456,Anadia,AND
2384,[101264978],40.4239093826087,-8.585891413043479,Cantanhede,CNT
2385,[101264986],40.44468390833333,-8.458215304166666,Anadia,AND
2386,[101264994],40.448662795652176,-8.468352847826088,Anadia,AND
2387,"[101273008, 1016750453, 1016753844, 1016753845, 1370864142]",38.55920363809524,-9.05210525238095,Sesimbra,SSB
2388,"[101400204, 874708991, 874708992, 924861516, 924861517]",39.820009168000006,-8.108661628,Sertã,SRT
2389,"[101476025, 1463235019, 1463235020, 1463235070]",37.12542431666667,-8.579692093333334,Portimão,PTM
2390,"[101476026, 1463235021, 1463235022, 1463235069]",37.12170399032258,-8.574537806451612,Portimão,PTM
2391,[101476031],37.120392705,-8.57597511,Portimão,PTM
2392,"[101503431, 1016750432, 1016753848, 1016753849, 1381806291, 1381806300]",38.56842176666667,-9.04724023809524,Sesimbra,SSB
2393,[101515563],40.48064515263158,-8.430858821052631,Anadia,AND
2394,[101535023],39.688941525,-8.310735816666666,Ferreira do Zêzere,FZZ
2395,"[101535027, 943036603, 943036604, 943036605]",39.69586842727273,-8.30746535909091,Ferreira do Zêzere,FZZ
2396,[101535058],39.69129470000001,-8.309116436363636,Ferreira do Zêzere,FZZ
2397,[101535072],39.692648331818184,-8.308898486363637,Ferreira do Zêzere,FZZ
2398,"[101567717, 937504215, 937504216, 937504217]",39.824914641666666,-8.384401054166666,Alvaiázere,AVZ
2399,"[101590784, 874708981]",39.801843204545456,-8.096646936363635,Sertã,SRT
2400,[101593062],39.799122747368415,-8.097417652631577,Sertã,SRT
2401,[101600487],39.80807574210527,-8.092672884210526,Sertã,SRT
2402,"[101602316, 874708979, 874708980]",39.805017527272724,-8.088873736363636,Sertã,SRT
2403,"[101607465, 874708985, 874708986]",39.80291102272727,-8.104055981818181,Sertã,SRT
2404,[101621799],39.798953952631585,-8.096477810526316,Sertã,SRT
2405,[101621805],39.79816717894737,-8.096127026315791,Sertã,SRT
2406,"[101625516, 741788899, 743532998, 1279761300]",41.21320008,-8.549431114999999,Valongo,VLG
2407,"[101633048, 1280586388, 1280586389, 1280895195, 1280895196]",41.21507118235294,-8.548268499999999,Valongo,VLG
2408,[101695899],40.04418287142856,-7.740694719047621,Fundão,FND
2409,"[101815649, 1463752553, 1463752554, 1463752556]",40.67516400952382,-8.20965769047619,Vouzela,VZL
2410,"[101815860, 1463752552, 1463752570, 1463752571, 1537535398]",40.6659882,-8.211909400000001,Vouzela,VZL
2411,[101823625],38.874946684,-7.158574756,Elvas,ELV
2412,"[101823627, 1467691974]",38.87299222,-7.16642433,Elvas,ELV
2413,[101823635],38.87159595217392,-7.173765591304346,Elvas,ELV
2414,"[101823651, 1467691972]",38.870833944,-7.169360276,Elvas,ELV
2415,"[101823659, 1467779462]",38.87546285217392,-7.160231882608696,Elvas,ELV
2416,[101823669],38.87275085909091,-7.19119125909091,Elvas,ELV
2417,[101823695],38.87214161578947,-7.165191531578948,Elvas,ELV
2418,"[101823696, 1467779464, 1473392781, 1473392782]",38.87932244375,-7.1548785187499995,Elvas,ELV
2419,"[101854141, 1354240502, 1354240503, 1354240507, 1354245144, 1354245148, 1354245157]",39.100593200000006,-9.25384828125,Torres Vedras,TVD
2420,[101883919],38.728896793749996,-9.009256587500001,Alcochete,ACH
2421,"[101883932, 1013919072, 1013919073, 1013919074, 1042084634, 1042090399]",38.71373102272727,-8.97295663181818,Montijo,MTJ
2422,"[101931042, 1430857867, 1430857868, 1430857869]",39.677445130434776,-8.581672704347826,Ourém,ORM
2423,[101941650],38.86722620526316,-7.162203094736841,Elvas,ELV
2424,[102034433],40.11616379285714,-8.238472150000002,Lousã,LSA
2425,[102146052],39.852784625000005,-8.65151439,Pombal,PBL
2426,[102146058],39.789463295,-8.588475755000001,Pombal,PBL
2427,"[102146136, 813474202, 813474203, 813474204]",39.818910708695654,-8.617144552173912,Pombal,PBL
2428,"[102146138, 813474197, 813474198, 813474199]",39.83219385454546,-8.61271515,Pombal,PBL
2429,[102154319],39.71052261578948,-8.222094326315789,Vila de Rei,VLR
2430,[102156915],39.67635566818182,-8.139814672727274,Vila de Rei,VLR
2431,[102156936],39.676570609523814,-8.116461104761905,Vila de Rei,VLR
2432,[102156951],39.677751804347835,-8.123595673913044,Vila de Rei,VLR
2433,[102251737],38.282122421428575,-7.556091821428572,Portel,PRL
2434,[102251803],38.340985366666665,-7.506984604166667,Reguengos de Monsaraz,RMZ
2435,[102252202],38.37463814333333,-7.351983643333333,Mourão,MOU
2436,[102252206],38.37386066206896,-7.338660055172415,Mourão,MOU
2437,[102253693],41.50221592380952,-7.1718941619047625,Mirandela,MDL
2438,[102253699],41.50497605,-7.1764641625,Mirandela,MDL
2439,[102253718],41.51090511666666,-7.1614258375,Mirandela,MDL
2440,[102322501],39.05459827,-7.443334390000001,Monforte,MFT
2441,[102322505],39.091749468749995,-7.510163725,Monforte,MFT
2442,[102322511],39.0552603,-7.444188480952381,Monforte,MFT
2443,[102401138],37.61587690526315,-7.9532225789473685,Castro Verde,CVR
2444,"[102410619, 1305590976, 1305591002, 1306105951]",38.753111669999996,-9.23125576,Amadora,AMD
2445,[102444923],38.884027565,-7.049850945,Elvas,ELV
2446,[102458968],40.641727655,-8.347924845,Águeda,AGD
2447,[102486554],40.14925512777778,-7.414923549999999,Fundão,FND
2448,[102493952],41.1990111,-8.545713978947369,Gondomar,GDM
2449,"[102591092, 1467691969]",38.87550172500001,-7.173304259999999,Elvas,ELV
2450,[102591095],38.877726003846156,-7.172683692307691,Elvas,ELV
2451,"[102607229, 1013919082, 1013927605, 1013927606, 1019797630, 1019797641, 1303782093, 1303782094]",38.706950766666665,-8.94497806060606,Montijo,MTJ
2452,"[102607248, 1013927614, 1056539922, 1056539923, 1056542736, 1236540538, 1303782092, 1303782095]",38.70690553043478,-8.95707867826087,Montijo,MTJ
2453,"[102631315, 1258858172, 1258858173, 1258858174]",39.2619283347826,-9.15327284347826,Bombarral,BBR
2454,[102737972],37.823919000000004,-25.639908629999997,Ponta Delgada,PDL
2455,"[102738454, 1049387586]",37.834325273333334,-25.67042782,Ponta Delgada,PDL
2456,[103009653],39.634649523076924,-8.67175756923077,Ourém,ORM
2457,[103047744],39.91533258,-7.458292835,Castelo Branco,CTB
2458,[103062794],38.540217188235296,-8.85916577647059,Setúbal,STB
2459,"[103062799, 157210254, 157210258, 157210261, 157210265, 1302235284, 1349583639]",38.52580913448277,-8.869003610344828,Setúbal,STB
2460,"[103062803, 1068687274, 1068687275, 1068769558, 1349655971]",38.54475641875,-8.8563232875,Setúbal,STB
2461,[103062806],38.528720283333335,-8.881142655555557,Setúbal,STB
2462,"[103062808, 1068769592, 1235792199, 1235792201, 1235792202, 1302235286, 1349587846, 1349587847]",38.52386327368421,-8.863511657894735,Setúbal,STB
2463,"[103062812, 646993937, 1013952999, 1070095138, 1302235275]",38.530080716666674,-8.875351061111111,Setúbal,STB
2464,[103062830],38.53928760588234,-8.860803305882353,Setúbal,STB
2465,"[103062833, 1365092978]",38.54119246111111,-8.858025527777777,Setúbal,STB
2466,"[103062834, 1068687272, 1068687273, 1349655979]",38.54334124705882,-8.855427835294119,Setúbal,STB
2467,[103067622],39.91141926666667,-7.464680372222222,Castelo Branco,CTB
2468,"[103074537, 1070411619, 1070414516, 1070414517]",39.410017609375004,-9.134641228125,Caldas da Rainha,CLD
2469,"[103089608, 859079034, 859079035, 859079036]",41.211158886956525,-8.689682160869564,Matosinhos,MTS
2470,[103089609],41.20683866363636,-8.688081836363635,Matosinhos,MTS
2471,"[103167617, 1427125195, 1427125196, 1427125197]",37.10590054,-8.239884925,Albufeira,ABF
2472,"[103167706, 1427125194]",37.10661758636364,-8.238284409090907,Albufeira,ABF
2473,[103169677],37.10904607,-8.230893085,Albufeira,ABF
2474,[103195906],39.40882348055555,-9.142926477777777,Caldas da Rainha,CLD
2475,[103195961],39.410081934375,-9.140387684375,Caldas da Rainha,CLD
2476,[103200452],39.918088310526315,-7.464573152631579,Castelo Branco,CTB
2477,[103202592],37.13673310909092,-8.470270963636365,Lagoa,LGA
2478,[103206375],39.92455539230769,-7.449863088461539,Castelo Branco,CTB
2479,[103209539],38.55232250000001,-9.054306705,Sesimbra,SSB
2480,[103209552],38.551935283333336,-9.053974877777778,Sesimbra,SSB
2481,[103211539],41.271320100000004,-8.282575214285714,Lousada,LOU
2482,[103211541],41.263507854838714,-8.283919883870968,Lousada,LOU
2483,[103211543],41.26678405217392,-8.282525526086957,Lousada,LOU
2484,"[103211545, 1311104250, 1311104251, 1311104252, 1311104253]",41.26374046666666,-8.2932106,Lousada,LOU
2485,"[103211546, 1311104245, 1311104246, 1311303831]",41.26824927727273,-8.287574272727273,Lousada,LOU
2486,[103211548],41.274766764864864,-8.27842107297297,Lousada,LOU
2487,[103211550],41.279037464000005,-8.279708104,Lousada,LOU
2488,[103211557],41.287777876,-8.282070456000001,Lousada,LOU
2489,[103211558],41.272858064000005,-8.276896488,Lousada,LOU
2490,[103211561],41.27938502,-8.281906644000001,Lousada,LOU
2491,"[103211562, 1311104247, 1311104248, 1311104249]",41.26599040999999,-8.291178115000001,Lousada,LOU
2492,[103211564],41.26334462727273,-8.287461081818181,Lousada,LOU
2493,[103211565],41.27090631875,-8.286998562499999,Lousada,LOU
2494,[103211567],41.273256425641016,-8.27829968974359,Lousada,LOU
2495,[103372077],41.854332695454545,-8.41447795,Arcos de Valdevez,AVV
2496,[103372080],41.85239479545454,-8.42156595909091,Arcos de Valdevez,AVV
2497,[103372110],41.83923083333334,-8.417064604166667,Arcos de Valdevez,AVV
2498,"[103372115, 439586508, 439586510, 1335817509]",41.84457613529412,-8.417792688235295,Arcos de Valdevez,AVV
2499,[103372122],41.853474515,-8.412025535,Arcos de Valdevez,AVV
2500,[103372134],41.85245300454545,-8.418858172727273,Arcos de Valdevez,AVV
2501,[103372956],41.808251986363636,-8.401473186363637,Ponte da Barca,PTB
2502,[103372960],41.79171488636364,-8.413898327272728,Ponte da Barca,PTB
2503,[103448475],38.581177562499995,-8.987286266666667,Palmela,PLM
2504,[103480583],39.262034645,-9.222644395,Lourinhã,LNH
2505,[103480619],41.22937086,-8.533884715,Valongo,VLG
2506,[103595915],37.1448392375,-8.501680533333333,Lagoa,LGA
2507,[103638271],38.07714766666667,-7.9185207,Beja,BJA
2508,[103739001],42.07239846818183,-8.49539344090909,Monção,MNC
2509,"[103813075, 1018367488, 1018367489, 1018367509, 1019428628, 1369195606, 1369195621]",38.57177398999999,-9.03695264,Sesimbra,SSB
2510,[103813093],38.573585191666666,-9.014199016666668,Palmela,PLM
2511,"[103855881, 1303249512, 1303249513]",41.179566957894735,-8.552964489473684,Gondomar,GDM
2512,"[103917197, 1303249505, 1303249506, 1303249524]",41.18416308333334,-8.552884411111112,Gondomar,GDM
2513,"[103917306, 1303249508, 1303249509, 1303249523]",41.18235158499999,-8.55232677,Gondomar,GDM
2514,[104044156],41.804849195833334,-6.780873741666667,Bragança,BGC
2515,"[104051613, 1328865755, 1328865756, 1328906007, 1328906008]",40.7393025,-8.36548706,Sever do Vouga,SVV
2516,"[104051655, 1328865760, 1328865761, 1328906009, 1328906010]",40.727581552380954,-8.364615161904762,Sever do Vouga,SVV
2517,[104150883],41.29638681290322,-7.169235593548388,Vila Flor,VFL
2518,"[104297907, 1467779467]",38.8847226409091,-7.157585363636364,Elvas,ELV
2519,"[104297909, 1467779466, 1533217549]",38.88635883181818,-7.152555359090909,Elvas,ELV
2520,[104297912],38.883145209090905,-7.15862910909091,Elvas,ELV
2521,"[104305194, 1427980036, 1427980037, 1428084336, 1428084337, 1459890985]",40.9754141875,-8.484049558333334,Santa Maria da Feira,VFR
2522,"[104352656, 1376150644, 1376150645, 1378066528, 1558379618]",40.940604304,-8.403256771999999,Arouca,ARC
2523,"[104371908, 1044597025, 1044597026, 1044597027, 1235792189, 1235792190]",38.57259963333334,-8.873431299999998,Palmela,PLM
2524,[104395647],37.12871414999999,-8.571511159999998,Portimão,PTM
2525,[104395648],37.13259499333333,-8.56991522,Portimão,PTM
2526,[104395649],37.12936729666667,-8.57384747,Portimão,PTM
2527,[104397428],37.126093062068975,-8.56632785862069,Portimão,PTM
2528,[104397429],37.12517660625,-8.568093143750001,Portimão,PTM
2529,"[104427273, 806874358, 806874359]",38.017758145,-8.692737160000002,Santiago do Cacém,STC
2530,"[104504676, 462964766, 462964770, 462964773, 1083067927, 1083067928, 1083067936, 1083067937]",37.962422695121944,-8.858817134146342,Sines,SNS
2531,"[104516338, 1013920031, 1019797631, 1019797640, 1083271559, 1303782098, 1463994166]",38.70867532857143,-8.961074938095237,Montijo,MTJ
2532,[104517096],38.71340477272728,-8.946169095454547,Montijo,MTJ
2533,"[104518534, 1013919081, 1013927607, 1013927608]",38.709787066666664,-8.945033433333334,Montijo,MTJ
2534,[104522781],41.53283399375,-8.618080931249999,Barcelos,BCL
2535,"[104566005, 158493183, 158493184, 158493185, 158493188, 158499912]",38.53137744473685,-8.898808568421053,Setúbal,STB
2536,[104571554],39.324044525000005,-9.35316831,Peniche,PNI
2537,[104571556],39.327857305,-9.35402501,Peniche,PNI
2538,[104624914],38.69906820882353,-9.204059541176472,Lisboa,LSB
2539,[104624968],38.69871615,-9.180611941666667,Lisboa,LSB
2540,"[104652798, 1498254398, 1498270124, 1498270125, 1498280954, 1498280977]",41.403223104545454,-8.520891672727272,Vila Nova de Famalicão,VNF
2541,[104656569],41.40404065217391,-8.533100713043478,Vila Nova de Famalicão,VNF
2542,"[104657003, 1082370923, 1082370924, 1082370925, 1082370926]",41.08626075714285,-8.652216795238095,Vila Nova de Gaia,VNG
2543,"[104657805, 1476533187, 1498280955, 1498280976, 1498615539, 1498765400]",41.40062693043479,-8.519886726086957,Vila Nova de Famalicão,VNF
2544,"[104657812, 1498280960, 1498280961, 1498280973, 1498757343, 1498757354]",41.40172433913044,-8.53555704347826,Vila Nova de Famalicão,VNF
2545,"[104657821, 1498757344, 1498757345, 1498757353]",41.40317962727272,-8.535324277272727,Vila Nova de Famalicão,VNF
2546,[104658036],41.53874396470588,-8.619156864705884,Barcelos,BCL
2547,"[104659633, 237684247, 237684251, 1303602025]",40.896411146153845,-8.506378976923077,São João da Madeira,SJM
2548,[104690715],41.10436680952382,-7.684617414285714,Armamar,AMM
2549,[104701333],40.92834295454546,-8.248737045454545,Arouca,ARC
2550,"[104701338, 1097130359, 1097130360, 1360673414, 1360673415, 1360673416, 1360673417, 1360673418, 1360673419]",40.926042224999996,-8.2491602625,Arouca,ARC
2551,[104705512],40.92874947,-8.253632970000002,Arouca,ARC
2552,[104706467],40.93090847142857,-8.247333561904762,Arouca,ARC
2553,"[104719361, 1359078901, 1359078902, 1427980042, 1427980043]",41.00927402000001,-8.515098179999999,Santa Maria da Feira,VFR
2554,"[104719375, 1430744515, 1430744516, 1430744517, 1430744518]",41.032359146666664,-8.499616249999999,Vila Nova de Gaia,VNG
2555,[104849974],40.93283703684211,-8.248856105263158,Arouca,ARC
2556,[104849995],40.93027401428571,-8.249550957142858,Arouca,ARC
2557,[104850000],40.93124123636364,-8.250775636363636,Arouca,ARC
2558,[104903997],40.93143837142857,-8.239750976190475,Arouca,ARC
2559,"[104909745, 1117207210, 1117207211, 1117207218, 1349054045, 1349054046, 1349054047, 1349054048, 1410954841]",41.241744770454545,-8.627721781818183,Maia,MAI
2560,[104961590],37.1240528617647,-8.590518900000001,Portimão,PTM
2561,[104961633],37.12782052,-8.584502436666668,Portimão,PTM
2562,"[104961647, 1463234981, 1463234982, 1463234983, 1463234984]",37.129085923333335,-8.591062270000002,Portimão,PTM
2563,[104978759],37.143188099999996,-8.583441113333333,Portimão,PTM
2564,[104992859],37.12631281724137,-8.594878558620689,Portimão,PTM
2565,"[105013147, 105013150, 105013157, 105013185, 474423780, 474423781, 1341414788, 1341414789, 1341414790, 1341414791, 1341414792, 1341415857, 1341415858]",41.10773250540541,-8.626387618918919,Vila Nova de Gaia,VNG
2566,[105013174],41.087064548571426,-8.630445885714288,Vila Nova de Gaia,VNG
2567,"[105063820, 1308995788, 1308995789, 1308995790]",41.148926744444445,-8.394316755555556,Paredes,PRD
2568,"[105067278, 1349583617, 1365649618, 1365649619]",38.54793037619047,-8.898441080952379,Setúbal,STB
2569,[105067367],38.532601405263165,-8.8984265,Setúbal,STB
2570,[105202768],40.87766538421052,-8.504293405263157,Oliveira de Azeméis,OAZ
2571,[105202773],40.876293155555544,-8.504282011111108,Oliveira de Azeméis,OAZ
2572,[105202784],40.874899965,-8.502901674999999,Oliveira de Azeméis,OAZ
2573,"[105213033, 1308840105, 1308840106, 1308840107]",41.173230113636365,-8.351062113636361,Paredes,PRD
2574,[105308620],41.169345625000005,-8.346493174999997,Penafiel,PNF
2575,[105407296],37.13211887894737,-8.508398989473685,Lagoa,LGA
2576,[105407754],37.1347542,-8.511008505555557,Lagoa,LGA
2577,[105407901],37.130180966666664,-8.508434233333332,Lagoa,LGA
2578,[105407974],37.129750163157894,-8.509641436842106,Lagoa,LGA
2579,"[105463032, 1545828590]",40.6428508,-8.746114170000002,Ílhavo,ILH
2580,"[105463437, 1028761634, 1028761635, 1028761636]",37.07042444761904,-8.104690119047618,Loulé,LLE
2581,[105510349],37.1618093173913,-8.580387852173912,Portimão,PTM
2582,"[105531177, 623516182, 623516183]",42.076375299999995,-8.46990815625,Monção,MNC
2583,[105532761],41.19282224545454,-8.31182695909091,Penafiel,PNF
2584,[105532763],41.191745485714286,-8.306888195238097,Penafiel,PNF
2585,"[105534331, 1284998972, 1284998973, 1284998974, 1284998975, 1308840095, 1308840096]",41.195297855999996,-8.3113373,Penafiel,PNF
2586,"[105539882, 1308840097]",41.19473187727272,-8.319058749999998,Penafiel,PNF
2587,[105601594],41.705496665217396,-8.82485706521739,Viana do Castelo,VCT
2588,[105602197],41.705242927272735,-8.820425263636364,Viana do Castelo,VCT
2589,[105602293],40.84594013809524,-8.394368676190474,Vale de Cambra,VLC
2590,[105605098],41.705623671428576,-8.818163061904762,Viana do Castelo,VCT
2591,[105605099],41.707698799999996,-8.819586390476191,Viana do Castelo,VCT
2592,[105605707],40.858826405882354,-8.374201652941176,Vale de Cambra,VLC
2593,[105608639],40.800046675,-8.30177125625,Vale de Cambra,VLC
2594,"[105609587, 1346657217, 1346657218, 1346657219]",40.83589931428571,-8.398668942857142,Vale de Cambra,VLC
2595,"[105609589, 1346657220, 1346657221, 1346657222]",40.83994126666666,-8.397028595238096,Vale de Cambra,VLC
2596,[105609704],40.85007387727273,-8.391894454545453,Vale de Cambra,VLC
2597,[105609709],40.84981628695652,-8.393927234782607,Vale de Cambra,VLC
2598,"[105611228, 1330451724, 1330451725]",40.8472129173913,-8.391511695652174,Vale de Cambra,VLC
2599,"[105612665, 419352129, 759088725, 759088726, 1355125640]",41.69588783157896,-8.822858542105264,Viana do Castelo,VCT
2600,[105613777],40.836740147619054,-8.39204487142857,Vale de Cambra,VLC
2601,"[105613778, 181732537, 181732538, 181732539, 181732540]",40.83754050588235,-8.388780635294117,Vale de Cambra,VLC
2602,"[105661423, 1330290082, 1330290083]",40.844320315,-8.310607219999998,Vale de Cambra,VLC
2603,[105670170],40.62142807142857,-8.457957628571426,Águeda,AGD
2604,[105777546],40.72361246190476,-8.124619952380952,Vouzela,VZL
2605,[105777682],40.723515847368425,-8.123451542105265,Vouzela,VZL
2606,"[105826497, 1054260400, 1463235078, 1463235079]",37.160947417391306,-8.60039993478261,Portimão,PTM
2607,[105841621],41.544065200000006,-8.620034822222221,Barcelos,BCL
2608,[105842874],40.50995900952382,-8.45013076666667,Águeda,AGD
2609,[105851276],40.84533765238095,-8.396122961904762,Vale de Cambra,VLC
2610,[105862506],41.53365120625,-8.7579120125,Esposende,EPS
2611,[105862512],41.5357151,-8.754322536842103,Esposende,EPS
2612,"[105875458, 1468060101, 1468060102]",41.049507395238095,-8.652916090476191,Vila Nova de Gaia,VNG
2613,[105875855],41.356866978571425,-8.287282939285715,Vizela,VIZ
2614,[105876950],41.37085455999999,-8.307206135,Vizela,VIZ
2615,[105877734],37.126736599999994,-8.278570610526318,Albufeira,ABF
2616,[105879106],41.1033074952381,-7.687147419047619,Armamar,AMM
2617,[105879131],41.09695765,-7.6732580625,Armamar,AMM
2618,[105879182],41.10706982,-7.6898390133333345,Armamar,AMM
2619,"[105880311, 1304122084, 1306366347, 1306366348, 1306366349, 1345392996]",41.20261970999999,-8.426154635000001,Paredes,PRD
2620,[105881836],41.371794785,-8.31374415,Vizela,VIZ
2621,"[105881842, 1186698072, 1186698073, 1186698074]",41.371051895652165,-8.311906069565218,Vizela,VIZ
2622,"[105885058, 1304122055, 1304122056, 1304321594, 1304321595, 1306605925, 1306605926]",41.22063486190476,-8.363542495238097,Paredes,PRD
2623,"[105885074, 379686633, 379686634, 379686635]",41.2098137117647,-8.328154864705882,Paredes,PRD
2624,"[105885553, 1498186107, 1498186108, 1498186131]",41.3422201,-8.553027427272728,Trofa,TRF
2625,[105949655],40.84945951363637,-8.379285963636361,Vale de Cambra,VLC
2626,"[106055469, 1463234978, 1463234979, 1463234980]",37.132654583333334,-8.592335723333333,Portimão,PTM
2627,"[106170615, 1284998982, 1284998983, 1284998984, 1284998985]",41.19265030555555,-8.298939766666667,Penafiel,PNF
2628,[106171937],41.203137373913044,-8.27212394347826,Penafiel,PNF
2629,[106179417],41.212877999999996,-8.27044533181818,Penafiel,PNF
2630,[106182815],41.206723184210524,-8.254625594736842,Penafiel,PNF
2631,[106343259],37.150015495454554,-8.451701195454545,Silves,SLV
2632,[106343278],37.151886371428574,-8.451230790476192,Silves,SLV
2633,[106413367],40.97324289,-8.483235805,Santa Maria da Feira,VFR
2634,[106413945],40.96435813,-8.479264265000001,Santa Maria da Feira,VFR
2635,[106441026],41.88095226470588,-8.79559652352941,Caminha,CMN
2636,"[106462222, 1467282907, 1467282908, 1467282909, 1467282910, 1467282911, 1467282912, 1467282913]",41.3827318125,-8.746011770833334,Póvoa de Varzim,PVZ
2637,"[106462230, 1465592514, 1465592515, 1465592516, 1465592517, 1465592518]",41.38675501363636,-8.748381863636363,Póvoa de Varzim,PVZ
2638,"[106462232, 1467282894, 1467282895, 1467282896, 1467282897, 1467282898, 1467282899, 1467282900]",41.37731724583333,-8.745998470833333,Póvoa de Varzim,PVZ
2639,"[106462236, 1538424258, 1538424259, 1538424260, 1538424261, 1538424262, 1538424263, 1538424264, 1538424265]",41.37514157391305,-8.745729091304346,Póvoa de Varzim,PVZ
2640,"[106462259, 1467282901, 1467282902, 1467282903, 1467282904, 1467282905, 1467282906]",41.37991455652174,-8.746200560869566,Póvoa de Varzim,PVZ
2641,[106464276],41.0743664,-7.147816295238096,Vila Nova de Foz Côa,VLF
2642,[106464279],41.08043893333333,-7.145907126666667,Vila Nova de Foz Côa,VLF
2643,"[106464297, 1349970654]",41.07257913529412,-7.148028852941176,Vila Nova de Foz Côa,VLF
2644,"[106466593, 434896890, 434897750, 434897751, 1016528101, 1016528102]",41.17355841481481,-8.567896140740741,Porto,PRT
2645,"[106495110, 166775755, 166775763, 166775788, 166775801, 166775817, 1550653624]",32.74181305555555,-16.73686705,Machico,MCH
2646,"[106500341, 1499043137, 1499043138, 1499043150]",41.364701052,-8.546007264,Vila Nova de Famalicão,VNF
2647,"[106500359, 1498768260]",41.3659414,-8.567830975,Vila Nova de Famalicão,VNF
2648,[106522842],41.854106294999994,-8.817896835,Caminha,CMN
2649,[106525149],41.74617337272728,-8.693981904545454,Viana do Castelo,VCT
2650,[106525150],41.73514245384615,-8.68458636923077,Viana do Castelo,VCT
2651,[106525167],41.529582575,-8.767264304999998,Esposende,EPS
2652,[106554896],41.5179795,-6.9728299875,Macedo de Cavaleiros,MCD
2653,[106554901],41.53428320666667,-6.959825159999999,Macedo de Cavaleiros,MCD
2654,[106554905],41.526758,-6.964588836363637,Macedo de Cavaleiros,MCD
2655,"[106555069, 699481618, 1124843681]",39.657227465,-8.584396129999998,Ourém,ORM
2656,[106555073],39.65412700952381,-8.591738157142856,Ourém,ORM
2657,[106560477],39.464485872727266,-8.646363509090909,Alcanena,ACN
2658,[106560510],39.40959059583333,-8.484933275,Golegã,GLG
2659,[106567130],41.45380299411765,-7.009945976470589,Macedo de Cavaleiros,MCD
2660,[106584021],37.14150815217391,-8.476728769565216,Lagoa,LGA
2661,[106585973],41.604727518181825,-8.467657586363636,Vila Verde,VVD
2662,[106586056],41.565608845454555,-8.447335754545454,Braga,BRG
2663,[106586065],41.55750947777778,-8.441814272222222,Braga,BRG
2664,[106586068],41.77835347142857,-8.592972007142857,Ponte de Lima,PTL
2665,"[106586121, 1446747128, 1446747129, 1446747130, 1498615531, 1498615536, 1498765393, 1498765401]",41.4227029,-8.51640155,Vila Nova de Famalicão,VNF
2666,"[106593474, 1054260412, 1463235060, 1463235061, 1463235062, 1463235063]",37.132524958333335,-8.453150995833333,Lagoa,LGA
2667,[106629532],39.24165443333333,-9.310079779999999,Lourinhã,LNH
2668,[106653343],40.9312525,-8.468905585,Santa Maria da Feira,VFR
2669,[106653699],40.934892866666665,-8.473922223809526,Santa Maria da Feira,VFR
2670,[106687562],41.5394389173913,-8.605774139130434,Barcelos,BCL
2671,"[106687573, 1193144951, 1193144952]",41.53777573125001,-8.60622184375,Barcelos,BCL
2672,[106701546],37.32088234375,-8.55217694375,Monchique,MCQ
2673,[106703229],41.80710964666667,-8.4212853,Ponte da Barca,PTB
2674,"[106703309, 1250779899, 1250779900, 1250779901]",41.91257151538462,-8.565773715384616,Paredes de Coura,PCR
2675,[106703313],41.91509914117646,-8.570217605882352,Paredes de Coura,PCR
2676,[106776602],37.16270163,-8.478417834999998,Lagoa,LGA
2677,[106783496],40.96560118000001,-8.447518234999999,Santa Maria da Feira,VFR
2678,[106873905],38.751847059999996,-9.181436625,Lisboa,LSB
2679,"[106879268, 1303723629, 1305591012, 1305591016]",38.74718264347826,-9.22818916521739,Amadora,AMD
2680,[106879270],41.4457215,-8.176263930000001,Fafe,FAF
2681,[106904757],37.13755369130435,-8.45797186521739,Lagoa,LGA
2682,[106904766],37.13839242083333,-8.458117291666667,Lagoa,LGA
2683,[106905390],41.26376295238096,-8.270626261904763,Lousada,LOU
2684,[106946767],37.13849567368421,-8.452149689473684,Lagoa,LGA
2685,[106958806],40.567207315000005,-8.32836647,Águeda,AGD
2686,[106965620],40.523189054545455,-8.507264990909091,Oliveira do Bairro,OBR
2687,[106965890],40.968737538461546,-8.417214061538461,Arouca,ARC
2688,[106966285],37.12960374736843,-8.446260815789476,Lagoa,LGA
2689,[106966608],37.13096079444444,-8.446885288888888,Lagoa,LGA
2690,[106971712],37.129495,-8.454701073684213,Lagoa,LGA
2691,[107086468],41.001086386956516,-8.312234686956524,Castelo de Paiva,CPV
2692,[107098746],41.012162788,-8.316521388,Castelo de Paiva,CPV
2693,"[107102453, 1349970628]",41.02982910909091,-8.29638205,Castelo de Paiva,CPV
2694,[107103171],41.03225480952381,-8.295761352380952,Castelo de Paiva,CPV
2695,"[107126390, 737735244, 781505053, 781505055, 781505056, 813624700]",37.316398899999996,-8.555546249999999,Monchique,MCQ
2696,[107135446],40.89921603333333,-8.381536975000001,Vale de Cambra,VLC
2697,[107190623],41.59576213448276,-8.52275324137931,Vila Verde,VVD
2698,"[107214240, 1463234977]",37.16260115000001,-8.56944789,Portimão,PTM
2699,"[107214244, 1463235071, 1463235072, 1463235073]",37.16058507,-8.569650376666665,Portimão,PTM
2700,"[107214904, 661329806]",37.24654519999999,-7.454603311111111,Castro Marim,CTM
2701,[107235580],40.58458882083333,-8.641536266666668,Ílhavo,ILH
2702,[107236011],40.58992725217392,-8.653867069565218,Ílhavo,ILH
2703,[107238658],40.593869847619054,-8.66130105714286,Ílhavo,ILH
2704,"[107240557, 1055341370, 1055341371]",40.597650061904766,-8.664901604761905,Ílhavo,ILH
2705,"[107364889, 1349655951]",38.529727447058825,-8.905200594117648,Setúbal,STB
2706,[107382841],39.74773247391304,-8.81537072173913,Leiria,LRA
2707,[107383242],37.130025857142854,-8.279424285714285,Albufeira,ABF
2708,[107422261],41.55414982692308,-8.445483115384617,Braga,BRG
2709,[107422275],41.54113374444445,-8.443012516666666,Braga,BRG
2710,"[107422899, 1468766778, 1468766779, 1468766780, 1468766781, 1468766782, 1498254407, 1498270110]",41.413654984,-8.507240408000001,Vila Nova de Famalicão,VNF
2711,[107424471],41.388698772727274,-8.314937577272728,Vizela,VIZ
2712,[107424819],41.69407724736842,-8.833927747368422,Viana do Castelo,VCT
2713,"[107425251, 333865311, 1547545974, 1547545975, 1547545977]",42.0770510425,-8.482805655,Monção,MNC
2714,[107434369],41.067081435000006,-8.656065945,Vila Nova de Gaia,VNG
2715,[107435189],41.067086669999995,-8.645644095,Vila Nova de Gaia,VNG
2716,"[107492392, 1125284691, 1499326027, 1499326028]",41.369074733333335,-8.552686127777779,Vila Nova de Famalicão,VNF
2717,[107492876],41.559174756249995,-8.40702920625,Braga,BRG
2718,"[107494856, 1193108766]",41.550313817391306,-8.62470482173913,Barcelos,BCL
2719,[107556833],42.06584715454546,-8.504018222727273,Monção,MNC
2720,[107556873],42.06155803181819,-8.510262213636363,Monção,MNC
2721,[107573180],41.580786995238086,-8.427659004761905,Braga,BRG
2722,"[107612248, 1498768251, 1498768252, 1498768267, 1499043133, 1499043152]",41.35647758,-8.55948208,Vila Nova de Famalicão,VNF
2723,"[107618971, 235542361, 235542362, 235542364, 1072012470]",41.55595723888889,-8.430931144444445,Braga,BRG
2724,[107618993],41.555608865,-8.433661760000001,Braga,BRG
2725,"[107628090, 1290426443, 1354404154]",40.155361527272724,-8.867414799999999,Figueira da Foz,FIG
2726,"[107633035, 775146749, 775146750, 775146751]",39.780673768571425,-8.823761677142855,Leiria,LRA
2727,[107694330],41.540170605263164,-8.406135378947369,Braga,BRG
2728,[107694346],41.54222048888889,-8.413816622222223,Braga,BRG
2729,"[107709102, 628912413]",39.055218545833334,-7.644458154166666,Fronteira,FTR
2730,[107710331],39.04246416666667,-7.6566529407407415,Fronteira,FTR
2731,[107724558],40.17044135,-8.87081347222222,Figueira da Foz,FIG
2732,"[107737513, 1290426453, 1350362641, 1350362642]",40.15677075,-8.84954323125,Figueira da Foz,FIG
2733,[107739789],40.15160999444444,-8.862612616666667,Figueira da Foz,FIG
2734,"[107745321, 1350503566]",40.158792631249995,-8.85642561875,Figueira da Foz,FIG
2735,[107755845],40.16705884375,-8.85248150625,Figueira da Foz,FIG
2736,[107756153],40.168116875,-8.88615455,Figueira da Foz,FIG
2737,[107778929],39.052859965,-7.642182009999999,Fronteira,FTR
2738,[107780002],40.125305757894736,-8.863537905263158,Figueira da Foz,FIG
2739,[107780183],40.12953618421053,-8.860745478947369,Figueira da Foz,FIG
2740,[107816424],41.450215783333334,-8.164528825,Fafe,FAF
2741,[107818357],40.16310814444444,-8.86992387777778,Figueira da Foz,FIG
2742,"[107818359, 1290426452, 1350503569, 1350503570]",40.157782491304346,-8.849385039130436,Figueira da Foz,FIG
2743,"[107822598, 1097130352, 1097130353]",40.920149685714286,-8.245903147619048,Arouca,ARC
2744,"[107826137, 1290426455]",40.149347066666664,-8.847586895238093,Figueira da Foz,FIG
2745,[107877694],40.16812930625,-8.854583875,Figueira da Foz,FIG
2746,"[107878419, 1350503571, 1350503572]",40.1573979125,-8.8454751125,Figueira da Foz,FIG
2747,[107902660],40.91812754210526,-8.254715615789474,Arouca,ARC
2748,[107940572],40.13105882352941,-8.856105805882354,Figueira da Foz,FIG
2749,[107959321],40.17271287368421,-8.871447763157898,Figueira da Foz,FIG
2750,"[108030145, 1102782907, 1102782909, 1102782910, 1102782911]",40.919363361904765,-8.258941395238095,Arouca,ARC
2751,[108065982],40.12697494736842,-8.863354757894736,Figueira da Foz,FIG
2752,[108067735],40.160192575,-8.869996314999998,Figueira da Foz,FIG
2753,[108068346],40.16810809047619,-8.881592761904763,Figueira da Foz,FIG
2754,[108071635],38.527737929411764,-8.8743257,Setúbal,STB
2755,[108122770],41.272271034482756,-8.290938758620689,Lousada,LOU
2756,[108130303],41.2826924625,-8.288736333333333,Lousada,LOU
2757,[108130314],41.287608925806445,-8.291205538709677,Lousada,LOU
2758,"[108137089, 379679429, 379679484, 379685801, 379685804]",41.20468928636363,-8.33300940909091,Paredes,PRD
2759,"[108144681, 1235199755, 1235199756, 1235199757, 1235199758, 1235199759, 1235199760, 1235199761, 1235199762]",41.54196740588236,-8.436067341176468,Braga,BRG
2760,[108149706],38.95151533888888,-7.50072635,Estremoz,ETZ
2761,"[108160248, 1117622716, 1117625957, 1117625958, 1377859059, 1377863469]",40.889690494999996,-8.344594525,Arouca,ARC
2762,[108160250],40.89406881428571,-8.317508900000002,Arouca,ARC
2763,[108160251],40.92162388,-8.233758895000001,Arouca,ARC
2764,"[108160252, 1117622719]",40.928350245,-8.270763859999999,Arouca,ARC
2765,"[108166244, 1349970640]",41.10506532222222,-7.9600955,Resende,RSD
2766,[108205905],41.10790511578947,-7.957283194736839,Resende,RSD
2767,"[108205931, 1349970641]",41.107725763157895,-7.954385710526316,Resende,RSD
2768,"[108211021, 1349970636]",41.07459213181818,-8.092190004545454,Cinfães,CNF
2769,[108211028],41.07388546190476,-8.090272471428571,Cinfães,CNF
2770,[108282524],40.60669710416666,-8.6791926,Ílhavo,ILH
2771,[108323633],41.546634035,-8.42384564,Braga,BRG
2772,[108365450],39.127797709523804,-7.596532699999999,Fronteira,FTR
2773,"[108366578, 628912409]",39.12173662727273,-7.586727013636364,Fronteira,FTR
2774,[108368612],39.10937176190477,-7.620154138095238,Fronteira,FTR
2775,[108368624],39.11387288,-7.612653845,Fronteira,FTR
2776,[108369948],39.1042873263158,-7.615810463157896,Fronteira,FTR
2777,"[108389275, 1117234753, 1117234754, 1117234755, 1498186098, 1498186137]",41.32645321764706,-8.56797868235294,Trofa,TRF
2778,[108436381],41.4451616368421,-8.361862163157895,Guimarães,GMR
2779,[108595920],40.956453357142856,-8.65063368095238,Ovar,OVR
2780,[108704592],39.653712729411765,-8.57115344705882,Ourém,ORM
2781,[108754345],38.51388824499999,-8.852933960000001,Setúbal,STB
2782,[108800007],41.34116064090909,-8.541650568181817,Trofa,TRF
2783,[108908983],39.901735238095235,-8.274657966666668,Figueiró dos Vinhos,FVN
2784,[108967059],38.02547481428571,-7.714252852380952,Beja,BJA
2785,"[109187460, 1545846972, 1545846973, 1545846974]",40.9586995,-8.589228409523809,Santa Maria da Feira,VFR
2786,"[109249688, 1472002616, 1472002617]",41.371932779999995,-8.71596033,Vila do Conde,VCD
2787,"[109249691, 1354004267, 1354004268, 1354004269, 1354004270, 1354004271, 1354004272]",41.36268111818182,-8.73274076818182,Vila do Conde,VCD
2788,[109253255],41.56363259166667,-8.406284016666667,Braga,BRG
2789,"[109278557, 1068769556, 1068769557, 1349655970]",38.54517703181818,-8.855522077272726,Setúbal,STB
2790,"[109337932, 1105043384]",38.65357530666666,-9.047511946666667,Barreiro,BRR
2791,"[109375777, 1314351952, 1314371475]",38.78584449090909,-9.313307045454543,Sintra,SNT
2792,"[109464320, 1346657213, 1346657214, 1346657215, 1346657216]",40.83301759736842,-8.399401663157896,Vale de Cambra,VLC
2793,[109468372],41.60454558,-7.310738215000001,Valpaços,VLP
2794,"[109611628, 1117622718]",40.92852887826087,-8.277420413043478,Arouca,ARC
2795,"[109784354, 1245892651, 1245892652, 1245892668, 1245892669]",38.567357861111105,-8.877443594444445,Palmela,PLM
2796,[109784367],38.56780973333333,-8.882322777777778,Palmela,PLM
2797,"[109790643, 628687913, 795605440]",38.571769668749994,-7.8986238562499995,Évora,EVR
2798,"[109790648, 550362959, 611799007, 611799008]",38.571677165,-7.901350410000001,Évora,EVR
2799,"[109806075, 1020162829, 1020164343, 1020164344, 1271043448]",38.751616911111114,-8.943642227777778,Alcochete,ACH
2800,"[109808947, 1020162830, 1271043446, 1271043447, 1271043449]",38.75131423333332,-8.946572666666667,Alcochete,ACH
2801,"[109856720, 1019610556, 1019614449, 1019614450, 1271043454]",38.752523745000005,-8.961052794999999,Alcochete,ACH
2802,[109916421],40.402343564000006,-8.224153788,Mortágua,MRT
2803,[109916427],40.40177523913043,-8.237974482608697,Mortágua,MRT
2804,"[109963971, 139132384, 814395132, 1006185680, 1077138765, 1077150181]",41.009391587500005,-8.644224018749998,Espinho,ESP
2805,"[110013736, 1068769563, 1068769564, 1068769578, 1068769579, 1374358116]",38.539996075000005,-8.869412695,Setúbal,STB
2806,"[110068347, 1044597024]",38.569141928571426,-8.873035874285717,Palmela,PLM
2807,[110085390],40.698683031818184,-8.337237881818181,Sever do Vouga,SVV
2808,[110097301],40.38565775,-8.446821172222222,Mealhada,MLD
2809,"[110135230, 1315362778, 1315362779, 1315402460, 1315411065, 1317174798]",38.75188438181818,-9.277083204545452,Sintra,SNT
2810,"[110135254, 1306782024, 1306782025, 1306782059, 1315402461, 1315402469, 1315411059, 1335995392]",38.75690598571428,-9.27741459047619,Sintra,SNT
2811,"[110135288, 1315366122, 1315366123]",38.754162620833334,-9.274714520833333,Sintra,SNT
2812,[110136993],38.652651627272725,-8.208367913636364,Montemor-o-Novo,MMN
2813,[110223715],38.54605993125,-8.84677306875,Setúbal,STB
2814,"[110238310, 1270682524, 1270682525, 1270682533]",38.73190783793103,-8.97666673448276,Alcochete,ACH
2815,"[110376941, 1193113228, 1193113229]",41.543023222727264,-8.615535222727273,Barcelos,BCL
2816,[110398324],41.549279523809524,-8.615907085714285,Barcelos,BCL
2817,"[110422359, 1068683871, 1068683872, 1068683873, 1069377101, 1069377102, 1349656011]",38.534034250000005,-8.8671144,Setúbal,STB
2818,"[110436536, 279679061, 317908539, 568837612, 568837621, 568837625, 568837751, 568837755, 1461524153, 1461524155, 1461524156, 1461524157]",32.6750189117647,-16.918150976470585,Funchal,FNC
2819,[110464005],38.14005765806451,-7.460266570967741,Moura,MRA
2820,"[110561027, 750255767, 750255768, 1080968390, 1080968391]",41.110694568421046,-8.629171,Vila Nova de Gaia,VNG
2821,"[110562109, 1315402477, 1315402478, 1315411066, 1315411080, 1315411081, 1317174799]",38.752542073913034,-9.283953991304347,Sintra,SNT
2822,"[110562120, 1315402470, 1315402471, 1315411070, 1315411071, 1336281140]",38.75675624761905,-9.280307933333333,Sintra,SNT
2823,"[110562124, 1315411072, 1315411073, 1315411076, 1315411077]",38.75800780454546,-9.282083090909092,Sintra,SNT
2824,"[110590362, 670193180, 670193181, 670193182]",39.051109794999995,-7.88907521,Avis,AVS
2825,"[110590367, 670190720, 670193183, 670193184]",39.0506098368421,-7.884369700000001,Avis,AVS
2826,"[110601028, 1029404698, 1029878912, 1029878913]",38.4786281,-9.1043596125,Sesimbra,SSB
2827,"[110604217, 1020521827, 1020525462, 1020525463, 1024954920, 1025054619]",38.593191772,-9.046501448,Barreiro,BRR
2828,"[110616595, 1230023490, 1237257165, 1237257166, 1237257172, 1304556383]",38.700447662500004,-9.295421541666668,Oeiras,OER
2829,"[110688997, 216692725, 216692882]",32.662673427777776,-16.96614453888889,Câmara de Lobos,CML
2830,[110749538],40.210414068421045,-8.468329810526315,Coimbra,CBR
2831,[110753824],40.22487733636364,-8.422310868181818,Coimbra,CBR
2832,[110768455],38.52430110625,-8.84968369375,Setúbal,STB
2833,[110845935],40.596091935000004,-8.47439038,Águeda,AGD
2834,"[111002104, 166775778, 166775790, 166775826]",32.73287829047619,-16.777351485714284,Machico,MCH
2835,[111045950],40.19207444666666,-8.508836306666668,Coimbra,CBR
2836,[111183712],37.03024868421053,-7.851882835526314,Olhão,OLH
2837,[111291587],40.23374237058823,-8.437413235294116,Coimbra,CBR
2838,[111291605],40.229369424999994,-8.438658855,Coimbra,CBR
2839,[111474868],40.18909514545455,-8.51294376818182,Coimbra,CBR
2840,"[111475510, 1328137680, 1328137681, 1328137682, 1328137683, 1328137684, 1328137685, 1328137686]",40.23815655238096,-8.424999190476191,Coimbra,CBR
2841,"[111495891, 808568355, 808568356]",37.12706041111111,-7.6479453,Tavira,TVR
2842,[111557520],41.262794322727274,-7.620838218181819,Sabrosa,SBR
2843,[111558152],41.179361414285715,-8.153515161904762,Marco de Canaveses,MCN
2844,"[111597584, 870559602, 870559603, 1211505952]",37.51639166428571,-8.060499978571428,Almodôvar,ADV
2845,[111597602],37.51456628636364,-8.058709568181818,Almodôvar,ADV
2846,[111658105],38.79538564736842,-9.171497563157896,Odivelas,ODV
2847,[111680045],41.39751454090908,-8.319806927272728,Vizela,VIZ
2848,"[111730875, 880769178, 880769179]",38.84236381111111,-7.596279011111111,Estremoz,ETZ
2849,[111756980],40.62693468695653,-8.645974917391305,Aveiro,AVR
2850,[111765040],38.13427571363636,-6.979557872727273,Barrancos,BRC
2851,[111842121],39.25594231666667,-8.586152933333333,Alpiarça,APC
2852,[112023502],38.498164475,-8.814631187500002,Setúbal,STB
2853,"[112286388, 112286392, 112286414, 112286420]",39.249410935714295,-8.577567149999998,Alpiarça,APC
2854,[112286424],39.254122790909086,-8.580041672727273,Alpiarça,APC
2855,"[112290909, 1123398817, 1123398818, 1123398819, 1123398820, 1123398821, 1123398822, 1123398824]",40.3303484047619,-8.840794604761905,Cantanhede,CNT
2856,"[112307456, 963705877, 963705878, 963705879]",39.27334897391305,-8.55985535652174,Alpiarça,APC
2857,"[112316784, 1080877266, 1080877267, 1080877284]",38.66413250526316,-9.243725915789474,Almada,ALM
2858,"[112316800, 1080877264, 1080877265, 1080877285, 1387356973]",38.667555961111105,-9.240315111111112,Almada,ALM
2859,[112574287],39.7706216,-8.779985719230769,Leiria,LRA
2860,"[112683167, 1013379304, 1013380729, 1013380730, 1387356979]",38.6692593875,-9.18292539375,Almada,ALM
2861,"[112683188, 1013379301, 1013380731, 1013380732, 1016038989, 1016039062, 1079342223, 1079342226]",38.66787735882354,-9.187643723529412,Almada,ALM
2862,"[112683914, 1387350696]",38.670253744444445,-9.190783605555557,Almada,ALM
2863,"[112715148, 816691605]",40.624546216666666,-8.647967200000002,Aveiro,AVR
2864,[112746965],37.513005250000006,-8.0722608125,Almodôvar,ADV
2865,"[112747146, 1327264318, 1327264319, 1327264320, 1327264321, 1327264322]",40.179632135483864,-8.447852748387097,Coimbra,CBR
2866,[112770346],38.639790725000005,-9.039491,Moita,MTA
2867,[112847141],40.36034553,-8.61001143,Cantanhede,CNT
2868,[112847152],40.363047890909094,-8.61494599090909,Cantanhede,CNT
2869,[112847158],40.3524570125,-8.61069780625,Cantanhede,CNT
2870,[112914881],40.429529980000005,-7.709265450000001,Seia,SEI
2871,[112914896],40.41935492857143,-7.703630157142858,Seia,SEI
2872,"[113005313, 891081317, 891081318, 1236028700, 1355483473, 1355483492]",38.651717164999994,-9.005323035,Moita,MTA
2873,"[113006063, 891081320, 891081321, 891081322]",38.650506404999994,-8.99945619,Moita,MTA
2874,"[113157582, 683831612, 693803585, 693803586, 1359390166, 1359390167]",38.7335701125,-9.2202702875,Amadora,AMD
2875,[113157708],41.4309490952381,-8.302143380952382,Guimarães,GMR
2876,"[113160634, 1230013765, 1230013766, 1237733986, 1237733987]",38.744441618181824,-9.206767304545453,Lisboa,LSB
2877,[113213757],37.140808776190475,-8.507552942857144,Lagoa,LGA
2878,"[113276244, 1375841113, 1375841122, 1375870552, 1375927258]",38.65241817894736,-9.058330894736843,Barreiro,BRR
2879,[113502770],38.43269650869565,-7.532918856521739,Reguengos de Monsaraz,RMZ
2880,[113502775],38.4226142590909,-7.537754663636364,Reguengos de Monsaraz,RMZ
2881,[113502780],38.42817531428572,-7.52833752857143,Reguengos de Monsaraz,RMZ
2882,[113502785],38.43186918000001,-7.5362133,Reguengos de Monsaraz,RMZ
2883,"[113524074, 1102828558]",38.442262299999996,-7.379330456521737,Reguengos de Monsaraz,RMZ
2884,"[113531527, 680802259, 680802260, 891081287, 891081288]",38.658144868181815,-9.038884554545453,Moita,MTA
2885,"[113531781, 680802263, 891081289, 891081292, 891081293, 1020165031]",38.655147883333335,-9.03230462222222,Moita,MTA
2886,"[113559200, 806725472, 806725473, 1347269390]",37.69394798,-8.083148245,Castro Verde,CVR
2887,[113559219],37.69908408636364,-8.08304386818182,Castro Verde,CVR
2888,[113559244],37.6967753375,-8.087421175000001,Castro Verde,CVR
2889,[113560010],37.70202009130435,-8.083053165217391,Castro Verde,CVR
2890,[113560032],37.702264665517234,-8.085053,Castro Verde,CVR
2891,[113560042],37.70442985,-8.087144541666666,Castro Verde,CVR
2892,"[113624061, 878427145, 878427146]",37.87130022777778,-8.163939577777777,Aljustrel,AJT
2893,[113683731],38.451337485,-7.385465724999999,Reguengos de Monsaraz,RMZ
2894,[113683768],38.44491340434782,-7.475750739130436,Reguengos de Monsaraz,RMZ
2895,[113695942],37.88587555238095,-8.161203557142857,Aljustrel,AJT
2896,[113767505],39.782101218181815,-8.649458313636362,Leiria,LRA
2897,[113922641],40.213002981818185,-8.849579463636362,Figueira da Foz,FIG
2898,[113992913],40.43222131500001,-8.73013757,Mira,MIR
2899,"[114008315, 306442112, 1381710492]",39.91619852631579,-8.627945542105262,Pombal,PBL
2900,"[114008326, 899069677, 899069678, 1000298211, 1000298212]",39.9149985,-8.629106330434784,Pombal,PBL
2901,[114009959],39.915883400000006,-8.632867336363638,Pombal,PBL
2902,"[114036952, 166775694, 166775696, 166775697, 1467975710, 1467975711]",32.711503948,-17.152444772,Calheta,CLT
2903,"[114277792, 1356464754, 1356464755]",38.60607166,-8.886740335,Palmela,PLM
2904,"[114285459, 1356464750, 1356464751, 1356464752, 1356464756]",38.60712102222222,-8.88880103888889,Palmela,PLM
2905,[114291724],40.27047053,-7.48429697,Covilhã,CVL
2906,[114291865],37.19145479090909,-7.424297572727273,Vila Real de Santo António,VRS
2907,[114294492],37.19138952173914,-7.4310598608695635,Vila Real de Santo António,VRS
2908,"[114314797, 1014509279]",37.5905441,-8.66438517777778,Odemira,ODM
2909,"[114469888, 1337998252]",38.905978209999994,-9.049593309999999,Vila Franca de Xira,VFX
2910,"[114475229, 983735827, 983735828, 983735829, 983735830, 983735831]",38.860743712499996,-9.1147278125,Vila Franca de Xira,VFX
2911,"[114475230, 938619030, 938619031, 938619032, 938619033, 938619034, 938619035, 938619036]",38.86398024193549,-9.133829722580646,Loures,LRS
2912,[114480287],39.406193178947376,-7.445288321052631,Castelo de Vide,CVD
2913,"[114517096, 938619081, 938619082, 938619083, 938619084, 938619085, 1235860120]",38.837883733333335,-9.159012280952378,Loures,LRS
2914,"[114517098, 893179117, 893179118, 893179119, 893179120, 893179121, 1006887470]",38.84123075,-9.16201042,Loures,LRS
2915,"[114518216, 893143278, 893143279, 935164969, 986054171, 1391130080]",38.83253513181818,-9.170785940909091,Loures,LRS
2916,[114533498],38.918826530000004,-9.078707045,Loures,LRS
2917,[114555986],39.414796371428565,-7.461662490476192,Castelo de Vide,CVD
2918,[114555987],39.407493663157894,-7.450864268421052,Castelo de Vide,CVD
2919,[114568573],38.9156057631579,-9.027010789473684,Vila Franca de Xira,VFX
2920,"[114660982, 1101877657, 1235860125, 1340379972, 1340379973, 1340380017, 1342769389, 1342769391]",38.88907030952381,-9.051325666666665,Vila Franca de Xira,VFX
2921,"[114661982, 1292176540, 1292176541, 1292176542]",38.88910071333333,-9.047231306666667,Vila Franca de Xira,VFX
2922,[114704096],39.478232285714284,-8.21454218095238,Abrantes,ABT
2923,[114705747],39.45751777741937,-8.215280429032257,Abrantes,ABT
2924,[114705749],39.45895467407408,-8.216962125925924,Abrantes,ABT
2925,[114728104],40.96806489523809,-8.533799676190476,Santa Maria da Feira,VFR
2926,"[114789964, 1390962384, 1390962385]",38.90071331428572,-9.039939223809524,Vila Franca de Xira,VFX
2927,"[114789977, 987755635, 987755636, 987755637, 987755638, 987755639]",38.89296878095238,-9.04213428095238,Vila Franca de Xira,VFX
2928,[114796749],41.380414442857145,-8.31402199047619,Vizela,VIZ
2929,"[114814960, 1432278870, 1432278871, 1432278872, 1432278873]",40.314630062962955,-8.75297722962963,Cantanhede,CNT
2930,[114839384],39.46188712222222,-8.212087583333334,Abrantes,ABT
2931,[114893987],40.96848488333334,-8.5222168,Santa Maria da Feira,VFR
2932,[114912596],40.089368273684215,-8.875293731578948,Figueira da Foz,FIG
2933,[114932274],38.3377363,-8.000623917391303,Viana do Alentejo,VNT
2934,"[114933302, 365069043, 1127417777, 1127417778]",38.955795466666665,-9.125814877777778,Arruda dos Vinhos,ARV
2935,"[114947942, 1007760883, 1291072732, 1335852070, 1335852071, 1340380035]",38.87642820476191,-9.052598847619047,Vila Franca de Xira,VFX
2936,[115026012],40.49276567647058,-7.600426794117647,Gouveia,GVA
2937,[115026023],40.49674586363636,-7.602901072727272,Gouveia,GVA
2938,[115027335],38.06338275454546,-7.941559263636363,Beja,BJA
2939,"[115064564, 1385144503]",38.763638385,-9.13842793,Lisboa,LSB
2940,[115087125],40.501693490476185,-7.606351876190476,Gouveia,GVA
2941,[115194291],40.18232175294118,-8.671522994117646,Montemor-o-Velho,MMV
2942,[115219658],40.511840774999996,-7.631657820000001,Gouveia,GVA
2943,"[115219672, 1320159348]",40.512260854999994,-7.6324635999999995,Gouveia,GVA
2944,[115233609],38.75472513500001,-9.183438685,Lisboa,LSB
2945,[115303904],41.707799990909095,-8.810441231818182,Viana do Castelo,VCT
2946,[115395228],41.71016187142857,-8.775570404761904,Viana do Castelo,VCT
2947,[115397040],41.671242710526315,-8.708571831578945,Viana do Castelo,VCT
2948,[115406087],41.746289616666665,-8.688512179166667,Viana do Castelo,VCT
2949,"[115489458, 1456275568]",40.598113519047615,-7.815012066666666,Mangualde,MGL
2950,"[115525669, 660809025, 660809026, 660809027]",40.71674167619047,-7.912427947619046,Viseu,VIS
2951,"[115601660, 1334861155, 1334861156, 1334861188, 1348152524, 1348152558]",38.80068565217391,-9.102244578260871,Loures,LRS
2952,"[115662488, 1190350701, 1190350702]",40.58383082000001,-8.503860795,Águeda,AGD
2953,[115674087],37.678502180952385,-8.137646252380952,Castro Verde,CVR
2954,[115674092],37.67741707727272,-8.134928899999998,Castro Verde,CVR
2955,"[115686152, 813476909]",39.80387013333333,-8.59170392857143,Pombal,PBL
2956,"[115686272, 1214897645, 1214897646, 1214899486]",37.65137014444445,-8.22845665,Ourique,ORQ
2957,"[115686274, 1214899484, 1214899485, 1214903306, 1215583800]",37.652880784999994,-8.23326647,Ourique,ORQ
2958,[115711815],41.62163287,-8.79944501,Viana do Castelo,VCT
2959,"[115711826, 1530393252, 1530393253, 1530393254, 1530393255, 1530393256, 1530393257]",41.623708192,-8.796577376,Viana do Castelo,VCT
2960,[115711844],41.64451228,-8.817041645,Viana do Castelo,VCT
2961,"[115711853, 1530393265, 1530393266, 1530393267, 1530393268, 1530393269, 1530393270, 1530393271]",41.64780391363635,-8.805725890909091,Viana do Castelo,VCT
2962,"[115711878, 1530393258, 1530393259, 1530393260, 1530393261, 1530393262, 1530393263, 1530393264]",41.64251446923077,-8.804656123076922,Viana do Castelo,VCT
2963,[115732511],37.65457273,-8.223097359999999,Ourique,ORQ
2964,[115753761],37.65178354736842,-8.229180352631579,Ourique,ORQ
2965,[115843167],40.136792866666674,-7.513624886666665,Fundão,FND
2966,[115843184],40.14383378095238,-7.5021738904761905,Fundão,FND
2967,[115843193],40.139260968749994,-7.5054491062499995,Fundão,FND
2968,[115843205],40.135948750000004,-7.50686616111111,Fundão,FND
2969,[115843206],40.144965455000005,-7.49883415,Fundão,FND
2970,"[115861776, 1028336240, 1028336241, 1028336242]",41.17498799545455,-8.561509422727273,Gondomar,GDM
2971,[115913994],40.4241506375,-8.604236966666667,Cantanhede,CNT
2972,[115914486],40.42621729583333,-8.62275235,Cantanhede,CNT
2973,[115915417],40.44002515652174,-8.585175730434782,Cantanhede,CNT
2974,[115932850],40.23698510454546,-8.5512622,Coimbra,CBR
2975,"[116004367, 1467636064, 1467636065, 1467650127, 1467650128, 1467881414, 1472755143, 1473374940]",41.02476573809524,-8.629786000000001,Vila Nova de Gaia,VNG
2976,"[116004699, 1467636066, 1467636067, 1468060088, 1468066673]",41.024810741935475,-8.626931483870967,Vila Nova de Gaia,VNG
2977,[116040896],39.30883721923077,-7.641629050000001,Crato,CRT
2978,"[116073463, 1024720125]",38.726722031578944,-9.154180584210527,Lisboa,LSB
2979,"[116086126, 808910991, 808910992]",38.39596607083333,-7.963862704166666,Viana do Alentejo,VNT
2980,[116086141],38.38954176363636,-7.9680207454545435,Viana do Alentejo,VNT
2981,[116298795],40.53582154333334,-8.639566696666666,Vagos,VGS
2982,[116397674],39.20419655789474,-8.63543784736842,Almeirim,ALR
2983,[116401307],40.44611227916667,-8.5795857375,Cantanhede,CNT
2984,[116407080],39.81546410000001,-8.109031268181818,Sertã,SRT
2985,"[116407081, 874708987, 874708988]",39.81040074210526,-8.107410757894735,Sertã,SRT
2986,[116417811],37.600323025,-8.654751325,Odemira,ODM
2987,[116417830],37.60034167894737,-8.656257294736841,Odemira,ODM
2988,[116417847],37.60089134210526,-8.654473663157894,Odemira,ODM
2989,[116417870],37.5967703368421,-8.63869397368421,Odemira,ODM
2990,[116470320],38.538235325,-8.84513464375,Setúbal,STB
2991,[116475951],37.491296016666666,-8.497936316666667,Odemira,ODM
2992,[116496650],39.810492519047614,-8.097107442857142,Sertã,SRT
2993,"[116504465, 1354711543, 1354711544, 1354769263, 1354769264, 1428644363, 1428705909]",41.04092386818181,-8.570585295454546,Vila Nova de Gaia,VNG
2994,"[116504469, 1428705900, 1428705901]",41.007176057142864,-8.60427412857143,Espinho,ESP
2995,"[116504639, 1354711545, 1354711546, 1354769261, 1354769262, 1468554826, 1468559063]",41.043725685000005,-8.57130038,Vila Nova de Gaia,VNG
2996,"[116504642, 1428705902, 1428705903]",41.00700593043479,-8.605569891304349,Espinho,ESP
2997,"[116515620, 1349594486, 1349594487, 1349594504, 1364829520, 1364829522]",38.56046925454546,-8.775261081818183,Setúbal,STB
2998,[116622976],40.440515210526314,-8.601224299999998,Cantanhede,CNT
2999,[116771414],40.586290485,-8.729844114999999,Ílhavo,ILH
3000,[116772402],40.55124744761904,-8.686912728571428,Vagos,VGS
3001,[116818485],41.053519868181816,-8.60330735,Vila Nova de Gaia,VNG
3002,"[116818509, 1428644366, 1428705906, 1428705907]",41.04164601363636,-8.588643486363635,Vila Nova de Gaia,VNG
3003,[116844307],39.46394392173913,-8.657659199999998,Alcanena,ACN
3004,[116845111],39.47005993809525,-8.662767114285714,Alcanena,ACN
3005,[116845113],39.459655295000005,-8.666786114999997,Alcanena,ACN
3006,[116848992],39.46273028095237,-8.662831071428574,Alcanena,ACN
3007,[116848995],39.46118363913043,-8.661718908695653,Alcanena,ACN
3008,[116848997],39.46246985263158,-8.663657605263158,Alcanena,ACN
3009,[116882881],40.50677296,-8.536724889999999,Oliveira do Bairro,OBR
3010,[116883063],40.5042246368421,-8.579335136842108,Oliveira do Bairro,OBR
3011,[116883113],40.5003071625,-8.587779833333334,Oliveira do Bairro,OBR
3012,[116883819],40.51215512727273,-8.520336477272727,Oliveira do Bairro,OBR
3013,[116967721],39.457164272727276,-8.672910468181819,Alcanena,ACN
3014,"[117169195, 1364829517, 1364829518, 1364829523, 1364829524]",38.561796933333326,-8.771990876190475,Setúbal,STB
3015,"[117217862, 407101014, 407101016, 407101029]",41.0884771,-8.603597131578946,Vila Nova de Gaia,VNG
3016,"[117218010, 1411985785, 1411985786, 1411991887]",41.09638336923077,-8.58662653076923,Vila Nova de Gaia,VNG
3017,"[117383841, 1047000445, 1081839836, 1174454483, 1174454484, 1174454485, 1354711576, 1411985787]",41.09577936521739,-8.589394186956524,Vila Nova de Gaia,VNG
3018,"[117383890, 1354711577, 1354711578]",41.09959583333333,-8.58454028095238,Vila Nova de Gaia,VNG
3019,[117425281],41.12213800952381,-8.582935885714287,Vila Nova de Gaia,VNG
3020,"[117519361, 1320159333]",40.333760007407406,-7.86567704074074,Oliveira do Hospital,OHP
3021,[117519366],40.33650688076922,-7.874594457692306,Oliveira do Hospital,OHP
3022,[117519367],40.335559455,-7.879382930000001,Oliveira do Hospital,OHP
3023,[117528639],40.401908333333324,-7.847747842857142,Oliveira do Hospital,OHP
3024,[117593436],41.35748784705883,-6.713719152941176,Mogadouro,MGD
3025,[117626652],40.331696540909086,-7.96622365,Tábua,TBU
3026,[117626653],40.33033061818182,-7.965025281818183,Tábua,TBU
3027,[117629408],40.36602791363636,-8.0442707,Tábua,TBU
3028,[117655956],41.00183857894737,-8.534920115789474,Santa Maria da Feira,VFR
3029,[117692188],40.54027667777777,-7.265941866666667,Guarda,GRD
3030,[117791844],41.136427019047616,-8.534068271428572,Gondomar,GDM
3031,"[117793552, 1169591939]",41.13985445789473,-8.534754526315789,Gondomar,GDM
3032,"[117934215, 1317032644, 1317032645, 1317174804, 1317174805]",38.7630278076923,-9.2951089,Sintra,SNT
3033,"[117942072, 1468108956, 1468108960, 1546503064]",41.019352775,-8.541135090000001,Santa Maria da Feira,VFR
3034,"[117951551, 1472755144, 1472755145, 1473374938, 1473374939]",41.08203389047619,-8.62795767142857,Vila Nova de Gaia,VNG
3035,[117963423],40.917649685,-8.43126754,Oliveira de Azeméis,OAZ
3036,"[118005010, 750255766, 1080968389, 1341414786]",41.1097129148148,-8.632554318518517,Vila Nova de Gaia,VNG
3037,"[118005696, 1377474345, 1377474346, 1377474347, 1377474348]",41.107779199999996,-8.623236296666668,Vila Nova de Gaia,VNG
3038,[118041650],40.977639136363635,-7.614397113636364,Moimenta da Beira,MBR
3039,[118052326],40.97023090555555,-7.606570083333334,Moimenta da Beira,MBR
3040,[118059670],39.46656968095238,-8.685266599999999,Alcanena,ACN
3041,[118059671],39.459581180952384,-8.68660581904762,Alcanena,ACN
3042,[118059675],39.47658096,-8.668484255,Alcanena,ACN
3043,[118059676],39.45448301052632,-8.682951357894737,Alcanena,ACN
3044,"[118182220, 1354711547, 1354711548, 1354769259, 1354769260, 1468554827, 1468559062]",41.044337290909084,-8.56998165909091,Vila Nova de Gaia,VNG
3045,"[118236777, 1356513980, 1356513981, 1356719547, 1356719548, 1356719551]",38.603201961904766,-8.690217419047618,Palmela,PLM
3046,[118248802],40.63037573,-8.642953949999999,Aveiro,AVR
3047,[118295189],40.62549543181819,-8.635481072727272,Aveiro,AVR
3048,"[118312103, 1359078892, 1359078893, 1359078894]",41.010499683333336,-8.5735759625,Santa Maria da Feira,VFR
3049,[118324502],41.010089317391305,-8.535049299999999,Santa Maria da Feira,VFR
3050,[118400779],40.25371312,-8.48811209,Coimbra,CBR
3051,[118447562],40.52919991904762,-7.275026319047619,Guarda,GRD
3052,"[118447602, 629001186, 629001187]",40.528988822222225,-7.278187127777778,Guarda,GRD
3053,"[118467688, 1447217518, 1498254403]",41.41153834210527,-8.522483468421052,Vila Nova de Famalicão,VNF
3054,[118480876],39.66095855384616,-8.823580600000001,Batalha,BTL
3055,[118502195],40.75167033,-7.330238365000001,Trancoso,TCS
3056,[118502196],40.7546878375,-7.332121545833334,Trancoso,TCS
3057,[118650597],39.91719665238095,-8.954216371428572,Leiria,LRA
3058,[118656142],39.91858789230769,-8.941884900000002,Leiria,LRA
3059,[118711471],41.01243563809524,-8.474670042857142,Santa Maria da Feira,VFR
3060,[118711479],41.00692024285714,-8.483560542857143,Santa Maria da Feira,VFR
3061,[118711533],41.01012338000001,-8.482739060000002,Santa Maria da Feira,VFR
3062,"[118998884, 1320159329]",40.31407609166667,-8.008899600000001,Tábua,TBU
3063,[118998906],40.3288135,-8.042559272,Tábua,TBU
3064,[119000788],40.28149870000001,-8.084013308333333,Tábua,TBU
3065,[119055928],40.70052441904762,-8.483721485714284,Albergaria-a-Velha,ALB
3066,"[119058678, 1334586313, 1334586314, 1368501487]",40.70009960384615,-8.481342886538462,Albergaria-a-Velha,ALB
3067,[119059674],40.7385438,-8.471392319999998,Albergaria-a-Velha,ALB
3068,[119060027],40.375195588888886,-8.445568716666665,Mealhada,MLD
3069,[119075487],41.453705673684205,-8.16790757894737,Fafe,FAF
3070,[119217335],40.705005478260865,-8.488122113043477,Albergaria-a-Velha,ALB
3071,[119217370],40.68070565652174,-8.470728360869565,Albergaria-a-Velha,ALB
3072,"[119217372, 1342476688, 1342476689, 1342476690, 1342476691, 1345106683, 1345106684]",40.69114976190476,-8.473300138095238,Albergaria-a-Velha,ALB
3073,"[119217374, 1347998382, 1347998383, 1350349234, 1350349235]",40.680907623809524,-8.471843238095236,Albergaria-a-Velha,ALB
3074,[119217376],40.74580707777778,-8.487235918518518,Albergaria-a-Velha,ALB
3075,[119401710],39.5614723,-7.9966805149999995,Mação,MAC
3076,"[119401874, 1029847362, 1029847363]",39.638319055,-7.844640975,Proença-a-Nova,PNV
3077,[119484095],39.831279514285725,-7.486758666666667,Castelo Branco,CTB
3078,[119484122],39.833392950000004,-7.489026307692308,Castelo Branco,CTB
3079,"[119484149, 1165231842, 1165231843, 1165231844, 1165231845, 1165231846, 1165231847, 1165231848, 1165231849, 1165231850, 1165231851]",39.82539447741936,-7.484578812903225,Castelo Branco,CTB
3080,[119556189],40.98376187916667,-8.5808719375,Santa Maria da Feira,VFR
3081,[119559235],40.99767468181818,-8.560890845454544,Santa Maria da Feira,VFR
3082,"[119565654, 1545846980, 1545846981, 1545846982]",40.9935527173913,-8.572201739130435,Santa Maria da Feira,VFR
3083,[119663152],41.077274338095236,-8.294750176190476,Castelo de Paiva,CPV
3084,[119667243],41.089331615,-8.291268480000001,Penafiel,PNF
3085,[119677219],41.07553112272727,-8.291318904545456,Castelo de Paiva,CPV
3086,[119679425],41.08043872727273,-8.298247840909092,Penafiel,PNF
3087,[119695004],40.981000637499996,-8.550736079166667,Santa Maria da Feira,VFR
3088,"[119695005, 1545846976, 1545846977, 1545846978, 1545846979]",40.97618933809523,-8.573024338095237,Santa Maria da Feira,VFR
3089,[119695007],40.983431915,-8.563205700000001,Santa Maria da Feira,VFR
3090,"[119695019, 1545846975, 1546503071, 1546503072]",40.980102499999994,-8.57609282857143,Santa Maria da Feira,VFR
3091,[119695048],40.979983985000004,-8.57258087,Santa Maria da Feira,VFR
3092,[119718549],41.10830397619048,-8.265198376190474,Penafiel,PNF
3093,[119793322],39.9259109125,-7.24473635,Idanha-a-Nova,IDN
3094,[119800812],39.9081308375,-7.1769132312499995,Idanha-a-Nova,IDN
3095,[119856798],40.20638708235293,-8.417295041176471,Coimbra,CBR
3096,"[119869690, 1338867637, 1338867638]",40.65344438695653,-7.905963713043478,Viseu,VIS
3097,"[119869692, 1338867639, 1338867640]",40.654508814285705,-7.906024900000001,Viseu,VIS
3098,[119869702],40.028293347368425,-8.454905005263159,Penela,PNL
3099,"[119948346, 799000524, 799000525, 799000526]",39.56054113181818,-8.831147431818183,Porto de Mós,PMS
3100,[119959584],39.44405918500001,-8.722538465000001,Santarém,STR
3101,[119959585],39.44309105000001,-8.741091099999998,Santarém,STR
3102,"[119965813, 982883118, 982883119, 982883120]",39.54425445384615,-8.973486146153844,Alcobaça,ACB
3103,"[119965814, 1070323184, 1070323185, 1070323198]",39.55024179047619,-8.973113109523808,Alcobaça,ACB
3104,"[119965817, 1070323187, 1070323188, 1070323196]",39.55852064782608,-8.98088106956522,Alcobaça,ACB
3105,"[119965819, 980225950, 980225951, 980225952]",39.55537231739131,-8.975427817391303,Alcobaça,ACB
3106,"[119965822, 980225946, 980225947, 980225948]",39.55790153181818,-8.976660059090909,Alcobaça,ACB
3107,"[119965825, 1070323186]",39.548974256,-8.976539107999999,Alcobaça,ACB
3108,"[119965828, 981869858, 981869859, 981869860, 1070323183, 1070323199]",39.54881456956521,-8.96801883478261,Alcobaça,ACB
3109,[119965831],39.5464618625,-8.9695254625,Alcobaça,ACB
3110,[120314468],39.252359918181824,-8.009530631818182,Ponte de Sor,PSR
3111,[120431185],40.536213423076916,-7.27945576923077,Guarda,GRD
3112,[120445466],41.562594312499996,-8.22089989375,Póvoa de Lanhoso,PVL
3113,[120474958],39.762710600000005,-8.461842773333334,Ourém,ORM
3114,[120553114],40.98819006000001,-8.53969779,Santa Maria da Feira,VFR
3115,[120596685],40.238206115789474,-8.438113373684212,Coimbra,CBR
3116,[120597376],40.346672680000005,-7.348653926666667,Belmonte,BMT
3117,[120709662],40.23433227647059,-8.440728976470588,Coimbra,CBR
3118,"[120806347, 1329839165, 1329839166, 1329839167]",40.18574556666666,-8.407110485714284,Coimbra,CBR
3119,[120864959],40.529985485000005,-7.252317679999999,Guarda,GRD
3120,[120921444],40.11743792272727,-8.5289892,Condeixa-a-Nova,CDN
3121,[120976405],40.177275914285715,-8.680560800000002,Montemor-o-Velho,MMV
3122,[120981234],40.155363948,-8.64472534,Soure,SRE
3123,[121000935],40.19394340952382,-8.50608593809524,Coimbra,CBR
3124,[121003449],40.19114887222222,-8.509023438888889,Coimbra,CBR
3125,[121006132],40.2022380909091,-8.486214099999998,Coimbra,CBR
3126,[121015173],40.140471152173916,-8.468150091304349,Coimbra,CBR
3127,"[121015212, 1133290907, 1133290908]",40.134192195,-8.474032065,Coimbra,CBR
3128,[121016153],40.120342072727276,-8.499344754545454,Condeixa-a-Nova,CDN
3129,[121016156],40.13027980952381,-8.479250847619047,Coimbra,CBR
3130,"[121115962, 205706821, 205706852, 205706857]",33.0622924173913,-16.332076421739135,Porto Santo,PST
3131,[121162289],40.527594423809525,-7.25085372857143,Guarda,GRD
3132,[121166022],40.18073451428572,-8.392105547619048,Coimbra,CBR
3133,"[121169542, 1111186751, 1111186752, 1111186753, 1498186133]",41.33721134500001,-8.54679012,Trofa,TRF
3134,[121175409],41.376100426315794,-8.311531510526317,Vizela,VIZ
3135,"[121176470, 1498618579, 1498618580, 1498618588, 1498992466]",41.40286091428572,-8.510281633333332,Vila Nova de Famalicão,VNF
3136,[121185012],41.05275312222223,-7.5684264444444445,Tabuaço,TBC
3137,[121226246],40.93079031904762,-8.554861952380952,Santa Maria da Feira,VFR
3138,[121258356],41.182032624242424,-8.157028015151514,Marco de Canaveses,MCN
3139,"[121294192, 1120967737, 1120967738, 1120967758]",40.94196968,-8.531403705,Santa Maria da Feira,VFR
3140,[121296083],40.188221171428566,-8.665689866666666,Montemor-o-Velho,MMV
3141,[121296086],40.183821816666665,-8.672038933333333,Montemor-o-Velho,MMV
3142,[121301926],40.986187525,-7.6255681375,Moimenta da Beira,MBR
3143,[121301937],40.98639947058823,-7.619569611764706,Moimenta da Beira,MBR
3144,[121303690],41.096947330000006,-7.675422674999998,Armamar,AMM
3145,[121323610],41.17268928947368,-8.16343734736842,Marco de Canaveses,MCN
3146,[121373462],40.95783726842105,-8.5736095,Santa Maria da Feira,VFR
3147,"[121392081, 1456556747, 1456556748, 1456556805, 1456556806, 1530206331, 1530206333]",40.572892466666666,-7.885644341666666,Nelas,NLS
3148,[121392085],40.542268195000005,-7.857010099999999,Nelas,NLS
3149,"[121392101, 658711624, 658711628, 658711629, 658711630]",40.54449774545455,-7.979956127272728,Tondela,TND
3150,"[121392103, 1461482826, 1461482827, 1461482830, 1461482831]",40.52853452000001,-7.992188540000003,Tondela,TND
3151,"[121392106, 1456565637, 1456565638, 1528520052]",40.54114565416666,-7.89667675,Nelas,NLS
3152,"[121413593, 1327232925, 1327232926, 1327232927, 1327232928, 1327232929]",40.197330380000004,-8.46183948,Coimbra,CBR
3153,[121423374],40.191177690909086,-8.457139504545456,Coimbra,CBR
3154,"[121460479, 1456275571]",40.60160918125,-7.83537381875,Mangualde,MGL
3155,"[121460480, 1481441618, 1481441628, 1481441629]",40.53920276363636,-7.817242331818181,Nelas,NLS
3156,[121470775],40.640716180000005,-7.863535400000002,Viseu,VIS
3157,[121520460],40.743809925,-7.733992414999999,Sátão,SAT
3158,"[121520464, 1455023537, 1455023538, 1455023547, 1455109886, 1455109895]",40.746087947368416,-7.73225442105263,Sátão,SAT
3159,"[121520476, 1476170583]",40.73750607,-7.726551594999999,Sátão,SAT
3160,"[121520477, 1455109888, 1455109889]",40.74204563333333,-7.72985591111111,Sátão,SAT
3161,[121520479],40.7510677,-7.73159609090909,Sátão,SAT
3162,"[121533858, 1307139126, 1307139127, 1307139128, 1322314891, 1322314892, 1487168011, 1487168012, 1487168013]",41.25749095416666,-8.442803820833333,Paços de Ferreira,PFR
3163,[121543175],40.569238690000006,-7.2212304199999995,Guarda,GRD
3164,[121550056],39.833574256,-7.496223024,Castelo Branco,CTB
3165,[121565830],41.17114205789474,-8.152805310526315,Marco de Canaveses,MCN
3166,[121668099],38.57088195263158,-7.884134015789473,Évora,EVR
3167,[121669776],33.06710230434783,-16.365274052173913,Porto Santo,PST
3168,[121674048],40.6821124826087,-8.534555895652172,Albergaria-a-Velha,ALB
3169,[121674051],40.68398666,-8.544326660000001,Albergaria-a-Velha,ALB
3170,"[121688585, 549827557, 549827558, 549835979, 800066674]",38.58254733529412,-7.908693176470589,Évora,EVR
3171,[121705608],40.68678018571429,-8.557241914285715,Albergaria-a-Velha,ALB
3172,[121764660],37.011921421052634,-8.940172515789472,Vila do Bispo,VBP
3173,[121764665],37.008684284999994,-8.931265135,Vila do Bispo,VBP
3174,"[121770424, 1463413250, 1463413251, 1463413252]",37.107146821739136,-8.681176752173911,Lagos,LGS
3175,[121783039],41.08828811,-8.247396214999998,Marco de Canaveses,MCN
3176,[121783040],41.08958577222222,-8.246889138888887,Marco de Canaveses,MCN
3177,[121783296],41.08138219473684,-8.255454052631578,Marco de Canaveses,MCN
3178,"[121847773, 1515438497]",39.45156152727273,-8.518415468181816,Torres Novas,TNV
3179,[121847924],39.44669961428571,-8.506957666666668,Torres Novas,TNV
3180,[121848049],39.442262791304344,-8.490444460869565,Torres Novas,TNV
3181,[121848491],39.429855005,-8.504513120000002,Torres Novas,TNV
3182,[121854168],39.41097069130435,-8.48885248695652,Golegã,GLG
3183,[121855128],39.40696001,-8.485783295000001,Golegã,GLG
3184,[121908890],41.81837218,-6.769792704999999,Bragança,BGC
3185,"[121916469, 1499043131, 1499043132, 1499043153]",41.36468930476191,-8.599180395238095,Vila Nova de Famalicão,VNF
3186,[121917976],40.036009533333335,-8.540301085714285,Soure,SRE
3187,"[121921777, 1498186123, 1498227726]",41.351906195,-8.52946341,Vila Nova de Famalicão,VNF
3188,"[121921784, 1498254399, 1498270122, 1498270123, 1498757342, 1498757355]",41.40383959545455,-8.526271336363637,Vila Nova de Famalicão,VNF
3189,[121949405],40.1062164,-8.248917388235295,Lousã,LSA
3190,[122005530],40.37955134347827,-8.629788291304346,Cantanhede,CNT
3191,"[122006309, 979671475, 979671476, 979671477, 1070022051, 1070241939]",39.58209936666667,-9.01171178888889,Nazaré,NZR
3192,[122006354],40.383217928571426,-8.63546835238095,Cantanhede,CNT
3193,[122006356],40.40770603333333,-8.687253657142858,Cantanhede,CNT
3194,[122006359],40.41265216666667,-8.697258608333334,Mira,MIR
3195,[122006364],40.38255079130435,-8.635888526086955,Cantanhede,CNT
3196,[122007340],40.39566365,-8.662660325000001,Cantanhede,CNT
3197,[122007894],40.39315175416667,-8.657440004166666,Cantanhede,CNT
3198,"[122018820, 1466721903, 1481097575, 1481097576]",40.26984128695652,-8.511938152173911,Cantanhede,CNT
3199,[122024433],40.21803455,-8.565005734999998,Coimbra,CBR
3200,[122025131],40.198975491304346,-8.645238099999998,Montemor-o-Velho,MMV
3201,[122030759],40.19302660434783,-8.66052931304348,Montemor-o-Velho,MMV
3202,[122048362],41.08472151176471,-8.255911270588236,Marco de Canaveses,MCN
3203,[122049454],41.083108578947375,-8.256652531578947,Marco de Canaveses,MCN
3204,[122066007],41.37752777826086,-8.305738391304347,Vizela,VIZ
3205,[122104226],41.400198318181815,-8.32278399090909,Guimarães,GMR
3206,[122141067],40.303906072727266,-8.340119268181818,Penacova,PCV
3207,[122141327],40.273908765,-8.286336819999999,Penacova,PCV
3208,"[122186610, 1528171490]",39.09174409166667,-9.266406804166666,Torres Vedras,TVD
3209,[122191416],39.918989472,-8.440452064,Ansião,ANS
3210,"[122202154, 1498280979]",41.416832771428574,-8.518921057142858,Vila Nova de Famalicão,VNF
3211,"[122204955, 1314351953, 1316503267, 1326193665]",38.78881078333333,-9.322309599999999,Sintra,SNT
3212,[122315605],41.38707827272728,-8.287895,Vizela,VIZ
3213,[122351775],41.08571371111111,-8.252968922222221,Marco de Canaveses,MCN
3214,[122395247],40.54471152857142,-7.263735995238095,Guarda,GRD
3215,"[122456552, 1058724311, 1332093627, 1332093628]",38.940431373684206,-9.2510715,Mafra,MFR
3216,[122599802],41.40293083636363,-8.310550136363634,Vizela,VIZ
3217,[122682781],41.38832724,-8.322514350000002,Vizela,VIZ
3218,[122685198],40.241985976470595,-8.442282052941176,Coimbra,CBR
3219,[122690309],40.289944955882355,-8.427565900000001,Coimbra,CBR
3220,[122694666],40.340012349999995,-8.443849259999999,Mealhada,MLD
3221,"[122730373, 1383566772, 1383566773, 1383571235]",41.10835826,-7.8063369599999985,Lamego,LMG
3222,"[122730941, 1383566766, 1384351592, 1384351593]",41.11122144,-7.80379779,Lamego,LMG
3223,"[122731102, 1383566767, 1383566768, 1383571238, 1383571239, 1384351590, 1384351591]",41.11173203333334,-7.80498017142857,Lamego,LMG
3224,"[122782415, 1345106696, 1345106697, 1345106698]",40.59954315625,-8.44612334375,Águeda,AGD
3225,[122869307],39.721010776190475,-8.548404885714286,Ourém,ORM
3226,[122917759],41.210375758333335,-8.322296783333334,Paredes,PRD
3227,[122959144],40.966642300000004,-8.536392328571427,Santa Maria da Feira,VFR
3228,[122977450],40.96670566666666,-8.514134874999998,Santa Maria da Feira,VFR
3229,[123143599],40.17134532105263,-8.36903295263158,Coimbra,CBR
3230,[123160770],41.829289977777776,-7.3061247,Chaves,CHV
3231,"[123161512, 1003472360]",41.168452485,-8.299881185,Penafiel,PNF
3232,[123205402],41.24654453043478,-8.205423530434784,Amarante,AMT
3233,[123205403],41.23666740833334,-8.201287125,Penafiel,PNF
3234,[123205404],41.241804556,-8.200255128,Amarante,AMT
3235,[123232971],41.217249755,-8.15672018,Marco de Canaveses,MCN
3236,[123232973],41.215087090909094,-8.160530995454547,Marco de Canaveses,MCN
3237,"[123232975, 1503477372, 1503477373]",41.2106373882353,-8.167685288235294,Marco de Canaveses,MCN
3238,[123319486],40.55242353999999,-7.245173515,Guarda,GRD
3239,"[123372935, 1312906319]",41.204111225000005,-8.38310123,Paredes,PRD
3240,[123592239],41.17868039411765,-7.037762600000001,Torre de Moncorvo,TMC
3241,"[123592244, 564399886, 564399887, 564401435, 564401437, 564401858]",41.1747832516129,-7.05208534516129,Torre de Moncorvo,TMC
3242,[123957895],40.93147937894736,-8.524130121052632,Santa Maria da Feira,VFR
3243,[124052067],40.54068964210527,-7.260247415789473,Guarda,GRD
3244,[124123667],41.74396018260871,-8.864932986956521,Viana do Castelo,VCT
3245,[124124986],41.344493099999994,-7.180574895238095,Vila Flor,VFL
3246,[124231592],40.52297552857143,-7.277007057142856,Guarda,GRD
3247,[124273530],41.723749560869564,-8.859543765217392,Viana do Castelo,VCT
3248,[124720453],41.17186773,-8.385148345,Paredes,PRD
3249,[124858472],41.252224436842106,-8.226164347368423,Lousada,LOU
3250,[124991553],38.94209483888889,-9.347816383333331,Mafra,MFR
3251,[124991562],38.9429830631579,-9.348564878947368,Mafra,MFR
3252,[125131248],41.79816381304347,-7.445736913043478,Chaves,CHV
3253,"[125131288, 1072692427, 1424740628]",41.79827874782609,-7.4500098217391315,Chaves,CHV
3254,[125131303],41.78064797058824,-7.442365805882353,Chaves,CHV
3255,"[125131315, 1072692408, 1072692421, 1072692422]",41.783281499999994,-7.447722886956521,Chaves,CHV
3256,"[125131473, 1072659296, 1072681747, 1072681748, 1266323858]",41.76966352608696,-7.467879934782609,Chaves,CHV
3257,[125197230],41.82763698947368,-7.5732636210526305,Chaves,CHV
3258,"[125494437, 1131779934, 1131779935]",39.46647201363637,-8.445450522727272,Vila Nova da Barquinha,VNB
3259,[125499386],40.20250458095238,-8.64865493809524,Montemor-o-Velho,MMV
3260,[125499387],40.20434439047619,-8.648588361904762,Montemor-o-Velho,MMV
3261,[125520353],40.204999142105265,-8.65277075263158,Montemor-o-Velho,MMV
3262,[125553080],41.33300288421053,-8.034105563157894,Celorico de Basto,CBT
3263,[125555923],41.32035526666667,-8.068035238095238,Amarante,AMT
3264,[125671853],39.45216470434783,-8.47793015652174,Entroncamento,ENT
3265,[125671856],39.44946178421053,-8.478808521052631,Entroncamento,ENT
3266,[125712861],41.13809339999999,-8.564311325,Gondomar,GDM
3267,[125847683],41.762140949999996,-7.485708445,Chaves,CHV
3268,"[125932969, 852182711]",40.871891730434776,-6.976479404347825,Figueira de Castelo Rodrigo,FCR
3269,[126214155],40.77144178095238,-7.067885842857144,Pinhel,PNH
3270,[126223211],39.48358378947368,-8.539723726315788,Torres Novas,TNV
3271,"[126223219, 1515438504]",39.47755008571428,-8.537370504761904,Torres Novas,TNV
3272,[126223222],39.488577878947375,-8.53754237894737,Torres Novas,TNV
3273,[126223225],39.476620442105265,-8.550105352631578,Torres Novas,TNV
3274,[126223227],39.480752995,-8.54207988,Torres Novas,TNV
3275,"[126223233, 1515438502]",39.470705940909085,-8.533193136363634,Torres Novas,TNV
3276,[126223234],39.47249426428572,-8.547438664285714,Torres Novas,TNV
3277,[126223245],39.4702791904762,-8.540824238095237,Torres Novas,TNV
3278,[126223247],39.472784239999996,-8.540528875000001,Torres Novas,TNV
3279,[126223249],39.47462684090909,-8.548515272727274,Torres Novas,TNV
3280,[126223251],39.4778243,-8.546208736363637,Torres Novas,TNV
3281,[126223253],39.47522276190476,-8.559753423809523,Torres Novas,TNV
3282,"[126223258, 1515438503]",39.475148743478265,-8.533362752173913,Torres Novas,TNV
3283,[126366528],41.21719775454545,-8.294366095454546,Penafiel,PNF
3284,[126366881],41.196650358823526,-8.309360635294118,Penafiel,PNF
3285,[126366882],41.1969038875,-8.3086279625,Penafiel,PNF
3286,[126366885],41.19718915,-8.3087586625,Penafiel,PNF
3287,"[126366896, 1308673659, 1308673660, 1308779903, 1308779904, 1311104258]",41.22456440499999,-8.321189180000001,Paredes,PRD
3288,[126366897],41.27540171904762,-8.285191595238095,Lousada,LOU
3289,[126521111],41.95031472380952,-8.741405423809525,Vila Nova de Cerveira,VNC
3290,[126603390],41.94918668333333,-8.740662408333334,Vila Nova de Cerveira,VNC
3291,[126637423],41.47991179999999,-7.177534680000001,Mirandela,MDL
3292,[126637424],41.47679137272726,-7.184570454545454,Mirandela,MDL
3293,[126637425],41.477148070000005,-7.17878628,Mirandela,MDL
3294,[126637427],41.48077624,-7.180777924999999,Mirandela,MDL
3295,[126637428],41.48355498181818,-7.178176672727272,Mirandela,MDL
3296,[126637572],41.49249888421053,-7.183060110526315,Mirandela,MDL
3297,[126637575],41.66300820000001,-6.829510613636364,Bragança,BGC
3298,"[126639505, 1430049993, 1430049994, 1430049995, 1430049996]",39.24100525714285,-9.104477447619047,Cadaval,CDV
3299,"[126639513, 602751971, 602751974]",39.234249858823524,-9.097058411764706,Cadaval,CDV
3300,"[126645616, 1014497492]",41.81248095454546,-6.765035663636365,Bragança,BGC
3301,"[126670587, 549827555, 549827556, 552084642, 552084643, 552084647, 552084659]",38.58078733714285,-7.911695080000001,Évora,EVR
3302,[126752303],40.237160877272736,-8.738527604545453,Figueira da Foz,FIG
3303,"[126754070, 1355123889, 1355123890]",42.022149785714284,-8.647866828571429,Valença,VLN
3304,[126754095],42.024771321052626,-8.642625836842106,Valença,VLN
3305,[126754976],41.998757461904766,-8.62542170952381,Valença,VLN
3306,[126754977],41.99635305238096,-8.625156038095238,Valença,VLN
3307,[126763345],41.9687559388889,-8.680550716666666,Vila Nova de Cerveira,VNC
3308,[126833682],39.928008742857145,-8.948554919047618,Leiria,LRA
3309,"[127003478, 1183622097]",40.63872183157895,-8.645577368421053,Aveiro,AVR
3310,[127003488],40.63166692272728,-8.629448986363636,Aveiro,AVR
3311,"[127003504, 791160569, 1312446723]",40.637564228571435,-8.644239595238096,Aveiro,AVR
3312,[127003538],40.63046622777779,-8.635598255555557,Aveiro,AVR
3313,[127077141],37.77853625142858,-25.655795957142857,Ponta Delgada,PDL
3314,"[127188432, 1224756937]",39.63355644545455,-8.681106968181819,Ourém,ORM
3315,"[127204205, 1097859705, 1097859706, 1097859717]",38.60039063636363,-9.0636645,Seixal,SXL
3316,[127204939],41.780595180952375,-8.648319147619048,Ponte de Lima,PTL
3317,[127204967],41.77844936363636,-8.647985018181815,Ponte de Lima,PTL
3318,[127346334],41.75735195789474,-7.2597375789473695,Valpaços,VLP
3319,[127364428],41.00474561428572,-7.882893114285713,Lamego,LMG
3320,[127631390],41.089473480952385,-7.813556033333333,Lamego,LMG
3321,"[127631429, 1383566769, 1383566770, 1383571236, 1383571237]",41.109205260869565,-7.80522347826087,Lamego,LMG
3322,"[127631430, 1297412348, 1297423915, 1297423916, 1349970646]",41.1588409631579,-7.784704121052631,Peso da Régua,PRG
3323,"[127631431, 1297423914, 1349970645]",41.16223263181818,-7.791996668181818,Peso da Régua,PRG
3324,"[127631432, 1297412328, 1297423929, 1297423930]",41.163123324999994,-7.804073535000001,Peso da Régua,PRG
3325,[127631433],41.177203774999995,-8.13864760625,Marco de Canaveses,MCN
3326,"[127631434, 1383566777, 1383566778, 1383571243, 1383571244]",41.102830835,-7.8109017949999995,Lamego,LMG
3327,[127631673],41.178278115384614,-8.137717838461537,Marco de Canaveses,MCN
3328,[127639682],40.583548931578946,-8.428684852631577,Águeda,AGD
3329,[127639683],40.58611305,-8.425678425000001,Águeda,AGD
3330,[127649188],40.18660423,-8.741876755000002,Figueira da Foz,FIG
3331,"[127744808, 809646117, 809646118, 809646119]",39.72556462000001,-8.548236225,Ourém,ORM
3332,[127795504],39.540864284210535,-8.980713431578947,Alcobaça,ACB
3333,"[127795505, 982883115, 982883116, 982883117]",39.54010388095238,-8.98076610952381,Alcobaça,ACB
3334,[127874701],40.25065674375,-8.443400281250002,Coimbra,CBR
3335,"[127874703, 1327819959, 1327819960, 1327819961, 1327819962, 1327819963]",40.19527057500001,-8.413046335,Coimbra,CBR
3336,[127882827],41.15624752272726,-8.039284827272725,Baião,BAO
3337,[127882828],41.138778790476195,-7.959413371428571,Baião,BAO
3338,[127882833],41.140419031250005,-7.9506303875,Baião,BAO
3339,[127882835],41.15525363333333,-8.038338842857144,Baião,BAO
3340,"[127882836, 607174837]",41.16053920625,-7.891554331249999,Mesão Frio,MSF
3341,"[127882837, 1383566774, 1383566775, 1383571234]",41.105244545,-7.809033339999999,Lamego,LMG
3342,[127882839],41.160038799999995,-8.027221149999999,Baião,BAO
3343,[127882840],41.152668625,-7.9438401,Baião,BAO
3344,[127882841],41.12270706875,-8.11271563125,Marco de Canaveses,MCN
3345,[127882842],41.16198000909091,-8.02849216818182,Baião,BAO
3346,"[127882843, 1297412334, 1297423912, 1297423913]",41.165392275,-7.795752630000001,Peso da Régua,PRG
3347,[127882850],41.095052058823526,-7.7384038352941165,Armamar,AMM
3348,[127882868],41.15982484,-8.102402175,Marco de Canaveses,MCN
3349,[127914756],40.41502942142857,-7.344402392857142,Guarda,GRD
3350,[127920868],39.713700684210515,-8.543857726315789,Ourém,ORM
3351,[127920872],39.71466453,-8.545211519999999,Ourém,ORM
3352,[128092393],41.674191452380946,-7.950991876190476,Montalegre,MTR
3353,[128156653],38.531420305,-8.987861914999998,Setúbal,STB
3354,[128206508],38.57263500526316,-8.872694078947369,Palmela,PLM
3355,[128272384],41.17125613125,-8.3957825,Paredes,PRD
3356,"[128272385, 1311878385, 1311878386, 1311878387]",41.176365508695646,-8.38558374347826,Paredes,PRD
3357,"[128272649, 1295806822, 1295806823]",41.05235303,-8.405917795,Gondomar,GDM
3358,[128277970],40.52789892424243,-7.198612421212121,Guarda,GRD
3359,[128356282],37.13251551578947,-8.634203757894738,Lagos,LGS
3360,[128356283],37.1317607,-8.632422468421053,Lagos,LGS
3361,"[128357513, 145209115, 686076141, 686076142, 1219312614, 1479075424]",37.11902719,-8.647462365,Lagos,LGS
3362,[128384695],40.619061214285715,-8.70516848095238,Ílhavo,ILH
3363,[128384696],40.6246258,-8.72390526818182,Ílhavo,ILH
3364,[128384698],40.62719294210526,-8.721498936842105,Ílhavo,ILH
3365,[128384703],40.61113742142857,-8.706895892857142,Ílhavo,ILH
3366,[128384705],40.62059032727273,-8.716740518181817,Ílhavo,ILH
3367,[128384708],40.61017594285714,-8.69952541904762,Ílhavo,ILH
3368,[128384709],40.61284490454546,-8.720182954545457,Ílhavo,ILH
3369,[128432214],41.10379813749999,-8.559169112500001,Vila Nova de Gaia,VNG
3370,[128432224],41.12113921499999,-8.533668115,Gondomar,GDM
3371,"[128487664, 1347998377, 1347998378]",40.699755417647054,-8.461871723529413,Albergaria-a-Velha,ALB
3372,"[128489955, 1328865776, 1559073705]",40.71633204761905,-8.370375466666667,Sever do Vouga,SVV
3373,[128523164],40.83892783636364,-8.413004686363637,Vale de Cambra,VLC
3374,"[128551788, 1356436375, 1356436376, 1356436379, 1356436380]",38.57987867619048,-8.830084733333333,Palmela,PLM
3375,[128594914],40.154721709090914,-8.70667931818182,Montemor-o-Velho,MMV
3376,[128599887],38.75345819999999,-9.267249723809524,Sintra,SNT
3377,[128616480],39.07153903333333,-9.38165818888889,Torres Vedras,TVD
3378,[129017785],38.78357940476191,-7.478033128571429,Borba,BRB
3379,[129267750],41.38090778181818,-7.510010512121212,Alijó,ALJ
3380,[129267752],41.380570545,-7.511476280000001,Alijó,ALJ
3381,[129325135],40.07071294736843,-8.814906536842106,Figueira da Foz,FIG
3382,[129407415],41.48481743043478,-7.173453786956522,Mirandela,MDL
3383,[129407668],41.497168808333335,-7.168925366666667,Mirandela,MDL
3384,[129407675],41.50201635999999,-7.168580035,Mirandela,MDL
3385,[129412287],41.27503986086956,-8.305682013043478,Lousada,LOU
3386,[129412296],41.24517348260869,-8.292829026086954,Lousada,LOU
3387,[129417348],41.49668002916667,-7.1814489749999995,Mirandela,MDL
3388,[129417358],41.494554347619044,-7.180911566666667,Mirandela,MDL
3389,[129417370],41.494758533333325,-7.17661712857143,Mirandela,MDL
3390,[129430808],41.51657088571429,-7.223854714285714,Mirandela,MDL
3391,[129432030],41.320616640909094,-8.30061776818182,Lousada,LOU
3392,[129435120],41.395522447619044,-8.534870942857143,Vila Nova de Famalicão,VNF
3393,[129442424],41.309401113043485,-8.62829155652174,Trofa,TRF
3394,[129442427],41.312790325,-8.625721465,Trofa,TRF
3395,"[129442429, 1473865787, 1473865788, 1473865789, 1473865790, 1473865791, 1473865792, 1473865793]",41.33673837391304,-8.733355073913046,Vila do Conde,VCD
3396,"[129442456, 1314055289, 1314055291, 1314055292, 1315208086, 1315208087, 1315788672, 1316683638]",41.263697795999995,-8.480818836,Santo Tirso,STS
3397,[129499100],37.941193677777775,-8.823078916666667,Sines,SNS
3398,"[129527996, 621959701, 621959702, 621959703, 621959704]",40.68629100454546,-7.916561522727272,Viseu,VIS
3399,"[129528000, 621959697, 621959698, 621959699, 621959700, 877303934]",40.684191643478265,-7.91788796956522,Viseu,VIS
3400,"[129528006, 621959693, 621959694, 621959695, 621959696]",40.68142591363637,-7.921263745454545,Viseu,VIS
3401,[129533590],41.2578787,-7.271122277272729,Carrazeda de Ansiães,CRZ
3402,[129533592],41.25622604117647,-7.274554735294118,Carrazeda de Ansiães,CRZ
3403,"[129548255, 859079025, 859079026, 859079027, 859079028, 859079029, 859079030, 859079031, 859079032, 859079033, 1016974251, 1016974252, 1016974253]",41.20460957352941,-8.68741416764706,Matosinhos,MTS
3404,[129584048],37.09620424761905,-8.233994595238096,Albufeira,ABF
3405,[129654043],41.92383044117647,-8.754899111764704,Vila Nova de Cerveira,VNC
3406,[129664830],41.31069695652173,-7.16751097826087,Vila Flor,VFL
3407,[129664831],41.29790220000001,-7.161511276190476,Vila Flor,VFL
3408,"[129699723, 1354637893, 1354637894, 1354637895]",41.3416821095238,-8.725340428571432,Vila do Conde,VCD
3409,"[129700760, 1019610551, 1019614453, 1019614454, 1055864806, 1056518985]",38.750345426923076,-8.962379576923077,Alcochete,ACH
3410,"[129700910, 1271059601, 1271059602, 1428108960]",38.745466084,-8.967194612,Alcochete,ACH
3411,"[129709897, 1013807076, 1013834884, 1013834885, 1013834887, 1013834888]",38.633154058823536,-9.149801505882353,Seixal,SXL
3412,"[129780076, 1066008604]",37.599764647368424,-8.641550973684208,Odemira,ODM
3413,"[129797996, 627450560, 627450561, 1042075522, 1042078074, 1042094181, 1042094436]",38.584794953846156,-8.890687971794872,Palmela,PLM
3414,[129893337],41.93834494210527,-8.744200439473687,Vila Nova de Cerveira,VNC
3415,[129902300],41.814137152380944,-6.765335323809522,Bragança,BGC
3416,[129922829],40.977930311428565,-7.1968849342857135,Mêda,MED
3417,[129922841],40.97779212727273,-7.195132909090909,Mêda,MED
3418,[129995756],41.511064766666664,-6.623278733333333,Vimioso,VMS
3419,[130074060],41.724497214285705,-8.162510176190475,Terras de Bouro,TBR
3420,[130074557],38.05888652380953,-8.784571252380955,Santiago do Cacém,STC
3421,[130074558],38.05344413636363,-8.786825395454544,Santiago do Cacém,STC
3422,[130090404],38.013316531578944,-8.617632489473685,Santiago do Cacém,STC
3423,"[130098082, 944828411, 944828412, 944828413, 944828414]",37.0448805,-7.973119495000001,Faro,FAR
3424,"[130098083, 1226160318, 1524107971]",37.043553838095235,-7.973539347619048,Faro,FAR
3425,[130110146],41.34428236363636,-6.9601454363636375,Alfândega da Fé,AFE
3426,[130114486],40.90081886666667,-7.218617904761903,Mêda,MED
3427,[130114487],40.90154125714285,-7.21999089047619,Mêda,MED
3428,[130114490],40.82393688571429,-7.268005161904762,Trancoso,TCS
3429,[130114491],40.82303816190476,-7.266944528571429,Trancoso,TCS
3430,"[130114492, 846672522, 846672545]",40.658048452173915,-7.38116676521739,Celorico da Beira,CLB
3431,[130155209],41.91952446521739,-8.445378065217392,Arcos de Valdevez,AVV
3432,[130155323],41.83473606666666,-8.42143179047619,Arcos de Valdevez,AVV
3433,[130155334],41.80141288947368,-8.482292952631578,Arcos de Valdevez,AVV
3434,[130155338],41.75440883181819,-8.586604354545456,Ponte de Lima,PTL
3435,[130172116],41.66787804210526,-8.375774900000001,Amares,AMR
3436,[130172136],41.66872888947369,-8.368406057894736,Amares,AMR
3437,[130194696],37.78193812941176,-25.60776815588235,Ribeira Grande,RGR
3438,"[130208343, 1338927015, 1338927016, 1338927023, 1338927029]",38.853090825,-9.13197935,Loures,LRS
3439,[130210896],39.135887804999996,-9.234661775,Torres Vedras,TVD
3440,[130220142],41.67780085384615,-8.396845334615385,Vila Verde,VVD
3441,[130220146],41.715748265,-8.314270434999997,Terras de Bouro,TBR
3442,[130220148],41.71826240454545,-8.3070097,Terras de Bouro,TBR
3443,[130220153],41.719343223809524,-8.32735853809524,Vila Verde,VVD
3444,[130229171],41.544161552380956,-6.9588034714285705,Macedo de Cavaleiros,MCD
3445,[130232929],37.84734123157895,-25.26444842105263,Nordeste,NRD
3446,[130275377],41.37749745555555,-6.564465933333334,Mogadouro,MGD
3447,"[130280878, 528448816]",37.830564794736844,-25.144938068421055,Nordeste,NRD
3448,[130299487],39.13494112173912,-9.233585060869567,Torres Vedras,TVD
3449,[130300471],40.423750055000006,-8.465255529999999,Anadia,AND
3450,[130304225],37.81173463478261,-25.572678647826088,Ribeira Grande,RGR
3451,"[130306392, 963716059, 963716060, 963716061]",39.40506433939394,-8.47286470909091,Golegã,GLG
3452,"[130452407, 1016974232, 1016974234, 1016974236]",41.19025787894737,-8.6950625,Matosinhos,MTS
3453,"[130558555, 608022301]",41.458444588888895,-8.313153466666668,Guimarães,GMR
3454,"[130700332, 1453654141]",41.24582886363636,-8.71903930909091,Matosinhos,MTS
3455,[130705754],41.4650576,-8.272936873913045,Guimarães,GMR
3456,"[130707026, 1122931676, 1122931677, 1122931678]",41.259377895,-8.70650432,Matosinhos,MTS
3457,"[130789903, 1160716909, 1160716910]",41.446115935,-8.273627274999999,Guimarães,GMR
3458,[130790840],41.45215323076923,-8.278669207692307,Guimarães,GMR
3459,[130802513],40.6262088882353,-8.62994894117647,Aveiro,AVR
3460,[130802515],40.622495761904766,-8.627302957142856,Aveiro,AVR
3461,[130802520],40.62289760952381,-8.626503995238094,Aveiro,AVR
3462,"[130855289, 1140722393]",37.137318400000005,-8.018492136842104,Loulé,LLE
3463,"[131202365, 1349836786]",41.809929622727275,-6.755604713636364,Bragança,BGC
3464,[131225476],40.54400121578947,-8.683922194736843,Vagos,VGS
3465,[131233032],40.545659065,-8.71783532,Vagos,VGS
3466,[131233033],40.550552835000005,-8.717778895,Vagos,VGS
3467,[131234558],41.50955181428571,-8.290068799999998,Guimarães,GMR
3468,[131244847],41.465032538095244,-8.3319649,Guimarães,GMR
3469,[131302706],39.595272795238095,-8.818450676190476,Porto de Mós,PMS
3470,[131306110],39.59741867407407,-8.813570333333333,Porto de Mós,PMS
3471,[131313848],41.4407403590909,-8.248999731818182,Guimarães,GMR
3472,[131356252],41.0234825,-7.358982335,Penedono,PND
3473,"[131409416, 1464614990, 1464614991, 1481097545, 1481097546, 1481097547]",40.334106133333336,-8.610430733333331,Cantanhede,CNT
3474,[131415535],39.766712088235295,-8.786270864705884,Leiria,LRA
3475,[131415547],39.76645208000001,-8.78452609,Leiria,LRA
3476,[131608171],40.64175089047619,-8.547976085714286,Albergaria-a-Velha,ALB
3477,"[131615357, 999224278, 999224279, 999224280, 999224281, 999224282]",39.374639095238095,-8.964774366666665,Rio Maior,RMR
3478,"[131620902, 1455019959, 1455019960, 1455019961, 1455019962]",40.884014434782614,-7.7996080173913045,Vila Nova de Paiva,VNP
3479,"[131643006, 1431188025, 1431188026, 1431188027]",40.60469454782608,-7.757633126086956,Mangualde,MGL
3480,"[131643079, 1431188017, 1431188018, 1431188097, 1431188098, 1456109162, 1456109163, 1488794933]",40.59961044,-7.754785495999999,Mangualde,MGL
3481,"[131675480, 1431188043, 1431188044, 1431188045, 1431188046, 1431188047, 1431188048, 1431188049, 1431188050]",40.60490251875,-7.761303925,Mangualde,MGL
3482,"[131676612, 1431188066, 1431188067, 1431188068, 1431188069, 1431188070, 1431188071, 1431188072, 1431188073, 1431188074]",40.60420101428571,-7.771981835714286,Mangualde,MGL
3483,"[131676613, 1431188061, 1431188062, 1431188063, 1431188064, 1431188065]",40.6053976,-7.775549523809525,Mangualde,MGL
3484,[131701440],40.62569482380952,-8.710454723809525,Ílhavo,ILH
3485,"[131703930, 217926780, 217927168]",38.80008816111111,-9.18159343888889,Odivelas,ODV
3486,"[131704585, 217926776, 1008958409, 1008958410, 1008958411]",38.79799268125,-9.1790756875,Odivelas,ODV
3487,[131722255],39.37790084,-9.280004735,Óbidos,OBD
3488,"[131722604, 1235363543, 1235363544, 1235363545]",39.363649688461535,-9.316350676923078,Peniche,PNI
3489,"[131824082, 871180124, 871180125]",38.387565429999995,-8.16490374,Viana do Alentejo,VNT
3490,"[131824086, 871180126, 871180127]",38.39217664571428,-8.15708492,Viana do Alentejo,VNT
3491,[131850253],38.70706595217391,-9.328854978260868,Cascais,CSC
3492,[131923600],40.44205669230769,-8.422399965384615,Anadia,AND
3493,[131923601],40.427950211538466,-8.434622276923077,Anadia,AND
3494,"[131923602, 1225067769, 1361107494, 1361107495]",40.43754063846154,-8.44309698076923,Anadia,AND
3495,"[131923603, 1225067773, 1225067774, 1361107492, 1361107493]",40.435649220689655,-8.441443220689656,Anadia,AND
3496,[131923605],40.43991480434783,-8.443914839130434,Anadia,AND
3497,[131923608],40.425803418181815,-8.440938850000002,Anadia,AND
3498,"[131923609, 1225067770, 1225067771, 1361107490, 1361107491]",40.429755725,-8.4407983125,Anadia,AND
3499,[131923611],40.42539224583333,-8.425582654166666,Anadia,AND
3500,[131923781],40.44491223125,-8.436516681249998,Anadia,AND
3501,"[131924548, 1361108791, 1361108792]",40.454641795,-8.437596215,Anadia,AND
3502,[132017141],40.691950425,-8.556889675,Estarreja,ETR
3503,"[132051783, 1347998392, 1347998393, 1347998394]",40.62912416363636,-8.540829440909091,Albergaria-a-Velha,ALB
3504,[132051784],40.63357925,-8.539973336363635,Albergaria-a-Velha,ALB
3505,[132197860],41.569297105000004,-8.454571255000001,Braga,BRG
3506,[132219795],37.089323661111116,-8.257065916666667,Albufeira,ABF
3507,[132219799],37.089605238888886,-8.256133233333335,Albufeira,ABF
3508,"[132296363, 686050635, 686050636, 1479076305, 1479076306, 1479076307]",37.08813219565217,-8.257038395652176,Albufeira,ABF
3509,[132469619],37.108894387499994,-8.795544954166665,Vila do Bispo,VBP
3510,[132572390],38.917872528,-8.85258834,Benavente,BNV
3511,[132576094],41.43853686190476,-8.162263490476189,Fafe,FAF
3512,[132634833],38.948462040625,-8.820599334375,Benavente,BNV
3513,[132733540],41.2782828625,-8.703387750000001,Vila do Conde,VCD
3514,[132733545],41.274807575000004,-8.727469834999999,Vila do Conde,VCD
3515,[132751429],39.020236975,-8.796385690625,Salvaterra de Magos,SMG
3516,[132751430],39.0243042030303,-8.792202290909094,Salvaterra de Magos,SMG
3517,"[132854961, 878005894, 878005895, 1433731616]",40.90641794736842,-7.931332042105263,Castro Daire,CDR
3518,[133041175],41.53816793888889,-6.968379905555555,Macedo de Cavaleiros,MCD
3519,"[133041178, 1302553506]",41.5402448,-6.971582986956523,Macedo de Cavaleiros,MCD
3520,[133041221],41.542318652380956,-6.961026904761905,Macedo de Cavaleiros,MCD
3521,[133041225],41.54042761363636,-6.9653762181818175,Macedo de Cavaleiros,MCD
3522,"[133125327, 1431188019, 1431386607, 1431386608]",40.600719630434774,-7.751933078260869,Mangualde,MGL
3523,[133300403],42.045378490000004,-8.56979474,Valença,VLN
3524,[133391172],39.419969099999996,-8.681873627777778,Alcanena,ACN
3525,[133475372],41.42155837999999,-8.316248000000002,Guimarães,GMR
3526,"[133721991, 1431188029, 1431188030, 1431188092, 1431188093, 1486339136]",40.60809214999999,-7.75699884,Mangualde,MGL
3527,[133730134],39.91691870416667,-7.9165124875,Oleiros,OLR
3528,[133744277],40.393133213513515,-8.256163775675676,Mortágua,MRT
3529,"[133752388, 1431188033, 1431188034, 1486361474]",40.61141941739131,-7.747382995652174,Mangualde,MGL
3530,"[133886999, 133887000, 238166913, 238166928, 629108078, 629145180, 629301443, 681513213]",38.77060843999999,-9.109265974285716,Lisboa,LSB
3531,[133901573],41.26453328421053,-6.825776136842106,Mogadouro,MGD
3532,[133915399],38.00354351333333,-8.407450446666669,Santiago do Cacém,STC
3533,"[133962015, 938619080]",38.83872191666667,-9.158719788888888,Loures,LRS
3534,[133984697],40.303331715789476,-8.477688610526316,Mealhada,MLD
3535,[133984701],40.30984888999999,-8.47646744,Mealhada,MLD
3536,[133990399],41.629429704761904,-8.39815079047619,Amares,AMR
3537,[133990400],41.62267203181819,-8.472422263636362,Vila Verde,VVD
3538,"[133994884, 1004188658, 1004188659, 1004188660, 1004188661, 1004188662, 1004188663, 1004188664, 1343514945]",38.82627187894737,-9.171464042105262,Loures,LRS
3539,[134028823],41.56906965,-8.4285241875,Braga,BRG
3540,[134029243],41.61824437272727,-8.34384380909091,Amares,AMR
3541,"[134066704, 320667752, 320667754, 320667756, 321639595, 321650894]",41.56641574523809,-8.403952716666666,Braga,BRG
3542,[134098561],40.6084387,-7.767065287096775,Mangualde,MGL
3543,"[134099120, 1431188055, 1431188056]",40.60648746,-7.764666610000001,Mangualde,MGL
3544,[134121272],41.81020715714286,-6.765189780952382,Bragança,BGC
3545,[134198792],39.26920961875,-8.019714875,Ponte de Sor,PSR
3546,[134198793],39.26700079473684,-8.018748021052636,Ponte de Sor,PSR
3547,[134198794],39.26381317647059,-8.017335994117648,Ponte de Sor,PSR
3548,"[134364185, 1431188077, 1431188078]",40.601202904761905,-7.775946190476189,Mangualde,MGL
3549,[134464582],41.53020949047619,-8.627588209523807,Barcelos,BCL
3550,[134467778],41.52983512608695,-8.633335908695653,Barcelos,BCL
3551,[134468327],41.5292347,-8.627218719999998,Barcelos,BCL
3552,"[134486094, 1545846992]",40.75260570769231,-8.572155461538461,Estarreja,ETR
3553,[134491824],40.7540319095238,-8.566910833333331,Estarreja,ETR
3554,[134546388],38.04160555079365,-8.732107884126984,Santiago do Cacém,STC
3555,[134576314],41.404337850000005,-8.2334747875,Guimarães,GMR
3556,[134637433],41.26466752105263,-8.225429968421052,Lousada,LOU
3557,[134637434],41.25843968947369,-8.21906792631579,Lousada,LOU
3558,[134637435],41.2586334,-8.211374021428572,Amarante,AMT
3559,[134656441],41.528783404761896,-8.641729428571429,Barcelos,BCL
3560,[134656619],41.744547689473684,-7.478187663157894,Chaves,CHV
3561,[134792968],36.97197252857142,-25.129933766666664,Vila do Porto,VPT
3562,"[134832134, 1353674788, 1353674789, 1353674790, 1353674791, 1353674792]",41.35944430555555,-8.746869527777777,Vila do Conde,VCD
3563,[134924136],41.36129391052632,-8.198996957894739,Felgueiras,FLG
3564,[134930523],41.71556653636364,-8.167007077272729,Terras de Bouro,TBR
3565,"[135080716, 1452824839, 1452824840, 1452824841]",40.8537774,-7.85164517142857,Castro Daire,CDR
3566,[135087745],38.57854085714286,-8.884388033333334,Palmela,PLM
3567,"[135088469, 1431583395, 1453730185]",40.84044887,-7.943672364999999,Castro Daire,CDR
3568,[135171926],38.90276310625,-8.73594310625,Benavente,BNV
3569,[135171927],38.89881245625,-8.733942165625,Benavente,BNV
3570,[135171928],38.89998094375,-8.732755237500001,Benavente,BNV
3571,[135171929],38.903422612499995,-8.7386293,Benavente,BNV
3572,[135191614],39.602131316666664,-8.40669465,Tomar,TMR
3573,"[135221752, 228942351, 228945511, 228945512, 1307046313]",38.84423085,-9.376621825,Sintra,SNT
3574,"[135240882, 1365099482, 1365099483, 1365099484]",38.54970364324324,-8.860960559459462,Setúbal,STB
3575,"[135240885, 1365099480, 1370089481, 1370089483]",38.55525172083333,-8.867938920833332,Setúbal,STB
3576,"[135240886, 1365099478, 1365099479, 1365099481]",38.55079392173913,-8.86013193478261,Setúbal,STB
3577,[135270799],41.421580641176476,-8.355671405882353,Guimarães,GMR
3578,"[135349719, 1349655986, 1349655987, 1349656010]",38.533994661904764,-8.868153109523808,Setúbal,STB
3579,"[135349734, 1068769561, 1068769562, 1068769581, 1068769582, 1349655973]",38.5392346375,-8.866530554166667,Setúbal,STB
3580,"[135349768, 1068683869, 1068683870, 1069377103, 1307787299, 1307787300, 1307787301, 1307787302]",38.5347829975,-8.8671337225,Setúbal,STB
3581,[135383279],41.34159997368421,-8.727949668421052,Vila do Conde,VCD
3582,"[135423988, 1349594496, 1349594497, 1349594502, 1349836526, 1358226742]",38.538160980769234,-8.84147195,Setúbal,STB
3583,"[135423992, 1349594498, 1358226744, 1358226748]",38.53757331818181,-8.851933477272727,Setúbal,STB
3584,"[135432806, 1349974123, 1349974124, 1349974125, 1349974126]",40.64667740869565,-8.626146473913042,Aveiro,AVR
3585,"[135432812, 1392315759, 1392315760, 1547541282, 1547541283, 1547541284]",41.271985020833334,-8.387029695833334,Paços de Ferreira,PFR
3586,[135434350],41.47414617777778,-6.368774316666666,Miranda do Douro,MDR
3587,[135434351],41.34106809545455,-6.68910225909091,Mogadouro,MGD
3588,[135434352],41.3974293375,-6.44258205,Miranda do Douro,MDR
3589,"[135434353, 1349970670]",41.355896400000006,-6.572453631249999,Mogadouro,MGD
3590,[135434354],41.474827536842106,-6.369701500000001,Miranda do Douro,MDR
3591,[135434355],41.33963293043478,-6.688592434782609,Mogadouro,MGD
3592,[135434356],41.3576852625,-6.572854131250001,Mogadouro,MGD
3593,[135434357],41.39815237058824,-6.443965799999999,Miranda do Douro,MDR
3594,[135457934],41.3014710375,-8.708422445833333,Vila do Conde,VCD
3595,[135475068],41.648594065,-8.437046185,Vila Verde,VVD
3596,[135475694],41.423389942857156,-8.295334285714285,Guimarães,GMR
3597,[135475701],41.42492958571428,-8.301444166666666,Guimarães,GMR
3598,[135476661],41.41862945357144,-8.293544571428571,Guimarães,GMR
3599,[135530905],41.43579377619047,-8.304297971428571,Guimarães,GMR
3600,[135574614],38.55753461,-8.800415595,Palmela,PLM
3601,[135575240],38.17391560625,-8.560304381249999,Grândola,GDL
3602,[135575354],38.17469085,-8.56095527777778,Grândola,GDL
3603,[135587960],38.17702948235294,-8.574738805882351,Grândola,GDL
3604,[135588373],38.18788065238096,-8.563108471428572,Grândola,GDL
3605,[135593930],41.42178255500001,-8.34510374,Guimarães,GMR
3606,[135593931],41.416766009999996,-8.3503958,Guimarães,GMR
3607,[135593932],41.42349350434783,-8.351141386956522,Guimarães,GMR
3608,[135593940],41.42586758709676,-8.349564429032258,Guimarães,GMR
3609,"[135594603, 806882303, 806882304]",38.181119906250004,-8.55491115625,Grândola,GDL
3610,"[135612929, 1019428643, 1025044467, 1025051227]",38.520250063157896,-9.010192815789475,Setúbal,STB
3611,[135615534],41.40304694583333,-8.2431128625,Guimarães,GMR
3612,[135664300],40.85996395714286,-8.412328380952381,Vale de Cambra,VLC
3613,[135680358],41.32525431764706,-8.14744954117647,Felgueiras,FLG
3614,[135778113],40.120158145000005,-7.348161115000001,Fundão,FND
3615,"[135914791, 1205235806, 1234575704, 1234575705, 1234575706, 1234575707, 1234575708]",37.09437062592593,-8.768065225925925,Lagos,LGS
3616,[135918020],37.08671450000001,-8.828295164285715,Vila do Bispo,VBP
3617,"[135977975, 1034626236, 1345285121]",38.946183184210525,-9.355666505263159,Mafra,MFR
3618,[136003806],38.384772188235296,-8.507780723529413,Alcácer do Sal,ASL
3619,[136004490],38.94664353888889,-9.356779816666666,Mafra,MFR
3620,[136165721],38.21353762380953,-7.225021852380952,Moura,MRA
3621,"[136186793, 237686033, 237686035]",40.90091480909091,-8.483806186363635,São João da Madeira,SJM
3622,"[136186795, 237686023, 237686026, 237686231]",40.89620644117647,-8.484423429411763,São João da Madeira,SJM
3623,[136186815],40.898028976190474,-8.480916680952381,São João da Madeira,SJM
3624,[136186817],40.89782639047619,-8.482050985714286,São João da Madeira,SJM
3625,"[136189321, 1378682503, 1379196542, 1379196543, 1449251059, 1449251060]",40.89895336153847,-8.493771153846156,São João da Madeira,SJM
3626,"[136193642, 1378682509, 1463812446, 1490521361, 1490521362, 1490521392]",40.92491291363636,-8.505257013636363,Santa Maria da Feira,VFR
3627,[136228885],41.6536242368421,-8.436688763157894,Vila Verde,VVD
3628,[136263613],39.7643910625,-8.480986637500001,Ourém,ORM
3629,[136276829],41.5387451,-6.958408370000001,Macedo de Cavaleiros,MCD
3630,[136385678],41.32486838571429,-7.077196490476191,Vila Flor,VFL
3631,[136411532],40.59565962173913,-6.993237060869565,Almeida,ALD
3632,[136417257],41.65122529,-7.402086395,Valpaços,VLP
3633,[136473933],40.75580991904762,-8.58064511904762,Estarreja,ETR
3634,[136473937],40.75795676363636,-8.59576173181818,Estarreja,ETR
3635,[136492586],41.717592800000006,-8.66786912105263,Viana do Castelo,VCT
3636,[136501994],41.613640399999994,-8.709692519999999,Barcelos,BCL
3637,[136510675],41.80760843846154,-6.7757213038461535,Bragança,BGC
3638,[136618552],40.8342446,-8.48115277142857,Oliveira de Azeméis,OAZ
3639,[136623954],41.39081781428571,-7.993653647619047,Celorico de Basto,CBT
3640,[136626333],41.2519144,-8.173714316666667,Amarante,AMT
3641,"[136626351, 607451840]",41.30165069375,-8.14605986875,Amarante,AMT
3642,[136627520],41.35450653478261,-8.197670395652173,Felgueiras,FLG
3643,[136627521],41.35572201666667,-8.196081524999999,Felgueiras,FLG
3644,"[136708658, 938619103, 938619104, 938619105, 938619106, 938619107, 1235860119, 1314362070]",38.81726751764705,-9.156500647058824,Loures,LRS
3645,"[136709324, 1005369356, 1289400242, 1314362079, 1334869202, 1334907451]",38.815732973076926,-9.161119150000001,Loures,LRS
3646,[136734494],41.32641235263158,-8.5881198,Trofa,TRF
3647,[136751701],41.32608345,-8.596298650000001,Trofa,TRF
3648,[136751707],41.3214493095238,-8.594753442857145,Trofa,TRF
3649,"[136824185, 696622566, 696622567, 1499396716]",40.77435007727273,-8.64473185,Murtosa,MRS
3650,[136929795],38.69878556363636,-7.400264960606061,Alandroal,ADL
3651,[136988523],41.62378734285714,-8.4662277,Vila Verde,VVD
3652,[136989956],41.62804602999999,-8.461355139999998,Vila Verde,VVD
3653,[136990417],40.8465263137931,-8.478999817241379,Oliveira de Azeméis,OAZ
3654,[137004461],40.81212162727272,-8.476706581818181,Oliveira de Azeméis,OAZ
3655,[137004462],40.81171017142857,-8.477643752380953,Oliveira de Azeméis,OAZ
3656,[137005737],40.81409483809524,-8.479930000000001,Oliveira de Azeméis,OAZ
3657,"[137065275, 1354637877, 1354637878, 1354637879, 1354637880, 1354637881]",41.35336284583333,-8.735130400000001,Vila do Conde,VCD
3658,"[137065276, 1487639005, 1487639006, 1487639007, 1487639008, 1487639009, 1487639010, 1487639011]",41.359620625,-8.740318582142857,Vila do Conde,VCD
3659,"[137067330, 1354004273, 1354004274, 1354004275, 1354004276]",41.358915135000004,-8.732437790000002,Vila do Conde,VCD
3660,[137244517],42.08775852666667,-8.279748686666666,Melgaço,MLG
3661,"[137258840, 809676726, 809676727, 809676728]",39.763857463636356,-8.541301172727273,Ourém,ORM
3662,[137278641],40.29139388947368,-7.483720357894737,Covilhã,CVL
3663,[137278673],40.27722938499999,-7.510553795,Covilhã,CVL
3664,"[137278697, 1317472309]",40.28056887222222,-7.504319772222222,Covilhã,CVL
3665,"[137278996, 621730489, 621730490, 621730491, 621730492, 621730493]",40.648716705263155,-7.874971589473685,Viseu,VIS
3666,"[137279487, 1353539507, 1353539508, 1353539530, 1353539531]",40.65673263181818,-7.881764054545456,Viseu,VIS
3667,[137279496],40.265282255555555,-7.4928332611111115,Covilhã,CVL
3668,[137279499],40.27159598181817,-7.5042552318181786,Covilhã,CVL
3669,[137279500],40.265598,-7.490194571428571,Covilhã,CVL
3670,[137279523],40.27324779047619,-7.50295578095238,Covilhã,CVL
3671,[137279533],40.26513029047619,-7.503691566666667,Covilhã,CVL
3672,[137279535],40.267562523809524,-7.497183338095237,Covilhã,CVL
3673,[137279536],40.26600223636364,-7.503202763636366,Covilhã,CVL
3674,"[137362106, 620109492, 620109493, 1338719952, 1488944355, 1546625133]",40.6513746,-7.912967399999999,Viseu,VIS
3675,[137420834],40.276270499999995,-7.5016824899999985,Covilhã,CVL
3676,[137420850],40.2687992,-7.502166086956521,Covilhã,CVL
3677,"[137420851, 739448950]",40.27723247222222,-7.4981766,Covilhã,CVL
3678,"[137420863, 1249737448, 1282702443, 1282702444, 1282702445, 1282702446, 1282702447]",40.27318892727273,-7.499210627272726,Covilhã,CVL
3679,"[137420867, 739448951]",40.27601757368421,-7.497719505263158,Covilhã,CVL
3680,"[137575193, 1338719920, 1338719921, 1338719922, 1338719923, 1338719924, 1338719925, 1338719926]",40.662147827999995,-7.9195794280000005,Viseu,VIS
3681,"[137584908, 1338719863, 1338719864]",40.64637922083333,-7.9189544624999995,Viseu,VIS
3682,"[137638562, 814007216, 814007217, 814007218, 1068949288]",39.704256650000005,-8.827978716666667,Leiria,LRA
3683,"[137675168, 1349107275, 1349107276, 1460713629]",40.64225012000001,-7.901032915,Viseu,VIS
3684,"[137675186, 1549172091, 1549172092]",40.64521267083333,-7.933779545833333,Viseu,VIS
3685,[137683511],39.2664355882353,-9.154730894117648,Bombarral,BBR
3686,[137726572],39.27175590384615,-9.163301996153846,Bombarral,BBR
3687,"[137729139, 1498186125, 1498768268]",41.35739886190476,-8.535744152380952,Vila Nova de Famalicão,VNF
3688,"[137729195, 1411462800, 1411462801, 1411462802, 1411462803, 1411462804, 1411462805, 1411462806]",41.339833212500004,-8.549619279166667,Trofa,TRF
3689,[137729216],41.329105258620686,-8.547917403448276,Trofa,TRF
3690,"[137729284, 1499334128, 1499334129, 1499334134]",41.34943993333333,-8.529677547619048,Vila Nova de Famalicão,VNF
3691,"[137739809, 1489771620, 1489771621, 1489771622, 1489771623, 1489771624, 1489771625, 1489771626, 1489771627]",41.33883532608696,-8.524759104347828,Trofa,TRF
3692,[137747813],39.54941679545454,-8.005048722727274,Mação,MAC
3693,[137840622],41.518536395238094,-8.428271042857142,Braga,BRG
3694,[137992922],40.27068138636364,-7.500049563636364,Covilhã,CVL
3695,[137995904],40.270806685000004,-7.492225589999999,Covilhã,CVL
3696,[138156614],39.34535093636364,-8.93393395909091,Rio Maior,RMR
3697,[138156626],39.34502291666667,-8.938213499999998,Rio Maior,RMR
3698,[138157808],39.33605160454545,-8.931290695454546,Rio Maior,RMR
3699,"[138224195, 683367280, 723948680, 1053366491]",38.73792363636364,-9.141012849999997,Lisboa,LSB
3700,"[138250800, 1224846292, 1298160751, 1377813517, 1377813518, 1547541285]",40.8365787,-8.480248591666667,Oliveira de Azeméis,OAZ
3701,"[138253759, 1002152372, 1002152373, 1002152374, 1154367634, 1154367635]",39.616843152,-9.058514367999999,Nazaré,NZR
3702,[138253828],39.60740758461539,-9.058150600000001,Nazaré,NZR
3703,"[138253831, 1154365741, 1154365742, 1154365743, 1154365744, 1154365745]",39.57670955789474,-9.067257292105262,Nazaré,NZR
3704,[138304604],40.82904767272726,-8.482822245454544,Oliveira de Azeméis,OAZ
3705,[138304608],40.82853942,-8.48600804,Oliveira de Azeméis,OAZ
3706,[138304614],40.830930922727276,-8.484309613636363,Oliveira de Azeméis,OAZ
3707,[138307218],40.82730278095238,-8.483322357142857,Oliveira de Azeméis,OAZ
3708,[138329345],40.848759495,-8.465544889999999,Oliveira de Azeméis,OAZ
3709,[138362132],41.28785917368421,-8.56579407368421,Trofa,TRF
3710,[138408566],39.467116556250005,-7.94119856875,Gavião,GAV
3711,"[138504213, 210669029, 212397874, 743545824, 743545825, 771501351, 771501352, 771501353]",41.21360118888889,-8.594310696296295,Maia,MAI
3712,[138512954],41.24062256538461,-8.581738730769231,Maia,MAI
3713,[138512972],41.24154455909091,-8.592295945454547,Maia,MAI
3714,[138515601],39.12947204210527,-8.92078362631579,Azambuja,AZB
3715,"[138624828, 1019676014, 1019676015, 1019676016]",41.21354425454546,-8.600610872727273,Maia,MAI
3716,[138627483],39.08044870000001,-9.01231285,Alenquer,ALQ
3717,[138627487],39.06687161904762,-9.005359847619047,Alenquer,ALQ
3718,[138630522],39.040857228571426,-9.023737371428572,Alenquer,ALQ
3719,[138630528],39.05521497826087,-9.009971386956522,Alenquer,ALQ
3720,[138633125],39.051368625,-8.998323558333334,Alenquer,ALQ
3721,"[138641596, 1531896262]",39.04571412,-8.996585034999999,Alenquer,ALQ
3722,"[138657278, 286085515, 286085516, 1019676020, 1019689444, 1019689445]",41.225671578378375,-8.610536318918918,Maia,MAI
3723,[138657494],39.368333416666665,-9.382965308333333,Peniche,PNI
3724,"[138657645, 1019264576, 1019264577, 1019264578, 1019264579, 1019264580, 1019264581, 1019264582]",41.23142579787234,-8.607712636170213,Maia,MAI
3725,[138658128],39.04573134736842,-9.01290745263158,Alenquer,ALQ
3726,[138662960],39.073832295454544,-8.861715063636364,Azambuja,AZB
3727,[138663001],39.170082604545456,-8.924869649999998,Azambuja,AZB
3728,"[138697049, 1500248463, 1500248464]",40.75010573478261,-8.646857243478262,Murtosa,MRS
3729,[138705627],39.35739268571429,-9.370100585714287,Peniche,PNI
3730,[138705629],39.3558348,-9.37058374090909,Peniche,PNI
3731,"[138705637, 1463261291, 1463261292, 1497549644, 1497549645]",39.35806645789474,-9.373455889473684,Peniche,PNI
3732,"[138707392, 1463261290, 1526538473]",39.35905619999999,-9.373956865,Peniche,PNI
3733,[138710859],40.86606096956521,-8.45420263478261,Oliveira de Azeméis,OAZ
3734,[138710861],40.87911207727273,-8.450410322727272,Oliveira de Azeméis,OAZ
3735,[138710877],40.85367342727272,-8.464574159090908,Oliveira de Azeméis,OAZ
3736,"[138711272, 1117622706, 1117625530, 1117625531]",40.88292335652174,-8.448309660869564,Oliveira de Azeméis,OAZ
3737,[138716977],39.33445915,-9.323790685,Peniche,PNI
3738,"[138742596, 1117622704, 1117624362, 1117624363]",40.89082771818181,-8.474592136363636,Oliveira de Azeméis,OAZ
3739,[138742611],40.888996486956515,-8.443462969565216,Oliveira de Azeméis,OAZ
3740,[138840391],38.961875684999995,-9.173760339999998,Sobral de Monte Agraço,SMA
3741,[138912287],39.361042061904755,-9.380304923809524,Peniche,PNI
3742,[138912288],39.360893329999996,-9.379604445,Peniche,PNI
3743,"[138936110, 1119705240, 1119705241]",40.840579569565215,-8.48603216521739,Oliveira de Azeméis,OAZ
3744,[138936130],40.842776164705874,-8.490865611764706,Oliveira de Azeméis,OAZ
3745,"[138975216, 1284998922, 1284998923, 1284998924, 1286905984, 1311584495, 1311584496]",41.18484705909091,-8.454908336363635,Valongo,VLG
3746,"[138975235, 1284998925, 1284998926, 1284998927]",41.185124268,-8.450507371999999,Valongo,VLG
3747,"[138975247, 1284998931, 1284998932, 1284998933]",41.182335040000005,-8.4435235,Paredes,PRD
3748,"[139001498, 1376154282, 1376154283, 1376154285, 1376154288, 1546604857]",40.99023298500001,-8.471797595,Santa Maria da Feira,VFR
3749,[139001558],41.056434589999995,-8.524205689999999,Vila Nova de Gaia,VNG
3750,[139001724],40.957539295454545,-8.475014854545453,Santa Maria da Feira,VFR
3751,[139001818],40.95730217916667,-8.4738443,Santa Maria da Feira,VFR
3752,[139018616],39.73568470833333,-8.768398754166666,Leiria,LRA
3753,"[139018626, 785003146, 785003147, 810356563]",39.73720511304348,-8.771589917391307,Leiria,LRA
3754,[139034947],39.14513310555556,-8.897058372222224,Azambuja,AZB
3755,[139038399],39.1714747,-8.90097147,Cartaxo,CTX
3756,[139040709],39.158546365384616,-8.843739211538463,Cartaxo,CTX
3757,[139040870],39.20079241538462,-8.793833996153847,Santarém,STR
3758,[139079410],41.83084295,-8.76625671,Caminha,CMN
3759,"[139244229, 1243320934, 1243320935, 1243320936]",39.196330490909084,-9.179166727272728,Torres Vedras,TVD
3760,[139244231],39.19422221153846,-9.177650938461538,Torres Vedras,TVD
3761,[139262212],39.10137543809524,-9.245649228571429,Torres Vedras,TVD
3762,"[139263778, 1354240505, 1354240506]",39.10302272941177,-9.254072917647061,Torres Vedras,TVD
3763,[139263804],39.101697209523806,-9.251698666666666,Torres Vedras,TVD
3764,"[139270652, 1201820055, 1201820056, 1201820057]",39.341392617241375,-9.220937262068965,Óbidos,OBD
3765,[139309051],39.223172577777774,-8.691321672222221,Santarém,STR
3766,[139402673],38.579519507692304,-9.16132643846154,Almada,ALM
3767,"[139419413, 1081607281, 1081610179, 1081610180, 1387356985, 1387356991]",38.65635008181819,-9.21903853030303,Almada,ALM
3768,"[139453799, 1081607277, 1081610185, 1081610186, 1387356987]",38.649114568421055,-9.208680515789473,Almada,ALM
3769,"[139453800, 1081607280, 1081610183, 1081610184, 1387356986, 1387356990]",38.651485094444446,-9.21438531388889,Almada,ALM
3770,"[139456057, 1013368925, 1013380723, 1013380724]",38.67106577777777,-9.167526892592592,Almada,ALM
3771,[139509694],39.1752960625,-9.126224408333334,Alenquer,ALQ
3772,[139529659],39.538641104,-8.159935048,Sardoal,SRD
3773,[139529662],39.52522183125,-8.15645093125,Sardoal,SRD
3774,[139532092],40.67023931176471,-7.702336247058823,Penalva do Castelo,PCT
3775,"[139541639, 1481196720]",40.677724278947366,-7.742375626315789,Penalva do Castelo,PCT
3776,[139573236],39.687796771428566,-8.139726480952381,Vila de Rei,VLR
3777,[139573240],39.69044730999999,-8.139174435,Vila de Rei,VLR
3778,"[139579448, 1135674523, 1135674524, 1135674525]",41.13360525454546,-8.420592849999998,Paredes,PRD
3779,"[139579454, 1308995791, 1308995792, 1308995793, 1308995794]",41.17121783478261,-8.440545939130434,Paredes,PRD
3780,"[139579464, 1130730937, 1130730938, 1132041881, 1134064463]",41.0729825,-8.452956745833333,Gondomar,GDM
3781,[139579513],41.17058953181819,-8.44604269090909,Valongo,VLG
3782,"[139579535, 1505032524, 1505032525, 1505032526, 1505032527, 1505032528, 1505032529]",41.16717445384616,-8.453790346153847,Valongo,VLG
3783,[139579547],41.16613915454546,-8.441978345454546,Paredes,PRD
3784,[139584676],41.209413057142854,-8.451366333333333,Valongo,VLG
3785,[139584687],41.20898685833333,-8.446696429166666,Paredes,PRD
3786,[139617301],40.9694124875,-8.479355879166667,Santa Maria da Feira,VFR
3787,"[139705421, 889911581, 1340542384, 1347967868]",38.89294191818182,-9.188763513636363,Loures,LRS
3788,"[139730577, 778080737, 988457771, 988457772, 988457773, 994855445, 994855446, 1004987240]",38.92755413846154,-9.23378021153846,Mafra,MFR
3789,"[139730587, 1351802851, 1351802853]",38.9259843368421,-9.232141752631577,Mafra,MFR
3790,[139732399],39.04334852380953,-8.999372419047619,Alenquer,ALQ
3791,"[139732406, 1220175442, 1220175443, 1220175444, 1220175445, 1528125352]",39.03343074761905,-8.981065114285714,Alenquer,ALQ
3792,[139732408],39.03232723043478,-8.999508769565216,Alenquer,ALQ
3793,"[139732436, 1374759162, 1374759163, 1374759164]",39.040462328,-8.986854264000002,Alenquer,ALQ
3794,"[139738033, 1220175431, 1220175432, 1220175433]",39.029055214285705,-8.966180404761904,Alenquer,ALQ
3795,[139738318],38.93089914210526,-9.241816799999999,Mafra,MFR
3796,"[139742521, 1343865668, 1343865669]",38.928664405263156,-9.245082778947369,Mafra,MFR
3797,"[139743312, 1232697402, 1232697403, 1232697404]",38.92998731,-9.25084537,Mafra,MFR
3798,"[139785518, 1029404699, 1029878910, 1029878911]",38.48239638947369,-9.10401447368421,Sesimbra,SSB
3799,"[139785534, 495719033, 1301576843]",38.45900231111111,-9.107111805555558,Sesimbra,SSB
3800,[140006232],40.90994747368421,-8.524362015789473,Santa Maria da Feira,VFR
3801,[140006596],40.89128353636363,-8.533666749999998,Santa Maria da Feira,VFR
3802,[140029770],40.675531057894744,-7.701661168421052,Penalva do Castelo,PCT
3803,[140068612],38.52223841578948,-8.88447824736842,Setúbal,STB
3804,[140070347],38.52171594210527,-8.883191552631581,Setúbal,STB
3805,[140187777],41.541072625,-8.2475045375,Póvoa de Lanhoso,PVL
3806,"[140328042, 1056539921, 1056542737, 1056542738, 1355375531, 1355375541]",38.704729163636365,-8.958538368181816,Montijo,MTJ
3807,"[140328044, 863178751, 1013931140, 1013936961, 1013936962, 1056539925, 1056542735, 1369195599]",38.70706994137931,-8.965287117241378,Montijo,MTJ
3808,[140362385],40.89413015454546,-8.495296986363636,São João da Madeira,SJM
3809,"[140362540, 237710033, 237710041, 1361114528, 1361114529, 1460864155]",40.88533905609756,-8.48913092195122,São João da Madeira,SJM
3810,[140362547],40.88518204285714,-8.483579838095235,São João da Madeira,SJM
3811,"[140362552, 1021120111, 1021120113, 1426590821, 1460864156, 1460864157]",40.88269995714286,-8.487719385714286,São João da Madeira,SJM
3812,[140362560],40.8865916,-8.486340888888888,São João da Madeira,SJM
3813,[140362583],40.88387611739131,-8.48631556956522,São João da Madeira,SJM
3814,"[140362638, 140362865, 1370402451, 1370402453]",40.89016613846154,-8.494120607692308,São João da Madeira,SJM
3815,[140362712],40.880726209375,-8.490968031249999,São João da Madeira,SJM
3816,[140362767],40.88214873478261,-8.49928864347826,São João da Madeira,SJM
3817,"[140362803, 237710032, 237710036, 1361114762, 1361114763, 1368501475, 1546604863]",40.88695218461539,-8.490251956410253,São João da Madeira,SJM
3818,"[140362981, 142779177, 575069911, 575069914, 575069919, 1448678357]",40.88800660625,-8.483987971874999,São João da Madeira,SJM
3819,[140370260],41.81096939523809,-8.805913623809525,Caminha,CMN
3820,[140375072],38.824978415789474,-9.162660031578948,Loures,LRS
3821,"[140383628, 996159761, 996159762, 996159763]",39.43313185416667,-8.979507179166665,Alcobaça,ACB
3822,[140383635],39.438030570833334,-8.9366847625,Alcobaça,ACB
3823,"[140393749, 537930400, 537930403, 1335151565]",38.924683139024395,-9.009278834146341,Vila Franca de Xira,VFX
3824,[140425429],39.45716339166666,-8.968863212499999,Alcobaça,ACB
3825,"[140426066, 1014180739, 1014180740, 1014180741, 1015144102]",39.4702432095238,-8.956891347619049,Alcobaça,ACB
3826,[140461827],40.88689962608696,-8.479243560869563,São João da Madeira,SJM
3827,[140461832],40.875360173913045,-8.487930904347825,Oliveira de Azeméis,OAZ
3828,[140461844],40.87960028695653,-8.488233239130436,Oliveira de Azeméis,OAZ
3829,[140594716],39.23634043,-8.680439315000003,Santarém,STR
3830,[140725346],40.879081758333335,-8.473696791666667,Oliveira de Azeméis,OAZ
3831,[140725352],40.87900985,-8.47061137,Oliveira de Azeméis,OAZ
3832,[140725358],40.881108359090916,-8.462474527272727,Oliveira de Azeméis,OAZ
3833,[140725367],40.88292695416667,-8.456442541666666,Oliveira de Azeméis,OAZ
3834,[140766729],40.90145058636364,-8.44296193181818,Oliveira de Azeméis,OAZ
3835,[140766732],40.89571088333333,-8.445882062499999,Oliveira de Azeméis,OAZ
3836,[140778805],38.65214454736842,-9.06698202631579,Barreiro,BRR
3837,[140782836],40.90187801052632,-8.489624210526316,São João da Madeira,SJM
3838,[140782854],40.908171849999995,-8.483145519999999,São João da Madeira,SJM
3839,[140782871],40.909272986956516,-8.491069173913045,São João da Madeira,SJM
3840,[140782873],40.90549926999999,-8.487882119999998,São João da Madeira,SJM
3841,[140782878],40.91090163,-8.491551284999998,Santa Maria da Feira,VFR
3842,[140782927],40.89566808636364,-8.49464504090909,São João da Madeira,SJM
3843,[140782933],40.90110731052632,-8.489391805263159,São João da Madeira,SJM
3844,[140782938],40.89653884285714,-8.495097523809525,São João da Madeira,SJM
3845,"[140782968, 237713505, 237713509, 1224845369, 1448678352]",40.90213296666666,-8.490812244444447,São João da Madeira,SJM
3846,[140783055],40.90739897142857,-8.490636366666667,São João da Madeira,SJM
3847,[140783058],40.89965111428572,-8.48880731904762,São João da Madeira,SJM
3848,"[140789604, 1058590154, 1332093585, 1332093590, 1332093595, 1332093596]",38.9787689923077,-9.33689335,Mafra,MFR
3849,"[140789910, 1363789300, 1363789301, 1363789302]",38.66086142222221,-9.073276994444445,Barreiro,BRR
3850,"[140789913, 1363789297, 1363789298, 1363789299, 1375841158, 1375841160]",38.66245285,-9.07493691,Barreiro,BRR
3851,"[140789919, 1375841147, 1375841148, 1375841155]",38.667235807999994,-9.066772519999999,Barreiro,BRR
3852,"[140789923, 1375841156, 1375841157, 1375841161, 1375870531, 1375870542]",38.66514824800001,-9.074182616,Barreiro,BRR
3853,"[140792110, 1458381333, 1458381334, 1462023355, 1533229210, 1533229215]",40.589203815,-8.026417765000001,Tondela,TND
3854,"[140813699, 1375841136, 1375841137, 1375841138]",38.671038745454545,-9.051916027272727,Barreiro,BRR
3855,"[140994498, 1278893008]",38.726242145454556,-9.238180254545455,Oeiras,OER
3856,"[141040910, 1500248511, 1500248512]",40.7470170625,-8.646231887499999,Murtosa,MRS
3857,"[141040912, 1500248465, 1500248466]",40.751589339999995,-8.647846670000002,Murtosa,MRS
3858,"[141044645, 1481664195, 1481664196]",37.101022692307694,-8.356414426923077,Silves,SLV
3859,"[141056783, 621974910, 621974912, 621974913, 1551120461]",40.696251230434775,-7.932763373913042,Viseu,VIS
3860,"[141056793, 621974914, 621974915, 621974916, 1551120460]",40.698701975000006,-7.9314914312500004,Viseu,VIS
3861,"[141088256, 1466826768]",40.73712729545455,-8.09473369090909,São Pedro do Sul,SPS
3862,"[141111521, 1331453771]",38.838209761111116,-9.088384816666668,Loures,LRS
3863,[141127928],40.208151438095236,-8.49886705238095,Coimbra,CBR
3864,"[141135670, 621974927, 621974928, 645943748, 645943749]",40.7042764952381,-7.948315023809523,Viseu,VIS
3865,"[141139966, 1278892984, 1278892985, 1278893010, 1284514613, 1284514614]",38.72437135217391,-9.243526108695653,Oeiras,OER
3866,"[141139989, 1230042062, 1237733971, 1237733972, 1278893009, 1299364530]",38.72815278823529,-9.245557888235297,Oeiras,OER
3867,"[141139992, 1299364531, 1299364532, 1299364543]",38.72827924375,-9.248070474999999,Oeiras,OER
3868,"[141182184, 1514949757, 1548176822, 1548176823]",40.34029890869565,-8.613810208695652,Cantanhede,CNT
3869,[141228594],40.844184635,-8.528302890000003,Oliveira de Azeméis,OAZ
3870,"[141261610, 621959705, 621959706, 621959707]",40.68934646956521,-7.914653930434782,Viseu,VIS
3871,"[141275157, 1465710365, 1465710373, 1465710374]",40.763916005,-8.06315235,São Pedro do Sul,SPS
3872,"[141275160, 1466319370, 1466319371, 1466319377]",40.761591493333334,-8.057172686666668,São Pedro do Sul,SPS
3873,"[141369210, 1017664718, 1017664719, 1017664733]",38.624038080000005,-9.11630021,Seixal,SXL
3874,"[141386350, 1467876519, 1467876520, 1467876532, 1467876533, 1467876536]",40.64360041052631,-7.7982631684210535,Viseu,VIS
3875,[141386976],38.930180363157895,-9.342688110526318,Mafra,MFR
3876,[141387467],38.62199008181819,-9.126962013636364,Seixal,SXL
3877,"[141387512, 1017664734, 1070121365]",38.62347430769231,-9.119450123076923,Seixal,SXL
3878,"[141387544, 1017648507, 1017649998, 1017649999, 1070126612, 1070126616]",38.62263007916667,-9.130139316666666,Seixal,SXL
3879,"[141399983, 1017664721]",38.61328557619048,-9.112125133333333,Seixal,SXL
3880,[141434628],41.1558841,-8.543994063157896,Gondomar,GDM
3881,"[141434663, 1082660891, 1082660892, 1082660893, 1082660894, 1226242471]",41.14380527368421,-8.532409968421053,Gondomar,GDM
3882,"[141434756, 1155130011, 1155130012, 1155130013, 1155130015, 1155130017, 1155130018]",41.147520423529414,-8.553618247058823,Gondomar,GDM
3883,"[141434765, 1154599155, 1154599156, 1154599157, 1302872733, 1302872734, 1302877523, 1302877524]",41.14814288823529,-8.550038635294118,Gondomar,GDM
3884,"[141436461, 1090881983, 1235476428, 1235476429]",38.60996711818182,-9.12465061818182,Seixal,SXL
3885,[141477776],40.812120172727276,-8.53226319090909,Oliveira de Azeméis,OAZ
3886,[141491679],39.71430694545455,-8.464862536363636,Ourém,ORM
3887,[141517831],40.81132209545455,-8.533025190909092,Oliveira de Azeméis,OAZ
3888,"[141581941, 1278651962, 1393269774, 1393269775]",38.62625,-9.110673779999999,Seixal,SXL
3889,"[141582023, 1491837180, 1491837181, 1491837182, 1491837183, 1491837184, 1491837185, 1491837186]",41.14472935238095,-8.5246769,Gondomar,GDM
3890,"[141582048, 1170406479, 1170406480]",41.1513959375,-8.5227916375,Gondomar,GDM
3891,[141582058],41.167573572222224,-8.523998111111112,Gondomar,GDM
3892,"[141628915, 683385545, 683386216, 683386217, 683630261, 683630262, 683863156, 683867451]",38.73166899999999,-9.140892478260868,Lisboa,LSB
3893,[141629192],38.83296326842106,-9.17993927894737,Loures,LRS
3894,"[141656621, 1284514631, 1305591042, 1380063190]",38.76383017826087,-9.213415460869566,Amadora,AMD
3895,[141694643],41.132413,-8.564926245454545,Gondomar,GDM
3896,"[141694646, 1125588714, 1134064459, 1134064460]",41.12668874736842,-8.559691863157894,Gondomar,GDM
3897,"[141694664, 1125608152, 1125608153]",41.129920125,-8.542101474999999,Gondomar,GDM
3898,"[141694667, 1134064461]",41.126338945,-8.558683004999999,Gondomar,GDM
3899,"[141696372, 1349107279, 1349107280]",40.651796904,-7.892084656,Viseu,VIS
3900,"[141696376, 1353802280, 1353802281, 1353895330, 1353895331]",40.63634662,-7.9077242850000005,Viseu,VIS
3901,"[141698109, 1353802278, 1353802279, 1353895332, 1353895333, 1529755932, 1529755933]",40.633719572727266,-7.9076079727272734,Viseu,VIS
3902,"[141698110, 1529755930, 1529755931, 1529755934]",40.63007162000001,-7.91096826,Viseu,VIS
3903,"[141698111, 1529755928, 1529755929, 1529755935]",40.62776973,-7.914030915,Viseu,VIS
3904,"[141698122, 621737191, 621737192, 621737193]",40.62517537272728,-7.915948886363636,Viseu,VIS
3905,"[141709162, 1492573666, 1492573667, 1492573668, 1492573669]",41.16300977619048,-8.509735395238094,Gondomar,GDM
3906,"[141709213, 1134350074, 1134350075, 1170406471, 1170406491, 1213925986]",41.164506148387105,-8.507446396774194,Gondomar,GDM
3907,"[141709479, 1013441772, 1017128650, 1301603948]",38.656553116666664,-9.161935127777777,Almada,ALM
3908,"[141778972, 621717569, 621717570, 1338964174, 1338964175]",40.662889944444444,-7.902759300000001,Viseu,VIS
3909,"[141778978, 621717606, 1339931528, 1340313217, 1340313218]",40.66823284999999,-7.902393895454546,Viseu,VIS
3910,"[141778993, 621717571, 621717572, 1338964172, 1338964173, 1339546065]",40.663769395,-7.899239075,Viseu,VIS
3911,"[141778994, 621798193, 621798194, 621798195, 621798197, 1226340710, 1339546060]",40.659604340740735,-7.907191022222224,Viseu,VIS
3912,"[141779004, 621974905, 621974906, 1539825270]",40.69064923333334,-7.927005123809525,Viseu,VIS
3913,[141793317],40.71565721428573,-7.283123085714284,Trancoso,TCS
3914,[141793326],40.713638214285716,-7.2834730428571435,Trancoso,TCS
3915,[141793328],40.72160230952381,-7.263775604761904,Trancoso,TCS
3916,[141793331],40.718576633333335,-7.271132180952381,Trancoso,TCS
3917,[141793337],40.321397215000005,-7.374046155000002,Belmonte,BMT
3918,[141793338],40.72439923181818,-7.2632431,Trancoso,TCS
3919,[142011037],39.22214426190476,-7.653308628571427,Alter do Chão,ALT
3920,[142011040],39.223772838095236,-7.653610761904763,Alter do Chão,ALT
3921,[142011086],40.85898349523809,-8.553860928571428,Ovar,OVR
3922,[142011104],39.64289659999999,-8.485795434782608,Tomar,TMR
3923,[142011108],39.64493115454546,-8.48457769090909,Tomar,TMR
3924,"[142042665, 1298845993, 1298845994, 1298846003]",38.736951491666666,-9.368363816666667,Cascais,CSC
3925,[142128267],40.8429640047619,-8.473760904761903,Oliveira de Azeméis,OAZ
3926,"[142155726, 1339931513, 1339931514, 1340313226]",40.671501005,-7.886447980000002,Viseu,VIS
3927,[142158788],40.841470377777775,-8.488477916666668,Oliveira de Azeméis,OAZ
3928,[142158793],40.84197154499999,-8.479655085000001,Oliveira de Azeméis,OAZ
3929,[142158799],40.84428785555556,-8.482788544444446,Oliveira de Azeméis,OAZ
3930,[142158806],40.84447532105263,-8.487537347368423,Oliveira de Azeméis,OAZ
3931,"[142165382, 1475933454, 1475933455, 1475933457]",40.85565875454545,-7.7212835818181835,Vila Nova de Paiva,VNP
3932,[142176597],40.89535671904761,-8.499822876190477,São João da Madeira,SJM
3933,"[142182649, 1127574715, 1127574716, 1130730943, 1130730944]",41.1276266,-8.514935128571427,Gondomar,GDM
3934,[142253969],39.16034786190477,-8.790962614285714,Cartaxo,CTX
3935,[142259101],39.15529322272727,-8.791640400000002,Cartaxo,CTX
3936,[142271491],39.91703849545454,-8.218738168181817,Pedrógão Grande,PGR
3937,"[142276140, 1058717145, 1332093613, 1332093614, 1343723154]",38.99370721904762,-9.396675866666667,Mafra,MFR
3938,[142324131],38.94398864210527,-9.337882836842105,Mafra,MFR
3939,"[142342102, 1193108785, 1193108786, 1193108787, 1193108788, 1193144961]",41.53170591666667,-8.6160031,Barcelos,BCL
3940,[142362613],40.78967228636364,-8.588560954545455,Estarreja,ETR
3941,[142362633],40.78656697272727,-8.608195595454546,Estarreja,ETR
3942,"[142368356, 977852386, 977852387, 977852388, 977852389, 977852391, 977852397, 977852398]",41.63873696842105,-8.143700863157894,Vieira do Minho,VRM
3943,[142368397],41.635672032,-8.135398508,Vieira do Minho,VRM
3944,[142368401],41.630485490909095,-8.140907131818182,Vieira do Minho,VRM
3945,[142368404],41.634644206249995,-8.133704737499999,Vieira do Minho,VRM
3946,[142369417],39.97976524642858,-8.857209639285715,Pombal,PBL
3947,"[142369419, 781857161, 781857162, 781857163, 781857164, 781857165]",39.92265000416666,-8.9414115375,Leiria,LRA
3948,[142369421],39.955007063636366,-8.893560713636363,Pombal,PBL
3949,[142370085],40.005137160000004,-8.855936135,Pombal,PBL
3950,[142370086],40.000267615,-8.86345263,Pombal,PBL
3951,[142370103],40.000730342857146,-8.868072623809525,Pombal,PBL
3952,[142374030],38.77679956666667,-9.33580187142857,Sintra,SNT
3953,[142382423],41.79654912631579,-7.942013331578947,Montalegre,MTR
3954,[142425329],39.1780234,-8.787828860000001,Cartaxo,CTX
3955,[142425353],39.16477647,-8.782268235,Cartaxo,CTX
3956,[142469770],39.156065819999995,-8.790440375,Cartaxo,CTX
3957,[142479233],41.16434564375,-8.55138315,Gondomar,GDM
3958,[142486595],39.10954648,-8.839880899999999,Azambuja,AZB
3959,"[142499382, 815753137, 815753138, 815753139, 899068519, 899068520]",40.001757809090904,-8.740040477272727,Pombal,PBL
3960,"[142504653, 620108388, 620108390, 621737151, 621737152, 1338719866]",40.6412003826087,-7.917918995652175,Viseu,VIS
3961,"[142505488, 620108376, 620108379, 621737165, 621737169, 621737170, 1338867659, 1353895328]",40.643530785,-7.909700955000001,Viseu,VIS
3962,"[142506131, 1500891193, 1500891194, 1500891203]",40.648602996,-7.901456463999999,Viseu,VIS
3963,"[142606517, 1275080030, 1275080112, 1315565600, 1315589549]",38.79813480952381,-9.352431923809524,Sintra,SNT
3964,[142659866],41.040012989999994,-8.418742680000001,Gondomar,GDM
3965,"[142689620, 1132041860, 1132041861, 1132041862, 1132041863, 1224895981]",41.11277240434782,-8.487246317391307,Gondomar,GDM
3966,[142691012],41.10755312727272,-8.490874722727272,Gondomar,GDM
3967,[142691018],41.10980981739131,-8.488525947826087,Gondomar,GDM
3968,"[142779590, 621974904, 624275942, 624275943, 624275944, 1539825271]",40.68549420454545,-7.927657549999998,Viseu,VIS
3969,"[142779592, 621974907, 621974908, 645943744]",40.693271485000004,-7.930501645,Viseu,VIS
3970,"[142779593, 1338867622, 1338867623, 1338867624, 1338867625, 1338867627, 1338867628, 1338867629]",40.654371456,-7.922120520000001,Viseu,VIS
3971,"[142779594, 1467068737, 1467068738, 1467068739, 1488944358, 1488944359]",40.66280547619048,-7.920277733333333,Viseu,VIS
3972,"[142779595, 621959687, 621959688, 621959689, 621959690, 621974894, 877303933, 1341081546, 1341612149, 1539825272]",40.67603797045455,-7.923960015909092,Viseu,VIS
3973,"[142779596, 621730483, 621730484, 621730485, 1226719789, 1338719940, 1338867642, 1467876528]",40.656510491999995,-7.906128223999999,Viseu,VIS
3974,"[142779598, 621974897, 621974898, 621974901]",40.67997728,-7.927115300000001,Viseu,VIS
3975,"[142779717, 910344859, 1340313223, 1340313224, 1353036395]",40.666342275999995,-7.8928940160000005,Viseu,VIS
3976,"[142779718, 1339931520, 1339931521, 1339931526, 1339931527, 1340313219, 1340313220]",40.67195237272728,-7.905446913636364,Viseu,VIS
3977,[142780188],40.81099134499999,-8.479773325,Oliveira de Azeméis,OAZ
3978,[142780200],40.808936758823535,-8.481788088235293,Oliveira de Azeméis,OAZ
3979,[142780203],40.800394795,-8.481357299999999,Oliveira de Azeméis,OAZ
3980,[142782288],40.89211625714285,-8.508910895238094,São João da Madeira,SJM
3981,[142782296],40.892623240909096,-8.50829919090909,São João da Madeira,SJM
3982,[142782594],40.89551972727273,-8.504366922727273,São João da Madeira,SJM
3983,[142782889],40.89766914285714,-8.4976723,São João da Madeira,SJM
3984,[142783740],40.8960547,-8.497940786363635,São João da Madeira,SJM
3985,[142783743],40.89696951363636,-8.499587813636365,São João da Madeira,SJM
3986,[142888775],40.857422379999996,-8.412430403999998,Vale de Cambra,VLC
3987,"[142915794, 1016423318, 1016423898, 1016423899]",38.60074668571429,-9.175699492857145,Seixal,SXL
3988,"[142916147, 246864617, 246864629, 246864631, 246864633]",41.53570227000001,-8.405278255,Braga,BRG
3989,[142973404],40.996125705,-8.480382955,Santa Maria da Feira,VFR
3990,"[142973429, 1412817027, 1412817028, 1412817029, 1412817030, 1412817031, 1412817032, 1412817033]",41.00982620476191,-8.463873161904761,Santa Maria da Feira,VFR
3991,"[142973447, 1295377353, 1295377354, 1295806818, 1295806819, 1378066526, 1431168554, 1546604848]",41.010291433333336,-8.461693233333333,Santa Maria da Feira,VFR
3992,"[142987459, 1016423315, 1016423902, 1089704818, 1089706049, 1379393326]",38.60235067222223,-9.166342316666665,Seixal,SXL
3993,"[142987464, 1016423314]",38.599988079999996,-9.161354315,Seixal,SXL
3994,[142987466],38.59482304347827,-9.15938224347826,Seixal,SXL
3995,[143059917],38.5618690875,-8.995307943750001,Palmela,PLM
3996,[143088037],40.11248970454545,-8.24689506363636,Lousã,LSA
3997,[143088306],40.113043488888884,-8.245709055555558,Lousã,LSA
3998,[143090455],40.11141632727272,-8.248886218181818,Lousã,LSA
3999,[143102619],39.91185895789474,-8.398588821052632,Ansião,ANS
4000,[143102625],39.915909104,-8.398121728,Ansião,ANS
4001,[143102628],39.91193314090909,-8.432250195454547,Ansião,ANS
4002,"[143102664, 899066716, 899066717, 899066718]",39.917998155999996,-8.397853143999999,Ansião,ANS
4003,"[143104746, 1016423317, 1016423900, 1016423901, 1089704819, 1089706048]",38.601792031578945,-9.169564926315788,Seixal,SXL
4004,"[143106315, 670740555]",39.13975142727273,-9.010256131818183,Alenquer,ALQ
4005,[143109164],39.94667179545455,-8.372815445454544,Penela,PNL
4006,"[143109171, 886321597, 886321598, 886321599, 886321600]",39.92114209545454,-8.370458777272727,Ansião,ANS
4007,"[143113322, 1349970627]",41.042209756521736,-8.36216989130435,Castelo de Paiva,CPV
4008,[143144616],38.82074964,-9.165791989999999,Loures,LRS
4009,[143150934],41.001853312499996,-8.314207958333332,Castelo de Paiva,CPV
4010,"[143160505, 1005369352, 1289400241, 1314362089, 1360689903]",38.81356003333333,-9.166768686666668,Loures,LRS
4011,[143173670],40.01112965714285,-8.357683090476192,Penela,PNL
4012,"[143408763, 568318745]",41.10504907619048,-6.80440770952381,Freixo de Espada à Cinta,FEC
4013,"[143408765, 1349970661, 1499852334]",41.09252535833332,-6.809543555555556,Freixo de Espada à Cinta,FEC
4014,[143445384],40.15390501363636,-8.648915190909092,Soure,SRE
4015,[143452393],40.15841975454546,-8.625715254545456,Soure,SRE
4016,[143456025],40.15742826521738,-8.628206082608697,Soure,SRE
4017,[143487387],40.176602349999996,-8.798262945454546,Figueira da Foz,FIG
4018,"[143562474, 1286530971, 1286575471, 1286575472]",41.5654976,-8.405622611764707,Braga,BRG
4019,"[143562476, 1222999564]",41.56402242105263,-8.406746094736844,Braga,BRG
4020,"[143572760, 1529717674, 1529717676, 1529717677, 1529717678, 1529717679, 1529717680, 1529717681, 1529717682]",41.568923678260866,-8.40108767826087,Braga,BRG
4021,"[143612864, 143612870, 172679465, 172679467]",41.35682971153847,-8.20597508076923,Felgueiras,FLG
4022,[143613154],41.35961598965517,-8.204803762068964,Felgueiras,FLG
4023,[143613174],41.35671064230769,-8.203006853846153,Felgueiras,FLG
4024,[143613277],41.364939104166666,-8.205967575,Felgueiras,FLG
4025,[143618986],40.187333970000005,-8.569763259999998,Montemor-o-Velho,MMV
4026,[143637343],41.347614119999996,-8.256800468000002,Felgueiras,FLG
4027,[143637360],41.352019988,-8.261555000000001,Felgueiras,FLG
4028,[143637420],41.3499166142857,-8.25811991904762,Felgueiras,FLG
4029,[143653410],41.35221738095238,-8.272676890476191,Felgueiras,FLG
4030,"[143673931, 1289406047, 1334907452]",38.81647895714285,-9.162822728571427,Loures,LRS
4031,[143751677],38.56242499047618,-9.057178666666667,Seixal,SXL
4032,"[143751695, 1370864194]",38.562060595238094,-9.054934123809526,Seixal,SXL
4033,[143752738],40.19233847894736,-8.407360026315787,Coimbra,CBR
4034,[143758960],40.21497470526316,-8.883907889473685,Figueira da Foz,FIG
4035,[143758968],40.21616438095238,-8.89066883809524,Figueira da Foz,FIG
4036,[143760557],40.22039473181818,-8.807997900000002,Figueira da Foz,FIG
4037,[143769913],38.955116024999995,-8.107453035,Mora,MOR
4038,[143865983],41.48581983181819,-7.183573213636365,Mirandela,MDL
4039,[143891143],38.36620772999999,-8.511721125714285,Alcácer do Sal,ASL
4040,"[143924313, 228666991, 1072841293, 1072841294, 1384801058, 1384801062, 1555102463, 1555102468]",38.721354194444444,-9.377600144444445,Cascais,CSC
4041,[143966642],39.344324681818186,-8.951158604545455,Rio Maior,RMR
4042,[143992101],39.331464668181816,-8.93868972727273,Rio Maior,RMR
4043,[143992115],39.336473074999994,-8.935337975,Rio Maior,RMR
4044,[143992148],39.34242476842105,-8.94026767894737,Rio Maior,RMR
4045,[144058774],40.69886442222222,-7.819693305555554,Viseu,VIS
4046,[144160599],40.91886097999999,-8.489009079999999,Santa Maria da Feira,VFR
4047,[144160600],40.93828223888889,-8.474695255555554,Santa Maria da Feira,VFR
4048,"[144160635, 1546503055, 1546503056, 1546503057, 1546503058]",40.925489004545454,-8.50167999090909,Santa Maria da Feira,VFR
4049,"[144195053, 909135006, 909135007, 909135008, 1460819394, 1460819395]",40.92440855454546,-8.488155659090909,Santa Maria da Feira,VFR
4050,"[144195909, 996166814, 996166815, 996166816]",39.55036143181819,-9.017683986363634,Alcobaça,ACB
4051,[144220749],40.346214945,-8.594533545,Cantanhede,CNT
4052,"[144223668, 1464614988, 1481097550, 1481097551, 1482212017, 1482212018, 1482212019]",40.34112555714286,-8.597183461904763,Cantanhede,CNT
4053,[144228420],40.43514972,-8.585761465000001,Cantanhede,CNT
4054,[144228439],40.420400055,-8.586378255,Cantanhede,CNT
4055,[144233260],40.51750274736842,-8.599685221052633,Oliveira do Bairro,OBR
4056,[144234512],40.525952266666664,-8.59991757142857,Oliveira do Bairro,OBR
4057,[144236658],40.5334545904762,-8.600903609523808,Aveiro,AVR
4058,[144255436],40.29860209999999,-8.570053686363638,Cantanhede,CNT
4059,[144255459],40.31228087727273,-8.595403795454546,Cantanhede,CNT
4060,[144255460],40.298356613636365,-8.553349131818182,Cantanhede,CNT
4061,[144316455],40.36858602222222,-8.486537666666667,Mealhada,MLD
4062,"[144327824, 1544628487, 1544628488, 1544628489, 1544670256, 1544670258]",40.64940557037036,-8.632983500000002,Aveiro,AVR
4063,"[144331336, 1544670249, 1544670250, 1544670251]",40.65127782173913,-8.602364869565218,Aveiro,AVR
4064,"[144338032, 1109094561, 1109094563, 1109094564, 1109094566, 1109094567, 1109094568, 1109094572]",40.173427580952385,-8.665154342857145,Soure,SRE
4065,[144338033],40.174234449999986,-8.668954385000001,Montemor-o-Velho,MMV
4066,[144340720],37.51029117307692,-8.71737145,Odemira,ODM
4067,"[144343243, 495411110]",37.43837182352941,-8.797013970588235,Aljezur,AJZ
4068,[144463731],41.087299375,-8.600247275000001,Vila Nova de Gaia,VNG
4069,"[144463742, 1354711573, 1354711574, 1354769251, 1354769252]",41.091326278124995,-8.593758896874998,Vila Nova de Gaia,VNG
4070,[144464529],41.08972802000001,-8.604133975,Vila Nova de Gaia,VNG
4071,[144472048],38.77137941,-9.31215887,Sintra,SNT
4072,"[144556106, 1230018720, 1300767301, 1300767302]",38.77048241363636,-9.271167763636363,Sintra,SNT
4073,"[144556164, 1306782032, 1306782033, 1306782054]",38.76957202258065,-9.280028787096773,Sintra,SNT
4074,"[144556166, 1230018719, 1300767303, 1300767304, 1315402465, 1315558949]",38.76936613043478,-9.271510434782611,Sintra,SNT
4075,[144574157],40.2743027875,-8.467904141666667,Coimbra,CBR
4076,[144574168],40.27016977142856,-8.465413728571429,Coimbra,CBR
4077,"[144636256, 1325486144, 1325486145, 1326089640, 1326089641, 1342741037]",38.86672495,-9.328789244444444,Sintra,SNT
4078,[144659670],40.22836480909091,-8.437137281818181,Coimbra,CBR
4079,[144710489],40.747880208695655,-8.642857630434781,Murtosa,MRS
4080,[144710499],40.7601347047619,-8.663493771428572,Murtosa,MRS
4081,[144722470],40.761860082608685,-8.623784308695651,Estarreja,ETR
4082,"[144752070, 1314254800, 1314254801, 1322962370, 1322962371, 1346493383, 1468785965]",38.76763327619048,-9.319148933333334,Sintra,SNT
4083,"[144756967, 1313994755, 1313994756, 1346427187]",38.757028113043475,-9.358541878260871,Sintra,SNT
4084,[144869049],40.27200638181818,-8.284708890909089,Penacova,PCV
4085,[144869059],40.268119147619046,-8.286373261904762,Penacova,PCV
4086,[144869364],40.27066320952381,-8.286249904761904,Penacova,PCV
4087,[144869707],40.26817796842105,-8.2829304,Penacova,PCV
4088,"[144908386, 144908392, 144908393, 144908398]",41.57894124444445,-8.433937469444444,Braga,BRG
4089,"[144908388, 801350127, 801350128, 1529717687]",41.577205326315784,-8.432186963157895,Braga,BRG
4090,[144938879],40.25897576,-8.313969425,Penacova,PCV
4091,"[144947556, 1005369357, 1314362063, 1314362064, 1334908730, 1339309411]",38.81308632727273,-9.157455772727275,Loures,LRS
4092,[144969801],40.21165086956521,-8.467536726086957,Coimbra,CBR
4093,[145144379],39.59746274500001,-8.293253535,Tomar,TMR
4094,[145176212],39.23566447500001,-8.701224790000001,Santarém,STR
4095,"[145209117, 1040341761]",37.090937485,-8.676401030000001,Lagos,LGS
4096,"[145209122, 406865419, 408751570, 408751571, 445029660, 676223049, 881241589]",37.113523216666664,-8.67572565,Lagos,LGS
4097,"[145209367, 145209369, 145209370, 145209371, 875499775, 1352362884, 1352363287, 1352363346, 1352363758]",39.736964500000006,-8.822431375862068,Leiria,LRA
4098,"[145210346, 1054260393, 1233791644, 1233794122, 1234625323, 1463235089]",37.10804438095238,-8.6784871,Lagos,LGS
4099,[145210352],37.095430148,-8.674805556,Lagos,LGS
4100,[145210354],37.09703714736842,-8.67380692105263,Lagos,LGS
4101,"[145210375, 1463235082, 1463235083, 1463235084, 1463235085, 1463235086, 1463235087, 1463235088]",37.11033107714286,-8.677480765714288,Lagos,LGS
4102,"[145210382, 1463413220, 1463413221]",37.11151353461538,-8.671929469230768,Lagos,LGS
4103,[145210391],37.09952414285714,-8.676819495238094,Lagos,LGS
4104,"[145210397, 464994020]",37.10081580952381,-8.677878338095239,Lagos,LGS
4105,[145318093],39.23701635454545,-8.689323440909092,Santarém,STR
4106,[145318161],39.237385803225806,-8.687959532258064,Santarém,STR
4107,[145331213],38.85817304090909,-9.074096186363638,Vila Franca de Xira,VFX
4108,"[145331242, 1337997947]",38.855968285,-9.077266799999999,Vila Franca de Xira,VFX
4109,[145344684],41.66764442941176,-7.572355747058824,Chaves,CHV
4110,"[145344718, 1472676766, 1472676767]",41.78912761304348,-7.448124599999999,Chaves,CHV
4111,"[145344721, 1072692405, 1072692425, 1072692426]",41.79152344761904,-7.449190485714286,Chaves,CHV
4112,"[145407471, 1331383577, 1334916228, 1334916235, 1334916236, 1337998013]",38.863901121739126,-9.072795521739131,Vila Franca de Xira,VFX
4113,"[145407484, 1331383576, 1334916227, 1334916237, 1334916238, 1337998014]",38.86285530000001,-9.074638931818182,Vila Franca de Xira,VFX
4114,[145409699],38.775687549999994,-7.485486866666666,Borba,BRB
4115,[145418458],38.78656054210526,-7.462646010526317,Borba,BRB
4116,[145418460],38.78107356363636,-7.467229700000001,Borba,BRB
4117,[145430599],38.853126589473675,-9.082354421052633,Loures,LRS
4118,"[145476104, 682700808, 683629113, 683629114, 1334907444]",38.78992325714286,-9.123221142857144,Loures,LRS
4119,[145555461],41.80323982380952,-8.486291214285714,Arcos de Valdevez,AVV
4120,[145576921],37.03487768333334,-7.832529016666666,Olhão,OLH
4121,"[145576956, 1481650975, 1481650976]",37.02790044761905,-7.874847295238097,Olhão,OLH
4122,"[145583780, 1481650647, 1481650648, 1481650649, 1481650650]",37.02350139545455,-7.848091604545456,Olhão,OLH
4123,[145592767],37.037092621052636,-7.841022252631579,Olhão,OLH
4124,[145592831],37.04069792631579,-7.851796205263158,Olhão,OLH
4125,[145592874],37.030419315,-7.837517549999999,Olhão,OLH
4126,[145607196],37.03389628695653,-7.840172026086958,Olhão,OLH
4127,[145614789],38.80953645454545,-8.753577236363636,Benavente,BNV
4128,[145614801],38.82761237333333,-8.751238733333333,Benavente,BNV
4129,"[145617860, 631173294, 631173295]",38.749632907894735,-9.102634850000001,Lisboa,LSB
4130,"[145746822, 1533229211, 1533229212, 1533229213, 1533229214, 1534270394]",40.6137086590909,-8.0138222,Viseu,VIS
4131,[145786158],41.57131477916666,-8.454815925,Braga,BRG
4132,"[145796912, 622372181, 793630423, 991280455, 991280456, 1386544751]",38.69746625625,-9.43129285,Cascais,CSC
4133,[145796931],38.695913157894736,-9.435914889473686,Cascais,CSC
4134,"[145818543, 981847188, 981847189, 981847190]",39.61923315454545,-8.858890354545457,Porto de Mós,PMS
4135,"[145818544, 560825227, 560825228, 560825229, 1068949297, 1068949298, 1070323179, 1070323180, 1070323203, 1070323204]",39.619735227027036,-8.857390572972973,Porto de Mós,PMS
4136,[145819781],41.43044126,-8.266795085,Guimarães,GMR
4137,"[145893462, 1476170582]",40.740981382352935,-7.728391899999999,Sátão,SAT
4138,"[145943199, 1514949752, 1514949753, 1514949754]",40.342015529166666,-8.583364720833334,Cantanhede,CNT
4139,"[145943219, 1466721922, 1533829784]",40.34369863125,-8.58570238125,Cantanhede,CNT
4140,"[145998667, 1331383571, 1331383572, 1331383578, 1337997967, 1337998012]",38.86269767272727,-9.067387240909092,Vila Franca de Xira,VFX
4141,"[145998668, 1331383574, 1337998008, 1337998009, 1348015639, 1348015640]",38.859672117391305,-9.071294908695652,Vila Franca de Xira,VFX
4142,"[145998673, 1331383573, 1337998010, 1337998011]",38.86015251818182,-9.069076545454546,Vila Franca de Xira,VFX
4143,"[146000411, 1331383575, 1334916224, 1334916225, 1334916244, 1334916245, 1339036196, 1340379940]",38.86090615454545,-9.074945486363635,Vila Franca de Xira,VFX
4144,[146019760],40.355017395454546,-8.59534967727273,Cantanhede,CNT
4145,[146019774],40.35159860526316,-8.590100963157896,Cantanhede,CNT
4146,[146031285],41.458344423809514,-7.009757119047619,Macedo de Cavaleiros,MCD
4147,[146040168],41.458946942857146,-7.011894842857141,Macedo de Cavaleiros,MCD
4148,"[146079242, 1481651090, 1481651091, 1481651092, 1481651093]",37.02625901818181,-7.897557909090909,Faro,FAR
4149,[146119497],40.32967882631579,-8.716098142105263,Cantanhede,CNT
4150,[146119511],40.336798876190485,-8.732869733333334,Cantanhede,CNT
4151,"[146219095, 1331383586, 1331383588, 1334916229]",38.867967969999995,-9.063328269999998,Vila Franca de Xira,VFX
4152,[146219161],38.871849085,-9.053956085,Vila Franca de Xira,VFX
4153,[146219192],38.87468238421052,-9.05107675263158,Vila Franca de Xira,VFX
4154,[146219196],38.87625906999999,-9.05196041,Vila Franca de Xira,VFX
4155,"[146219201, 1331383584]",38.86671032,-9.063141435000002,Vila Franca de Xira,VFX
4156,[146219203],38.876895573684216,-9.048651752631578,Vila Franca de Xira,VFX
4157,"[146219214, 1342769378, 1342769379, 1342769386]",38.86520697272727,-9.066976768181819,Vila Franca de Xira,VFX
4158,"[146219283, 1331383581]",38.86406012142857,-9.064325835714286,Vila Franca de Xira,VFX
4159,[146220556],41.524948515,-8.415104455,Braga,BRG
4160,"[146222790, 1455109872, 1463053718, 1463053719, 1463053720, 1477030558]",40.73855142916667,-7.766767570833333,Sátão,SAT
4161,[146233595],41.49844515882352,-8.416910717647058,Braga,BRG
4162,"[146266707, 795462826, 795462827, 795462828]",39.82536279090909,-8.785419322727272,Leiria,LRA
4163,"[146412906, 1317957948, 1317957950, 1317957951, 1317957952, 1317957953]",38.81862338095238,-9.465856980952381,Sintra,SNT
4164,"[146459490, 1456262607, 1456262608]",40.547718855,-7.740669645000001,Mangualde,MGL
4165,"[146519530, 1481441614, 1481441616]",40.52638745909091,-7.786128490909093,Nelas,NLS
4166,[146544164],38.770258468421055,-9.300705657894738,Sintra,SNT
4167,"[146586088, 1476170587]",40.70659905555556,-7.739484399999999,Sátão,SAT
4168,[146588081],38.78885065,-9.1264293875,Loures,LRS
4169,"[146666966, 396118600, 396118601, 396118602, 633333853, 683623712, 1302165802, 1313428453, 1313428454]",38.71375515434783,-9.13934405,Lisboa,LSB
4170,"[146666971, 624809669, 624809674, 628680764, 628686141]",38.725283005172415,-9.150022836206897,Lisboa,LSB
4171,"[146717505, 740252832]",40.418198135,-7.721179895000001,Seia,SEI
4172,"[146717507, 738237524, 740252837, 872758420, 872758421, 1068199464]",40.427874404166666,-7.714660258333335,Seia,SEI
4173,"[146717543, 1320159347]",40.43235267500001,-7.718606995000002,Seia,SEI
4174,"[146717552, 1320159344, 1320159345, 1320159346]",40.431070483333336,-7.718158170833334,Seia,SEI
4175,"[146719765, 738237521]",40.42151787272728,-7.705039122727272,Seia,SEI
4176,"[146719776, 738237522, 872758424, 872758425, 872758427]",40.42042299130434,-7.706731856521741,Seia,SEI
4177,[146719786],40.41913819444445,-7.705540883333334,Seia,SEI
4178,"[146719796, 738237523, 872758422, 872758423]",40.42138385,-7.712974599999999,Seia,SEI
4179,[146947699],40.197129628571425,-8.24373868095238,Vila Nova de Poiares,PRS
4180,"[146963111, 875423212, 875423213]",40.21335386,-8.258664575000001,Vila Nova de Poiares,PRS
4181,[146972514],40.156497775000005,-8.207834524999999,Lousã,LSA
4182,[146985716],40.12913412857144,-8.265637161904761,Lousã,LSA
4183,[146985722],40.127063099999994,-8.266429927272727,Lousã,LSA
4184,"[147015429, 1013434962, 1079348390, 1079348391]",38.654798633333336,-9.200708806666665,Almada,ALM
4185,"[147038737, 849652604, 849652605, 849652606]",38.559389957142855,-7.905987767857144,Évora,EVR
4186,[147040376],38.54155589545454,-7.8950963,Évora,EVR
4187,[147040382],38.549559845000005,-7.91184979,Évora,EVR
4188,[147040388],38.53438060909091,-7.895694340909091,Évora,EVR
4189,"[147040405, 808910981, 808910982]",38.54848936086956,-7.903443339130433,Évora,EVR
4190,[147040409],38.5591938875,-7.891908721875,Évora,EVR
4191,[147040417],38.5577229125,-7.88479976875,Évora,EVR
4192,[147040420],38.54880759,-7.906268575,Évora,EVR
4193,[147040421],38.55930085454546,-7.898103599999999,Évora,EVR
4194,"[147046520, 808910983, 808910984]",38.541187862499996,-7.8999910374999995,Évora,EVR
4195,[147051676],38.54984356111112,-7.908402483333335,Évora,EVR
4196,[147051686],38.54977269473684,-7.909348142105262,Évora,EVR
4197,[147055267],38.79967497222222,-7.457229783333334,Borba,BRB
4198,[147055311],38.78799527894737,-7.470187584210525,Borba,BRB
4199,[147055329],38.80269101428571,-7.455629857142857,Borba,BRB
4200,[147055334],38.799418215,-7.450934695000001,Borba,BRB
4201,[147058910],38.80498794,-7.464304674999999,Borba,BRB
4202,[147059907],38.5420301888889,-7.905643783333334,Évora,EVR
4203,[147122457],38.305705259090914,-7.695946536363636,Portel,PRL
4204,[147139090],38.30225219411765,-7.598869305882354,Portel,PRL
4205,[147160468],39.164460899999995,-8.780332916666666,Cartaxo,CTX
4206,"[147160949, 1321699227, 1321699228, 1321699229, 1321699230]",41.2738433375,-8.50206970625,Santo Tirso,STS
4207,"[147160953, 1321699223, 1321699224, 1321699225]",41.275538,-8.5001901125,Santo Tirso,STS
4208,[147170757],40.708726527272724,-7.703227718181818,Sátão,SAT
4209,[147248681],37.936108722727276,-8.391811800000001,Santiago do Cacém,STC
4210,[147261696],38.78210764736841,-9.106939042105262,Loures,LRS
4211,[147281332],38.50405736086957,-7.5944683652173905,Redondo,RDD
4212,[147360746],39.625822195,-8.662294135,Ourém,ORM
4213,[147371595],41.335835485000004,-8.268625864999999,Felgueiras,FLG
4214,[147371598],41.37043854999999,-8.230495605555554,Felgueiras,FLG
4215,[147428488],40.23072629523809,-8.429127885714285,Coimbra,CBR
4216,[147433467],38.87057604,-9.066059925,Vila Franca de Xira,VFX
4217,[147433476],38.871611185,-9.067492879999998,Vila Franca de Xira,VFX
4218,"[147433484, 537930420, 1001267329, 1001267330, 1001267331]",38.86838412727273,-9.061560718181816,Vila Franca de Xira,VFX
4219,"[147443723, 1007760885, 1291072736, 1331383589, 1331383604, 1331383605]",38.874857766666665,-9.057303171428572,Vila Franca de Xira,VFX
4220,[147598634],37.72562144999999,-8.784092244444444,Odemira,ODM
4221,"[147687323, 1455151487]",40.71690810588236,-7.6949179999999995,Sátão,SAT
4222,"[147700968, 1333184659, 1333184660, 1333184661, 1333184662, 1333184663]",40.19538441428572,-8.449400323809524,Coimbra,CBR
4223,[147711856],38.54228744375,-7.886358306250001,Évora,EVR
4224,[147712179],40.21323823636363,-8.465711677272724,Coimbra,CBR
4225,[148334687],41.183232144,-8.139566444000002,Marco de Canaveses,MCN
4226,[148334692],41.18215877727273,-8.142462954545458,Marco de Canaveses,MCN
4227,[148334755],41.18406929130435,-8.136419995652174,Marco de Canaveses,MCN
4228,[148334757],41.187826235,-8.140957275000002,Marco de Canaveses,MCN
4229,[148340110],41.23044159000001,-8.187182615,Penafiel,PNF
4230,[148340119],41.22958520434783,-8.136653330434783,Amarante,AMT
4231,"[148361227, 1557696446, 1557696447, 1557696449, 1557696450]",38.72856091578947,-9.227979942105263,Oeiras,OER
4232,"[148361234, 1557696448]",38.72926897307693,-9.226802280769231,Oeiras,OER
4233,[148361239],38.7288245117647,-9.226813647058822,Oeiras,OER
4234,[148361241],38.7274241882353,-9.228767935294119,Oeiras,OER
4235,[148361245],38.72732274705883,-9.229989694117645,Oeiras,OER
4236,[148361248],38.726859741176476,-9.227030482352939,Oeiras,OER
4237,"[148400478, 1300288200, 1300398828, 1300398844, 1300398845]",38.710947268750004,-9.33631568125,Cascais,CSC
4238,[148408171],38.71360902105264,-9.329945099999998,Cascais,CSC
4239,[148476471],41.23207337916667,-8.228898379166667,Penafiel,PNF
4240,[148476769],41.23788765,-8.294888115,Lousada,LOU
4241,[148476771],41.246282663157885,-8.257970715789474,Lousada,LOU
4242,[148476774],41.23971349999999,-8.279558968421052,Lousada,LOU
4243,[148476782],41.253050555,-8.29345543,Lousada,LOU
4244,[148531917],37.937404176190476,-7.602304561904762,Serpa,SRP
4245,"[148603861, 983735797, 983735798, 983735799, 983735800]",38.879147104761905,-9.06983391904762,Vila Franca de Xira,VFX
4246,"[148603902, 983735784, 983735785, 983735786, 1235860124]",38.87954944285714,-9.070304347619048,Vila Franca de Xira,VFX
4247,"[148635522, 1020158980]",38.65684066315789,-9.01125672105263,Moita,MTA
4248,"[148656665, 916015126, 924861515]",39.919236228571435,-8.146397880952382,Pedrógão Grande,PGR
4249,"[148656678, 916015123, 916015124, 916015125]",39.91810224761905,-8.147051957142857,Pedrógão Grande,PGR
4250,[148708023],38.709897147619046,-9.336656995238094,Cascais,CSC
4251,[148710349],38.715253790000006,-9.329308445,Cascais,CSC
4252,[148737542],37.14786016470588,-8.36716824117647,Silves,SLV
4253,[148737549],37.14462165,-8.364991945454546,Silves,SLV
4254,[148738468],41.127346209090916,-7.124496099999999,Vila Nova de Foz Côa,VLF
4255,[148738904],41.17942079285715,-7.1117506,Torre de Moncorvo,TMC
4256,"[148738922, 1349970655]",41.07207648,-7.1449039,Vila Nova de Foz Côa,VLF
4257,[148739087],41.07007855789474,-7.143581289473684,Vila Nova de Foz Côa,VLF
4258,[148739091],41.06900691052632,-7.1427407263157905,Vila Nova de Foz Côa,VLF
4259,"[148739092, 563407886, 563407887]",41.165,-7.178425355555556,Torre de Moncorvo,TMC
4260,[148739094],41.07071337,-7.143384695,Vila Nova de Foz Côa,VLF
4261,[148739701],37.14315479,-8.367454149999999,Silves,SLV
4262,[148757393],39.47178795652174,-8.486485547826087,Entroncamento,ENT
4263,[148757501],39.47045596666667,-8.483331176190475,Entroncamento,ENT
4264,"[148759555, 1530206325, 1530206326, 1530206338]",40.43632448125,-8.00138053125,Carregal do Sal,CRS
4265,"[148759556, 1530206327, 1530206328, 1530206336, 1530206337]",40.439768093750004,-8.00253310625,Carregal do Sal,CRS
4266,[148802754],39.20195887500001,-8.632592480000003,Almeirim,ALR
4267,[148803368],39.21003029444445,-8.62731405,Almeirim,ALR
4268,"[148900994, 1498998099, 1498998100, 1498998104]",41.41143289090908,-8.43427885,Vila Nova de Famalicão,VNF
4269,[148950895],41.0270356125,-7.0653503125,Vila Nova de Foz Côa,VLF
4270,"[149005235, 1120967697, 1120967698, 1120967699, 1120967700]",40.923861115,-8.566680779999999,Santa Maria da Feira,VFR
4271,[149005236],40.92199,-8.564133494999998,Santa Maria da Feira,VFR
4272,"[149005238, 1120967702, 1120967703, 1120967705, 1120967711]",40.923677445,-8.56860859,Santa Maria da Feira,VFR
4273,[149146118],40.922473615,-8.566945405000002,Santa Maria da Feira,VFR
4274,[149146121],40.92128437272728,-8.567031118181818,Santa Maria da Feira,VFR
4275,"[149161261, 899068516, 899068517, 899068518]",40.00228418928572,-8.736950871428572,Pombal,PBL
4276,[149162230],40.627585208333336,-8.628985691666667,Aveiro,AVR
4277,"[149166033, 1544674278]",40.61357144090909,-8.612802345454547,Aveiro,AVR
4278,[149169220],40.6122438,-8.611812425,Aveiro,AVR
4279,"[149312937, 247042016, 247042018]",41.501614182352945,-8.435187847058826,Braga,BRG
4280,[149413703],38.654936006451614,-8.988983954838707,Moita,MTA
4281,"[149493078, 896305436, 896305437, 896305438]",41.565435375,-8.477933591666666,Braga,BRG
4282,[149613945],41.26294612272728,-8.073752472727271,Amarante,AMT
4283,[149613946],41.16150841428571,-8.0351932,Baião,BAO
4284,[149613947],41.261391634782605,-8.074196552173913,Amarante,AMT
4285,"[149744254, 1544674276]",40.63230750952381,-8.62216254761905,Aveiro,AVR
4286,[149860439],41.37081628333333,-8.093499608333333,Celorico de Basto,CBT
4287,[149860441],41.38414665263158,-8.0018786,Celorico de Basto,CBT
4288,[149860443],41.393590037500005,-8.0000242625,Celorico de Basto,CBT
4289,[149860445],41.39245973043479,-7.9975936608695655,Celorico de Basto,CBT
4290,[149860662],41.3802730125,-8.001496450000001,Celorico de Basto,CBT
4291,"[149878735, 1354245143, 1354245158]",39.096070507407404,-9.253116659259259,Torres Vedras,TVD
4292,"[149949728, 230123230, 1347070257]",40.77245526,-7.0818951666666665,Pinhel,PNH
4293,"[149949735, 606836556]",40.772740625000004,-7.0752639833333335,Pinhel,PNH
4294,[149954045],40.77309404166667,-7.067426554166666,Pinhel,PNH
4295,[149954055],40.770439209523815,-7.068576152380952,Pinhel,PNH
4296,[149954075],40.77241790434783,-7.067471534782607,Pinhel,PNH
4297,[149957455],40.77392323888889,-7.06018255,Pinhel,PNH
4298,[149961849],39.08929912380953,-9.334086019047618,Torres Vedras,TVD
4299,"[149963486, 1079883796, 1354240525, 1354250331, 1528171487, 1528171488]",39.08812647916667,-9.261161670833333,Torres Vedras,TVD
4300,"[150014176, 1079883793, 1350437947]",39.09197405714286,-9.262900435714286,Torres Vedras,TVD
4301,[150016192],41.27611542173913,-8.097500230434783,Amarante,AMT
4302,[150016196],41.267548286956526,-8.091962447826086,Amarante,AMT
4303,[150016201],41.27382593461539,-8.098728384615384,Amarante,AMT
4304,[150016206],41.281349659090914,-8.085665740909091,Amarante,AMT
4305,"[150016220, 607158556]",41.27288931764706,-8.089234029411765,Amarante,AMT
4306,[150016666],41.256523362500005,-8.084327125,Amarante,AMT
4307,[150016670],41.27324308421053,-8.082382210526315,Amarante,AMT
4308,[150016679],41.26670459523809,-8.080032947619049,Amarante,AMT
4309,"[150029814, 1350437949, 1354240520, 1354245139]",39.09370853043479,-9.25669428695652,Torres Vedras,TVD
4310,"[150032802, 1354250336, 1531444872]",39.08412602727273,-9.26108678181818,Torres Vedras,TVD
4311,[150112751],38.30450659545454,-8.769778372727272,Grândola,GDL
4312,[150112756],38.30754904,-8.742893925,Grândola,GDL
4313,[150112763],38.30745238260869,-8.755375956521737,Grândola,GDL
4314,[150113288],38.31053922222222,-8.748951872222223,Grândola,GDL
4315,[150114199],38.296012142105255,-8.764936963157894,Grândola,GDL
4316,"[150223009, 1303891232, 1303891233, 1303891235, 1307553677, 1307553678, 1309130486, 1309130487]",41.209823590909096,-8.337717395454545,Paredes,PRD
4317,"[150223010, 1303891270, 1303891271, 1306366345]",41.23482771578947,-8.39656022105263,Paredes,PRD
4318,"[150223611, 1308673657, 1308673658, 1308786439]",41.234867154545455,-8.324184363636364,Paredes,PRD
4319,"[150223616, 1303891241, 1303891242, 1303903313, 1303903314, 1304122070]",41.21562877272727,-8.4168053,Paredes,PRD
4320,"[150223620, 1303891272, 1303891273, 1303891274, 1303891275, 1304122066, 1304122067, 1345358874]",41.24645110588235,-8.384830047058825,Paredes,PRD
4321,"[150223626, 1505667686, 1505667687, 1505667688, 1505667689, 1505667690, 1505667691]",41.2215938826087,-8.369017039130433,Paredes,PRD
4322,"[150223633, 1304838276]",41.2068382,-8.39683242105263,Paredes,PRD
4323,"[150223679, 1284998946, 1284998947, 1284998948, 1309130488]",41.19952103333333,-8.346390172222222,Paredes,PRD
4324,[150224171],41.23045954545454,-8.410296875757577,Paredes,PRD
4325,"[150224172, 1303891256, 1303891257, 1303903312, 1306914499, 1336002570]",41.230866173529414,-8.40705648529412,Paredes,PRD
4326,"[150224175, 1307139141, 1307139142, 1307139143]",41.250143553125,-8.429795140625,Paredes,PRD
4327,"[150224179, 1303891259, 1303891260, 1303891261, 1303891262]",41.23197012941176,-8.412136508823531,Paredes,PRD
4328,"[150237257, 150237258, 150237289, 150237295, 1307139137, 1307139138, 1307139139, 1307139140]",41.25130677575758,-8.431762212121212,Paredes,PRD
4329,[150261487],37.25133608125,-8.28684370625,Silves,SLV
4330,[150388611],39.219619461538464,-8.009310123076922,Ponte de Sor,PSR
4331,[150388612],39.24466741428571,-8.023697585714284,Ponte de Sor,PSR
4332,[150390879],39.24513959545454,-8.03083869090909,Ponte de Sor,PSR
4333,"[150425076, 979671470, 979671471, 979671472]",39.58798883913044,-9.017519313043476,Nazaré,NZR
4334,"[150604817, 1308499385, 1308499386, 1308644112]",41.28413394166667,-8.358995545833332,Paços de Ferreira,PFR
4335,"[150605689, 150605702, 150606779, 150606812, 1306914491, 1306914492, 1306914493, 1306914494]",41.25702488181818,-8.398943366666666,Paços de Ferreira,PFR
4336,"[150605801, 1307553665, 1307553666, 1307553667, 1307553668, 1308644106]",41.26605757916666,-8.344478208333333,Paços de Ferreira,PFR
4337,[150605802],41.28738222727272,-8.332843931818182,Paços de Ferreira,PFR
4338,[150605803],41.29045100909092,-8.326041977272727,Lousada,LOU
4339,[150605805],41.28205569444444,-8.427224372222222,Paços de Ferreira,PFR
4340,"[150605806, 1307139124, 1307139125, 1322314890]",41.268644475,-8.412480406250001,Paços de Ferreira,PFR
4341,[150605807],41.26824492,-8.42875844,Paços de Ferreira,PFR
4342,[150605808],41.27944891666667,-8.3606542,Paços de Ferreira,PFR
4343,"[150605810, 1308499389, 1308499390, 1308644109, 1308644110]",41.28606971304348,-8.345725552173915,Paços de Ferreira,PFR
4344,[150605811],41.26732512173912,-8.44232175652174,Paços de Ferreira,PFR
4345,[150605812],41.26934632727273,-8.336292481818184,Paços de Ferreira,PFR
4346,[150605814],41.27152003636363,-8.424086122727273,Paços de Ferreira,PFR
4347,[150605815],41.2661542125,-8.440897943749999,Paços de Ferreira,PFR
4348,"[150605816, 1319691378, 1319691379]",41.289205249999995,-8.341885600000001,Paços de Ferreira,PFR
4349,[150605819],41.264840819999996,-8.427041405,Paços de Ferreira,PFR
4350,[150605820],41.28897935,-8.331315706249999,Paços de Ferreira,PFR
4351,[150605822],41.26311224347826,-8.444353856521738,Paços de Ferreira,PFR
4352,[150605824],41.259829618750004,-8.41756935,Paços de Ferreira,PFR
4353,[150605825],41.27046662083333,-8.434642808333335,Paços de Ferreira,PFR
4354,[150605827],41.286628673076926,-8.361278342307692,Paços de Ferreira,PFR
4355,[150605828],41.27626074166667,-8.359990875,Paços de Ferreira,PFR
4356,[150605830],41.28693935625,-8.339602925,Paços de Ferreira,PFR
4357,[150605831],41.25955195909091,-8.445000686363636,Paços de Ferreira,PFR
4358,[150605832],41.28970657391305,-8.422301391304348,Paços de Ferreira,PFR
4359,"[150605834, 1308499393, 1308499394, 1308644107, 1308644108, 1345392565, 1345392566, 1345392567, 1345392568]",41.27828741176471,-8.339649123529412,Paços de Ferreira,PFR
4360,"[150605849, 1308673643, 1308673644, 1308673645, 1308673646]",41.26726754166666,-8.376085020833333,Paços de Ferreira,PFR
4361,"[150605852, 1319691383, 1319691384, 1319691385, 1319691386]",41.287103316666666,-8.385080083333333,Paços de Ferreira,PFR
4362,[150605872],41.26681497142857,-8.432956767857144,Paços de Ferreira,PFR
4363,"[150605880, 1308673647, 1308673648, 1308673649, 1308673650]",41.265789825,-8.37192679375,Paços de Ferreira,PFR
4364,"[150605891, 1509458474, 1509458475, 1509458476, 1509458477, 1509458478, 1509458479, 1509458480, 1509458481]",41.254742820833336,-8.4402510375,Paços de Ferreira,PFR
4365,[150605902],41.29053943125,-8.39008695,Paços de Ferreira,PFR
4366,[150605920],41.26967236470588,-8.441419435294119,Paços de Ferreira,PFR
4367,[150605933],41.2682195,-8.44118408125,Paços de Ferreira,PFR
4368,[150605943],41.28367573684211,-8.424715357894737,Paços de Ferreira,PFR
4369,[150605945],41.28211764705882,-8.33655787647059,Paços de Ferreira,PFR
4370,"[150605952, 1307553661, 1307553662, 1307553663]",41.27083109545455,-8.366322377272727,Paços de Ferreira,PFR
4371,[150605972],41.29082687647059,-8.33742384117647,Paços de Ferreira,PFR
4372,"[150605986, 1308673651, 1308673652, 1308673653, 1312659752, 1312659753]",41.255975122222225,-8.362971494444444,Paredes,PRD
4373,"[150605987, 1306366337, 1306366338, 1306366339, 1306366340, 1312659754, 1312659755]",41.2512716,-8.367108466666666,Paredes,PRD
4374,[150606160],41.25524902,-8.425741565,Paços de Ferreira,PFR
4375,"[150606381, 1306914476, 1306914477, 1307127472, 1307127473]",41.27605234117647,-8.376885470588237,Paços de Ferreira,PFR
4376,[150606898],41.26774708,-8.435241539999998,Paços de Ferreira,PFR
4377,"[150606906, 1313866431, 1313866432, 1314047015, 1314047016, 1319894809, 1557843117]",41.28132733333334,-8.387952322222224,Paços de Ferreira,PFR
4378,"[150616506, 1313866436, 1313866437, 1313866438, 1319691401, 1319691402]",41.298430179166665,-8.406639925,Paços de Ferreira,PFR
4379,[150616507],41.294622903125,-8.415907359374998,Paços de Ferreira,PFR
4380,"[150616508, 1319691394, 1319691395, 1319691396]",41.30689559375,-8.388644124999999,Paços de Ferreira,PFR
4381,"[150616509, 1319691397, 1319691398, 1319691399, 1319691400]",41.29599283214285,-8.402090357142857,Paços de Ferreira,PFR
4382,"[150637735, 1463234964, 1463234965, 1463234972]",37.12809451304348,-8.300927904347827,Albufeira,ABF
4383,"[150639269, 1202792857, 1202792858, 1202792859, 1202792860]",41.22546355909091,-8.459448977272729,Valongo,VLG
4384,"[150639273, 1304122074, 1304122075]",41.21254786499999,-8.434002309999999,Paredes,PRD
4385,[150639280],41.227390504545454,-8.461793454545454,Valongo,VLG
4386,"[150746725, 807165563, 807165564, 1370949628, 1370949629]",38.674742089999995,-8.456946235,Vendas Novas,VND
4387,[150766741],41.17026899130434,-8.330464565217394,Penafiel,PNF
4388,[150766747],41.17317482105263,-8.328965531578948,Penafiel,PNF
4389,[150766891],41.159611775,-8.3710113625,Paredes,PRD
4390,"[150770659, 741788904, 743533012, 743533013]",41.19646979375,-8.4953212375,Valongo,VLG
4391,"[150770660, 741788903, 743533014, 743533015]",41.19714769411764,-8.495231294117646,Valongo,VLG
4392,"[150770669, 1278625306, 1278625307]",41.19935020312501,-8.491947190625,Valongo,VLG
4393,[150787198],38.763156765000005,-9.37258949,Sintra,SNT
4394,"[150791490, 807165559, 807165560]",38.66750015833333,-8.475535741666667,Vendas Novas,VND
4395,[150791706],37.16807933,-8.258819289999996,Silves,SLV
4396,[150901472],37.1274033368421,-8.303711889473684,Albufeira,ABF
4397,"[150911197, 1427125169]",37.10586194,-8.244313299999998,Albufeira,ABF
4398,"[150944262, 1217798576, 1217798577, 1217798578]",39.36724545517241,-9.223285431034485,Óbidos,OBD
4399,[150948541],41.24379276956522,-7.307038265217392,Carrazeda de Ansiães,CRZ
4400,[150948561],41.245495891304344,-7.312168517391305,Carrazeda de Ansiães,CRZ
4401,[150948573],41.24348917727273,-7.302079777272729,Carrazeda de Ansiães,CRZ
4402,[150948575],41.241577631249996,-7.3118845125,Carrazeda de Ansiães,CRZ
4403,[150948577],41.2339851090909,-7.325319927272727,Carrazeda de Ansiães,CRZ
4404,[150948583],41.24601502173913,-7.318040508695652,Carrazeda de Ansiães,CRZ
4405,[150948697],41.29634119545454,-7.344775499999998,Carrazeda de Ansiães,CRZ
4406,"[150972139, 1463235013, 1463235014, 1463235015]",37.09894849,-8.255948049999999,Albufeira,ABF
4407,[150994621],40.7763302,-7.078227395833334,Pinhel,PNH
4408,"[150994633, 229686475, 229686476]",40.77507141,-7.0753262800000005,Pinhel,PNH
4409,[150996294],37.134654766666664,-8.51041528888889,Lagoa,LGA
4410,[151032812],38.00602141875,-8.41631003125,Santiago do Cacém,STC
4411,[151088823],38.00292260416666,-8.41452925,Santiago do Cacém,STC
4412,[151109672],40.77225295,-7.073369449999999,Pinhel,PNH
4413,[151160500],37.1452701904762,-8.490188547619047,Lagoa,LGA
4414,[151162037],40.76456648571428,-7.041672133333334,Pinhel,PNH
4415,[151170761],37.1363805,-8.46021446,Lagoa,LGA
4416,"[151225698, 983737253, 983737254, 983737255, 983737256, 983737257, 983737258, 983737259]",38.871026666666666,-9.085785904761906,Vila Franca de Xira,VFX
4417,[151226741],37.1463018131579,-8.496854765789472,Lagoa,LGA
4418,[151256503],38.000412780000005,-8.378772770000001,Santiago do Cacém,STC
4419,[151256520],37.998959442857135,-8.382846814285715,Santiago do Cacém,STC
4420,"[151256639, 1137378996, 1137378997, 1137378998]",41.20704733636363,-8.573518463636365,Maia,MAI
4421,"[151266899, 741713007, 743461558, 743461559, 1156385664, 1156385665, 1314055298, 1314055299]",41.235987504545456,-8.536915222727272,Valongo,VLG
4422,"[151266900, 1314055295, 1314055296, 1314055297]",41.260345962500004,-8.489784070833332,Santo Tirso,STS
4423,"[151266901, 1279761276, 1279761277, 1279761278]",41.227337058333326,-8.541355016666666,Valongo,VLG
4424,"[151268031, 215493219, 215493221, 1279761273, 1279992906]",41.237050618750004,-8.52909658125,Valongo,VLG
4425,[151268034],41.242733155,-8.494979745,Santo Tirso,STS
4426,[151268658],41.228503075,-8.55814393,Valongo,VLG
4427,[151268672],41.251458205,-8.531860615,Valongo,VLG
4428,"[151269572, 1106177596, 1106177597]",41.210497188,-8.570628172,Maia,MAI
4429,[151274515],41.20181555,-8.5686868125,Maia,MAI
4430,[151307828],41.291528395,-7.874967165000001,Vila Real,VRL
4431,[151335286],38.81080215833333,-8.749698758333333,Benavente,BNV
4432,[151335288],38.82385140625,-8.73802038125,Benavente,BNV
4433,[151335298],38.81494817777778,-8.746402555555555,Benavente,BNV
4434,[151351115],38.829450609999995,-8.74132819,Benavente,BNV
4435,[151380646],39.44391447222223,-8.96656525,Alcobaça,ACB
4436,[151385161],37.14649170434784,-8.543826686956523,Portimão,PTM
4437,[151388810],37.14744864761904,-8.545708228571428,Portimão,PTM
4438,[151407261],41.52941678695652,-8.737274860869565,Esposende,EPS
4439,[151423020],37.1395056631579,-8.512768536842103,Lagoa,LGA
4440,[151425145],37.139871770588236,-8.51462536470588,Lagoa,LGA
4441,[151432760],37.13153447647059,-8.520544819117648,Lagoa,LGA
4442,[151484182],40.53389940952382,-7.856940295238096,Nelas,NLS
4443,[151484186],40.52725131666667,-7.861472029166666,Nelas,NLS
4444,[151494027],41.47591122,-6.415083709999999,Miranda do Douro,MDR
4445,[151494042],41.47885166956521,-6.415818452173914,Miranda do Douro,MDR
4446,[151501061],39.46489085789474,-8.549680594736843,Torres Novas,TNV
4447,[151504854],41.501016410000005,-6.279866785,Miranda do Douro,MDR
4448,"[151510342, 541311154]",39.35316103888889,-8.528457472222222,Golegã,GLG
4449,"[151515787, 1536825811, 1536825812, 1536825813, 1536825814, 1536825815]",41.216642004545456,-8.584688090909092,Maia,MAI
4450,[151516252],41.129544143749996,-8.6200797375,Vila Nova de Gaia,VNG
4451,[151517218],39.179814854166665,-8.85191175,Azambuja,AZB
4452,"[151530777, 1070323197]",39.5519036,-8.976331657894736,Alcobaça,ACB
4453,[151543394],39.545129534615384,-8.967836892307693,Alcobaça,ACB
4454,"[151578540, 1082370917, 1082370918, 1082370919]",41.09144490999999,-8.653429105,Vila Nova de Gaia,VNG
4455,"[151578541, 1472453940, 1472453941]",41.06777632272727,-8.64323470909091,Vila Nova de Gaia,VNG
4456,"[151578542, 1082370928, 1082370929, 1082370930]",41.08094361875,-8.651932537499999,Vila Nova de Gaia,VNG
4457,"[151578545, 1467356759, 1467356760, 1467390401, 1467390402]",41.084315727272724,-8.633684527272727,Vila Nova de Gaia,VNG
4458,"[151578546, 1467356754, 1467356755, 1468060103]",41.067649855,-8.652386995,Vila Nova de Gaia,VNG
4459,"[151578628, 1472385544, 1472385545, 1472453948]",41.07188725,-8.640778324999998,Vila Nova de Gaia,VNG
4460,"[151595725, 1528311011]",40.502176040909085,-7.913176577272727,Nelas,NLS
4461,"[151612415, 1081318103]",38.624595671875,-9.189872537500001,Almada,ALM
4462,"[151612416, 1081314382, 1081318104, 1081318105]",38.62354639642857,-9.191228142857144,Almada,ALM
4463,"[151621106, 1016428784, 1016430174, 1016430175]",38.61562310625,-9.174581153125,Almada,ALM
4464,"[151648910, 875423214, 875423215]",40.21712732941177,-8.263282629411764,Vila Nova de Poiares,PRS
4465,"[151653829, 1331453726, 1331453727, 1331453742, 1339145671, 1339145680]",38.835578077272714,-9.102374559090908,Loures,LRS
4466,[151655925],40.21409014444445,-8.264671155555554,Vila Nova de Poiares,PRS
4467,"[151660814, 875423210, 875423211]",40.20691731666667,-8.250534944444446,Vila Nova de Poiares,PRS
4468,[151687618],40.75638539047619,-8.575404647619047,Estarreja,ETR
4469,"[151689284, 501153254, 501153257, 501153261]",40.77566976000001,-8.692686779999999,Murtosa,MRS
4470,"[151689285, 501153240, 501153243, 501153247]",40.78229113333333,-8.68803028095238,Murtosa,MRS
4471,"[151689286, 501153218, 501153221, 501153223, 501153226, 501153229, 501153232]",40.78821291904761,-8.679842366666666,Murtosa,MRS
4472,[151723768],40.74626346086956,-8.542942734782608,Estarreja,ETR
4473,"[151723773, 1151205678, 1151205679, 1151205680, 1151205681]",40.742662155555564,-8.545752266666666,Estarreja,ETR
4474,[151727971],40.74635107727272,-8.540232722727271,Estarreja,ETR
4475,"[151729260, 687031399, 687031400, 1329981459, 1329981460]",40.94144448750001,-8.64473875,Ovar,OVR
4476,"[151729262, 1428644376, 1428644377]",41.00844970869565,-8.634222891304347,Espinho,ESP
4477,"[151730469, 940248886, 940248887, 940248888]",38.81932180666667,-9.148506713333335,Loures,LRS
4478,"[151730488, 940248881, 940248882, 940248883, 940248884, 940248885]",38.81724761818181,-9.150034704545455,Loures,LRS
4479,"[151733485, 952105128, 952105129, 952105130, 1009487203, 1391015457]",38.814928542105264,-9.148573726315792,Loures,LRS
4480,[151745178],39.145253268965526,-8.901900499999998,Azambuja,AZB
4481,[151755884],39.23198611666666,-8.703206633333332,Santarém,STR
4482,[151765011],39.60953305789474,-9.070820447368424,Nazaré,NZR
4483,"[151770018, 1050522395, 1463235040, 1463235041]",37.118364633333336,-8.35074510952381,Silves,SLV
4484,"[151772227, 1054260415, 1463235054, 1463235055]",37.12674858,-8.401958252,Lagoa,LGA
4485,[151806080],38.831666133333336,-9.101728058333332,Loures,LRS
4486,"[151842077, 1545847005]",40.873805748,-8.666324688,Ovar,OVR
4487,"[151848503, 495223169, 495223170, 495223171, 495223172, 495223173]",40.87517609375,-8.63918155,Ovar,OVR
4488,"[151848504, 495223182, 495223183, 495223184, 495223185, 496651021, 496651025, 496651028, 1557712592]",40.877773780952374,-8.633060923809524,Ovar,OVR
4489,"[151848563, 495223167]",40.874371175,-8.634881737499999,Ovar,OVR
4490,"[151849123, 496651032, 496651036, 499169846, 499169847, 499169848, 499169849, 499169850]",40.879464925,-8.62084586875,Ovar,OVR
4491,"[151851460, 1545846984, 1545846997, 1545846998, 1545846999, 1547045166]",40.879779859375006,-8.61755896875,Ovar,OVR
4492,"[151851465, 495259422, 495259423, 495259424, 495259425, 495259426, 495259427, 495259428]",40.86736821333333,-8.61890965,Ovar,OVR
4493,"[151851466, 495259413, 495259414, 495259415, 1557708545]",40.87168435294118,-8.623804205882355,Ovar,OVR
4494,"[151851467, 495259416, 495259417, 495259418, 1329666876]",40.8706585125,-8.6242514625,Ovar,OVR
4495,"[151851468, 495259419, 495259420, 495259421, 1345361608]",40.86874348333334,-8.625061455555556,Ovar,OVR
4496,[151880107],40.15443145555555,-8.2441008,Lousã,LSA
4497,"[151887927, 1545846986]",40.852766046875004,-8.601954040625,Ovar,OVR
4498,[151898726],37.513722835,-8.1731635,Almodôvar,ADV
4499,"[151905845, 836258367]",40.259028115,-7.507528904999999,Covilhã,CVL
4500,"[151905860, 1016502415, 1016504208, 1016504209, 1024716603, 1024720124]",38.641577005,-9.160806619999999,Seixal,SXL
4501,"[151905877, 1013807093, 1013834876, 1013834877, 1016502416, 1016504207]",38.64151280952381,-9.157121323809523,Seixal,SXL
4502,[151907546],38.64807280714286,-9.155436846428572,Almada,ALM
4503,[151907548],38.64988895454546,-9.153622731818182,Almada,ALM
4504,"[151909964, 1013414768, 1081620232]",38.653023211111105,-9.16610028888889,Almada,ALM
4505,"[151912001, 1016467339]",38.633827457894746,-9.170798668421053,Seixal,SXL
4506,[151933375],41.1769856875,-7.04182881875,Torre de Moncorvo,TMC
4507,[151933390],41.17478619523809,-7.047630047619048,Torre de Moncorvo,TMC
4508,[151933406],41.17447286190476,-7.048964266666667,Torre de Moncorvo,TMC
4509,"[152010056, 940248870, 940248871, 940248872, 940248873, 940248874, 940248875]",38.82249289000001,-9.122369515,Loures,LRS
4510,[152051949],40.775064566666664,-8.588747212500001,Estarreja,ETR
4511,"[152084972, 158885566, 166466020, 166466024, 1013414723, 1013414724, 1013414744, 1013414745, 1417282431]",38.63091227567568,-9.194826443243244,Almada,ALM
4512,[152122331],41.5703933,-6.993695580000001,Macedo de Cavaleiros,MCD
4513,"[152179131, 1499347919, 1499347920]",40.736466160000006,-8.639094775,Murtosa,MRS
4514,[152179135],40.747594209999995,-8.649210159999999,Murtosa,MRS
4515,[152189725],41.190772031818184,-8.586288618181818,Maia,MAI
4516,[152189733],41.193434229999994,-8.584658935,Maia,MAI
4517,[152191053],40.64602258,-8.72909414,Ílhavo,ILH
4518,[152191054],40.65195804375,-8.703675725,Ílhavo,ILH
4519,"[152191055, 1544841287, 1544841288, 1544841289]",40.64516976428571,-8.730931485714285,Ílhavo,ILH
4520,[152191057],40.651038678571425,-8.705212282142856,Ílhavo,ILH
4521,[152191619],39.141774500000004,-8.525645594736842,Almeirim,ALR
4522,"[152193198, 1049570798, 1049570799, 1049570800]",38.727506555000005,-9.149122769999998,Lisboa,LSB
4523,[152194235],39.608292792,-8.985935956,Alcobaça,ACB
4524,[152194257],39.60536602727272,-8.985551359090909,Alcobaça,ACB
4525,[152194276],39.60838278636363,-8.984779068181817,Alcobaça,ACB
4526,[152194286],39.72670066,-9.042004590000001,Alcobaça,ACB
4527,"[152197244, 1337997957, 1337997958]",38.85943027,-9.080602279999999,Vila Franca de Xira,VFX
4528,"[152202443, 986054165, 986054166, 986054167, 986054168, 986054169]",38.835594705555565,-9.187092988888889,Loures,LRS
4529,"[152205030, 1338719892, 1338719893, 1338719894, 1338719895, 1338719896, 1338719897, 1338719898]",40.655907110344835,-7.924549520689654,Viseu,VIS
4530,"[152205031, 1338719899, 1338719900, 1338719901, 1338719902, 1338719903, 1338719904, 1338719905, 1338719906]",40.65491672272727,-7.925872231818183,Viseu,VIS
4531,[152213728],40.656243442857146,-8.722439064285716,Ílhavo,ILH
4532,[152213730],40.6665809,-8.615919329999999,Aveiro,AVR
4533,[152213733],40.60542629545454,-8.663011577272728,Ílhavo,ILH
4534,[152213734],40.607165804761905,-8.674046223809526,Ílhavo,ILH
4535,"[152213737, 1055219856, 1055219857]",40.61000894000001,-8.666520886666666,Ílhavo,ILH
4536,[152213741],40.637073199999996,-8.67193105,Aveiro,AVR
4537,[152213742],40.6408342904762,-8.69590181904762,Ílhavo,ILH
4538,[152213744],40.66256348666666,-8.6188683,Aveiro,AVR
4539,[152213746],40.604030457142855,-8.665262864285713,Ílhavo,ILH
4540,[152213750],40.635602000000006,-8.68166441875,Aveiro,AVR
4541,"[152213786, 1545828593, 1545828601]",40.63235073571429,-8.689941010714286,Ílhavo,ILH
4542,"[152213787, 1544670210, 1544670211, 1544670219]",40.66381863448275,-8.611263272413792,Aveiro,AVR
4543,"[152213788, 1545828592]",40.6359648,-8.692360544827586,Ílhavo,ILH
4544,"[152216668, 1544628494]",40.670400965,-8.617976959999998,Aveiro,AVR
4545,"[152220078, 1544628490, 1544628491, 1544628492, 1544628493]",40.654234226086956,-8.623368099999999,Aveiro,AVR
4546,"[152244738, 1013435007, 1013435008, 1013435009, 1387356981]",38.66754687647058,-9.19171745882353,Almada,ALM
4547,[152244741],39.48324459473684,-8.357005684210526,Vila Nova da Barquinha,VNB
4548,[152246490],40.64280993333334,-8.718073214285717,Ílhavo,ILH
4549,[152247600],41.26457291904761,-7.087281347619047,Torre de Moncorvo,TMC
4550,[152247603],41.57303492272728,-6.990831372727271,Macedo de Cavaleiros,MCD
4551,[152247613],41.265702391176475,-7.0858441441176465,Torre de Moncorvo,TMC
4552,[152263178],41.573118475,-6.987363725,Macedo de Cavaleiros,MCD
4553,"[152278358, 1544674268, 1544674269, 1544674270, 1544674271, 1544674272]",40.6406077047619,-8.640301276190476,Aveiro,AVR
4554,[152278359],40.632579994736844,-8.7161568,Ílhavo,ILH
4555,[152280560],40.61614403,-8.608626625,Aveiro,AVR
4556,"[152280561, 791160563, 791160566, 791160567, 1312446722, 1544841303]",40.63865291724137,-8.640913520689654,Aveiro,AVR
4557,"[152280564, 1544674273, 1544674274, 1544674275]",40.635236010344826,-8.6349585,Aveiro,AVR
4558,"[152320353, 622372183, 991280453, 991280454, 992494141]",38.696051182352946,-9.430249552941177,Cascais,CSC
4559,"[152321081, 1303706054, 1303706055]",41.18877122857143,-8.577529957142858,Gondomar,GDM
4560,"[152333907, 1026749222, 1070289056, 1070289059]",41.326552299999996,-7.626695608695652,Vila Real,VRL
4561,"[152333916, 1026749223, 1070289061, 1070289064]",41.32739794761905,-7.627880876190476,Vila Real,VRL
4562,[152348586],40.54254622380953,-8.558028161904762,Oliveira do Bairro,OBR
4563,[152348587],40.542699000000006,-8.533869473913043,Oliveira do Bairro,OBR
4564,[152348588],40.554993412500004,-8.55529516875,Oliveira do Bairro,OBR
4565,"[152348589, 1347998389, 1347998390, 1350349232]",40.62153278181818,-8.5070227,Albergaria-a-Velha,ALB
4566,[152348590],40.483426684,-8.477786643999998,Anadia,AND
4567,[152348591],40.480947790909084,-8.47936858181818,Anadia,AND
4568,[152348592],40.58753168125,-8.60802076875,Aveiro,AVR
4569,[152348594],40.482013404545455,-8.483961427272726,Anadia,AND
4570,[152348595],40.62089210499999,-8.600857539999998,Aveiro,AVR
4571,[152349081],41.769593442857136,-6.7673546999999985,Bragança,BGC
4572,[152349105],41.79372225,-6.72439201,Bragança,BGC
4573,[152349110],41.771498300000005,-6.760438535000001,Bragança,BGC
4574,"[152412870, 900542109, 900542110, 900542111]",39.89352005909091,-8.283200854545454,Figueiró dos Vinhos,FVN
4575,[152443988],40.46785700909091,-8.464635818181817,Anadia,AND
4576,[152443990],40.425587255555556,-8.46309331111111,Anadia,AND
4577,[152456698],39.31390809545455,-8.918626999999999,Rio Maior,RMR
4578,[152480157],40.275681225,-7.476364559999999,Covilhã,CVL
4579,"[152482086, 1297412337, 1297423924, 1297423925, 1425289919]",41.16354664000001,-7.7887606049999984,Peso da Régua,PRG
4580,"[152488608, 1297423926]",41.165336440000004,-7.792175804999999,Peso da Régua,PRG
4581,[152490061],41.55997844,-8.77517214,Esposende,EPS
4582,"[152618126, 1135289857, 1135289858, 1135289859, 1135289860, 1135289861, 1303513434]",41.18402500384615,-8.576960526923077,Gondomar,GDM
4583,"[152618130, 1135289856]",41.184853252380954,-8.579110576190477,Gondomar,GDM
4584,"[152620725, 1556748467, 1556748468, 1556748469]",40.37225901363637,-8.450952031818181,Mealhada,MLD
4585,[152620728],40.28820117272728,-8.424073813636364,Coimbra,CBR
4586,[152620731],40.28786708181819,-8.42328406818182,Coimbra,CBR
4587,[152620733],40.337613045,-8.43392037,Mealhada,MLD
4588,"[152640542, 744795738, 744795739, 744795746, 1339145693, 1339145696]",38.79561706470588,-9.098239464705884,Lisboa,LSB
4589,"[152640960, 744795743]",38.79451124285714,-9.102472247619048,Loures,LRS
4590,"[152640967, 744795744, 1331422051]",38.79430181666666,-9.100506966666666,Loures,LRS
4591,[152643259],38.70431117142857,-9.46749419047619,Cascais,CSC
4592,"[152646232, 952105134, 952105135, 952105136, 1337179142, 1337179146]",38.79087164782609,-9.163066860869566,Odivelas,ODV
4593,[152724770],38.60134874090909,-9.131043290909089,Seixal,SXL
4594,"[152724771, 1159983709, 1235476430]",38.603622132,-9.129620172,Seixal,SXL
4595,[152731820],40.279600845,-7.49557516,Covilhã,CVL
4596,"[152733906, 938607376, 938607377, 938607378, 938607379, 938607380, 1235860121, 1345294954]",38.90942357083333,-9.194782912500001,Mafra,MFR
4597,[152746599],40.14121357272729,-7.497323881818182,Fundão,FND
4598,"[152746607, 628957234, 1149297311, 1149297312, 1149297313, 1149297314]",40.1343471909091,-7.498572786363635,Fundão,FND
4599,"[152746609, 456661062, 739793646, 1149297315, 1149297316]",40.13358363333334,-7.494691866666667,Fundão,FND
4600,[152748520],41.53411660476191,-8.72373988095238,Barcelos,BCL
4601,"[152752155, 1328095465, 1328095466, 1328095467, 1328095468, 1328095469]",40.235175195454545,-8.434103918181817,Coimbra,CBR
4602,"[152804068, 1230042025, 1230042027, 1230042029]",38.714911786363636,-9.30835995909091,Oeiras,OER
4603,"[152804105, 1230042028, 1235876204, 1237257157, 1278203952, 1307092076]",38.71385872272728,-9.311647749999999,Oeiras,OER
4604,"[152827372, 1271342117, 1271342118, 1271342141]",38.59357110909091,-9.054112940909091,Seixal,SXL
4605,[152957482],40.198599,-8.507635479166666,Coimbra,CBR
4606,[152957483],40.18109839411765,-8.442423535294116,Coimbra,CBR
4607,[152957484],40.182021377272726,-8.448619618181818,Coimbra,CBR
4608,[153006434],39.73479305263159,-8.820899810526315,Leiria,LRA
4609,[153011808],38.84776315263158,-9.091708973684211,Loures,LRS
4610,[153232669],39.19810672222222,-9.244326244444446,Torres Vedras,TVD
4611,[153232687],39.19082211818182,-9.242246863636366,Torres Vedras,TVD
4612,[153325726],39.23598187222222,-8.702653561111111,Santarém,STR
4613,[153464377],38.9885035375,-8.2910564,Coruche,CCH
4614,[153582720],39.55708717272727,-7.994307222727273,Mação,MAC
4615,[153582725],39.55714572608696,-7.998636239130433,Mação,MAC
4616,"[153646513, 899069679, 899069680, 899069681, 899464787]",39.914195156521735,-8.631553921739131,Pombal,PBL
4617,"[153646515, 899069682, 899069683, 899069684]",39.91380942727273,-8.634861645454546,Pombal,PBL
4618,[153684945],38.98166045,-9.278177172222222,Mafra,MFR
4619,[153689805],39.54745645555555,-8.003632311111112,Mação,MAC
4620,"[153692631, 1016428785, 1016430172, 1016430173]",38.61691423333333,-9.17379784761905,Seixal,SXL
4621,"[153697140, 1083706488, 1083722978, 1083722979]",38.60155519090909,-9.110438799999999,Seixal,SXL
4622,"[153697157, 1083706487]",38.60287947727273,-9.110169022727273,Seixal,SXL
4623,[153762905],37.925831800000005,-7.414662999999999,Serpa,SRP
4624,[153773189],39.260641799999995,-8.703067717391304,Santarém,STR
4625,[153774273],39.25869329545454,-8.705156636363634,Santarém,STR
4626,[153800460],39.263847431818185,-8.718490863636365,Santarém,STR
4627,[153801418],37.5761176409091,-8.66676394090909,Odemira,ODM
4628,[153801431],37.573217477777774,-8.664413761111112,Odemira,ODM
4629,[153822924],39.30756560434783,-8.91538652173913,Rio Maior,RMR
4630,[153879360],37.701790821428574,-8.079415392857141,Castro Verde,CVR
4631,"[153954942, 743361533, 743361534, 743361535, 743361536, 743361538]",39.72064942608695,-8.617691513043479,Ourém,ORM
4632,[153992046],38.58445329166667,-9.147826545833334,Seixal,SXL
4633,[153992069],38.58309026,-9.144626225,Seixal,SXL
4634,[153992077],38.58491975555555,-9.144641122222222,Seixal,SXL
4635,[153992084],38.58430353999999,-9.146962145,Seixal,SXL
4636,[153992089],38.58308380555556,-9.146410949999998,Seixal,SXL
4637,"[153992091, 1090881971, 1235476439, 1235476440]",38.588704414999995,-9.151062170000001,Seixal,SXL
4638,"[154101036, 1278776807, 1278776808]",39.445177590476185,-8.647245366666667,Alcanena,ACN
4639,"[154155427, 1017819765, 1018249531]",38.60914367058824,-9.094007976470587,Seixal,SXL
4640,"[154155440, 1016746081]",38.60030786666667,-9.096281290476192,Seixal,SXL
4641,[154156377],39.49384870434782,-8.441100973913043,Vila Nova da Barquinha,VNB
4642,[154156455],39.48163103043478,-8.472108156521738,Entroncamento,ENT
4643,[154156456],39.52481261052632,-8.470179636842104,Torres Novas,TNV
4644,[154156457],39.499466909999995,-8.429090005,Vila Nova da Barquinha,VNB
4645,[154156458],39.484891372727276,-8.470235072727274,Entroncamento,ENT
4646,[154156459],39.50072624736842,-8.425758589473684,Vila Nova da Barquinha,VNB
4647,[154156460],39.499489600000004,-8.434267573684211,Vila Nova da Barquinha,VNB
4648,[154162062],38.63405993181818,-9.230399254545453,Almada,ALM
4649,"[154162063, 1080893951]",38.637887875,-9.233529155000001,Almada,ALM
4650,[154235218],41.512189389999996,-7.182550265000001,Mirandela,MDL
4651,[154235227],41.47610564571428,-7.220525845714286,Mirandela,MDL
4652,[154235229],41.47788478857143,-7.222480642857143,Mirandela,MDL
4653,[154235232],41.51098297777778,-7.1805349666666665,Mirandela,MDL
4654,[154250308],40.621704895,-8.43500011,Águeda,AGD
4655,[154250310],40.62541808499999,-8.439528430000001,Águeda,AGD
4656,[154278715],41.60255292727273,-7.308311095454545,Valpaços,VLP
4657,[154300153],39.46393991875,-8.4703885,Entroncamento,ENT
4658,[154300155],39.45898717727273,-8.46481333181818,Entroncamento,ENT
4659,[154300158],39.473076505882354,-8.48492055882353,Entroncamento,ENT
4660,[154300160],39.465089157142856,-8.472148842857143,Entroncamento,ENT
4661,[154300163],39.4632426,-8.4622458,Entroncamento,ENT
4662,[154300165],39.47615247619048,-8.468111485714283,Entroncamento,ENT
4663,[154300167],39.465868449999995,-8.47030415625,Entroncamento,ENT
4664,[154300170],39.47243803461539,-8.485730865384616,Entroncamento,ENT
4665,[154300172],39.47250841428571,-8.467768057142857,Entroncamento,ENT
4666,[154300174],39.461188033333336,-8.464887666666668,Entroncamento,ENT
4667,[154300177],39.454867699999994,-8.470038975,Entroncamento,ENT
4668,[154300180],39.47390008235294,-8.486052694117646,Entroncamento,ENT
4669,[154300182],39.4654610375,-8.47169925,Entroncamento,ENT
4670,[154300185],39.456768604761905,-8.464722228571429,Entroncamento,ENT
4671,[154300189],39.4533465047619,-8.4738539,Entroncamento,ENT
4672,[154300193],39.453898450000004,-8.472961045454545,Entroncamento,ENT
4673,[154300565],39.47090430000001,-8.484956847368421,Entroncamento,ENT
4674,[154300572],39.47290824705882,-8.487851470588236,Entroncamento,ENT
4675,[154325549],39.468071640909095,-8.548568922727274,Torres Novas,TNV
4676,[154325558],39.46595177,-8.548987780000001,Torres Novas,TNV
4677,[154327305],39.47366842142858,-8.55276707857143,Torres Novas,TNV
4678,[154327310],39.47561467727274,-8.580861413636363,Torres Novas,TNV
4679,"[154335370, 1349970623, 1412601587, 1412601588]",41.094535612499996,-8.5501331875,Vila Nova de Gaia,VNG
4680,[154335674],41.45402494166667,-8.547387625,Barcelos,BCL
4681,"[154336321, 1561127098, 1561127099, 1561127100, 1561127101]",41.51141993809523,-7.992627752380953,Cabeceiras de Basto,CBC
4682,"[154339822, 1561127094, 1561127095, 1561127096, 1561127097]",41.51105745294118,-7.990162135294118,Cabeceiras de Basto,CBC
4683,[154340748],41.45498910526315,-8.54534817894737,Vila Nova de Famalicão,VNF
4684,[154357647],40.165870385714285,-7.173095499999999,Penamacor,PNC
4685,[154357654],40.164180445000014,-7.184343570000001,Penamacor,PNC
4686,[154357658],40.165700195238095,-7.177112185714286,Penamacor,PNC
4687,[154368819],38.02140478125,-8.68927161875,Santiago do Cacém,STC
4688,[154368851],38.02092143529411,-8.690487264705883,Santiago do Cacém,STC
4689,[154368869],38.021362294117644,-8.692011658823528,Santiago do Cacém,STC
4690,[154368899],38.021335210000004,-8.69330075,Santiago do Cacém,STC
4691,[154549303],39.102757874999995,-9.344845209999999,Torres Vedras,TVD
4692,[154568270],41.81057998399999,-8.854432344,Caminha,CMN
4693,[154608203],41.814592215000005,-8.862140264999999,Caminha,CMN
4694,"[154678769, 1561127102, 1561127103, 1561127104, 1561127105]",41.515361911111114,-7.991538988888889,Cabeceiras de Basto,CBC
4695,[154716100],39.257422935294116,-8.691283552941178,Santarém,STR
4696,[154721216],39.321463190476194,-8.9367158,Rio Maior,RMR
4697,"[154739798, 1378682504, 1473298669]",40.90244181304348,-8.495589039130437,São João da Madeira,SJM
4698,"[154751114, 1289406048, 1391027501, 1391027502]",38.810322533333334,-9.168897485714286,Loures,LRS
4699,"[154756952, 1361115039, 1361115040, 1460834332, 1460834333]",40.8901837962963,-8.49253372962963,São João da Madeira,SJM
4700,[154761357],38.852010564705886,-8.709593717647058,Benavente,BNV
4701,[154804079],41.451627472727274,-8.19388835,Fafe,FAF
4702,[154821453],39.234060943749995,-8.70279176875,Santarém,STR
4703,"[154861437, 1346657232, 1346657233]",40.849060755000004,-8.396288175,Vale de Cambra,VLC
4704,"[154861443, 1346657226, 1346657227, 1346657228, 1346657229, 1372981068, 1372983899]",40.847629738095236,-8.399425333333333,Vale de Cambra,VLC
4705,[154861447],40.8493693125,-8.403117533333335,Vale de Cambra,VLC
4706,[154864684],39.40014508,-8.43403958,Chamusca,CHM
4707,[154915443],41.486428715,-8.352550265000001,Guimarães,GMR
4708,[154961790],41.48864005294118,-8.345477335294119,Guimarães,GMR
4709,[154963069],41.49194372727273,-8.341087877272729,Guimarães,GMR
4710,[154963886],41.50222949047619,-8.336995104761906,Guimarães,GMR
4711,[155067043],40.67259873913044,-7.341692082608695,Celorico da Beira,CLB
4712,[155067044],40.67151274545455,-7.341301200000001,Celorico da Beira,CLB
4713,"[155077346, 541307287, 1370979919]",39.06666953809523,-8.87571852857143,Azambuja,AZB
4714,[155077381],39.036141588235296,-8.929254600000002,Azambuja,AZB
4715,"[155134239, 321639592, 321650893, 1270188851, 1270188854, 1270188855]",41.541824635,-8.401662760000002,Braga,BRG
4716,"[155166318, 1011120067, 1331422069, 1331422074, 1331422075, 1331453723, 1334907449, 1346169022]",38.80071597647059,-9.119326023529412,Loures,LRS
4717,[155167054],41.304400745833334,-7.162643908333333,Vila Flor,VFL
4718,"[155167274, 633291218, 633291219, 940248866, 940248899, 940248900]",38.79187222631579,-9.104175463157896,Loures,LRS
4719,"[155167276, 1013649243, 1013649244, 1013649245, 1326314823, 1326314831]",38.79024815238095,-9.109993866666667,Loures,LRS
4720,"[155167278, 744795741, 940248895, 940248896, 940248897, 940248898]",38.793967352631576,-9.104083342105262,Loures,LRS
4721,"[155173432, 537930391, 1392676710]",39.000866567647066,-8.954271076470588,Vila Franca de Xira,VFX
4722,[155173433],38.99907023157895,-8.95186059473684,Vila Franca de Xira,VFX
4723,"[155173921, 495411093, 641195306, 641195307]",37.65289811052632,-8.792766884210527,Odemira,ODM
4724,"[155190289, 430572662, 448905452, 1235323350, 1235323351, 1335173488]",38.98883088125,-8.972860225000002,Vila Franca de Xira,VFX
4725,[155190290],38.99013767083333,-8.962618404166667,Vila Franca de Xira,VFX
4726,[155190291],38.98597018571429,-8.965551419047618,Vila Franca de Xira,VFX
4727,"[155206355, 1342482810, 1342482811, 1347998381, 1553677317]",40.68388383333333,-8.483292666666665,Albergaria-a-Velha,ALB
4728,"[155206356, 1342482808, 1342482809]",40.682737960000004,-8.482560370000002,Albergaria-a-Velha,ALB
4729,[155226830],39.7493589625,-7.923318429166667,Proença-a-Nova,PNV
4730,"[155294271, 1335151586, 1335151587, 1335151588, 1335173491, 1335173492]",38.94503733181818,-8.99559590909091,Vila Franca de Xira,VFX
4731,"[155294272, 1335173489, 1335173490, 1335173493]",38.94551798636363,-8.996448031818183,Vila Franca de Xira,VFX
4732,"[155294273, 1335151562, 1337998122, 1337998124]",38.929120733333335,-9.010744876190476,Vila Franca de Xira,VFX
4733,"[155326058, 1165231860, 1165231861, 1165231862, 1165231863, 1165231864, 1165231865]",39.824222412,-7.4789125720000005,Castelo Branco,CTB
4734,[155326151],41.618277209090905,-8.757591881818183,Viana do Castelo,VCT
4735,[155362089],40.74492761578947,-8.496919547368423,Albergaria-a-Velha,ALB
4736,[155362632],39.803898347619054,-7.512787338095238,Castelo Branco,CTB
4737,"[155428324, 537930419, 1001267317, 1001267332, 1001267333, 1001267334, 1001267335, 1331383569, 1331383587]",38.86640411111111,-9.059766488888888,Vila Franca de Xira,VFX
4738,[155475836],38.79493688947368,-9.174128126315788,Odivelas,ODV
4739,[155585946],40.41553968461539,-7.714359676923079,Seia,SEI
4740,"[155585964, 740252831]",40.40963026818182,-7.706943018181818,Seia,SEI
4741,[155585978],40.41370337777778,-7.714824266666666,Seia,SEI
4742,"[155604010, 155604013, 155604017, 155604022, 1349970651, 1349970652]",41.05495017142857,-7.16874452,Vila Nova de Foz Côa,VLF
4743,"[155636102, 1327513575, 1327513576, 1327513577, 1327513578, 1327513579, 1328756359, 1328756360, 1328756361, 1500923906, 1500923907]",40.20970497,-8.444364216666667,Coimbra,CBR
4744,"[155636118, 1331635164, 1331635165, 1331635166]",40.212694119047626,-8.4445412,Coimbra,CBR
4745,[155641573],40.2093094631579,-8.468640063157896,Coimbra,CBR
4746,[155647523],40.213739631578946,-8.435197715789474,Coimbra,CBR
4747,[155716001],38.83905919473684,-7.577435547368421,Estremoz,ETZ
4748,[155716003],38.838151513043485,-7.5790738260869555,Estremoz,ETZ
4749,[155728358],40.05420591714286,-8.870895888571429,Figueira da Foz,FIG
4750,"[155870227, 1275395500, 1330475064, 1330475092, 1330475093]",38.641325452000004,-9.093568556000001,Seixal,SXL
4751,"[155870232, 1021537309, 1275395503]",38.64534816470589,-9.0951381,Seixal,SXL
4752,"[155870237, 1330475096]",38.644162754999996,-9.091451215,Seixal,SXL
4753,"[155870238, 1275395502, 1330475097]",38.6449406125,-9.093773525,Seixal,SXL
4754,"[155870243, 1275395501]",38.642887813636364,-9.093415490909091,Seixal,SXL
4755,"[155874355, 1021537314, 1021556535, 1021556536, 1064849969, 1235476422]",38.631211195000006,-9.105330195,Seixal,SXL
4756,[155906985],41.813152800000005,-8.859285573333333,Caminha,CMN
4757,[156235749],41.17887271764706,-8.557261288235294,Gondomar,GDM
4758,"[156240036, 741799709, 747471009, 747471010, 1028336247]",41.173105843478254,-8.54667584347826,Gondomar,GDM
4759,[156256667],41.338124060869575,-8.218371286956522,Felgueiras,FLG
4760,[156256674],41.33129234285715,-8.221956933333333,Felgueiras,FLG
4761,[156256690],41.34344825217391,-8.218609860869565,Felgueiras,FLG
4762,[156256695],41.349272163636364,-8.190736045454546,Felgueiras,FLG
4763,[156256700],41.34899093181818,-8.187589336363637,Felgueiras,FLG
4764,[156256714],41.35184380322581,-8.18018538064516,Felgueiras,FLG
4765,[156256728],41.336993012499995,-8.218434729166665,Felgueiras,FLG
4766,[156256729],41.349378238095234,-8.193225799999999,Felgueiras,FLG
4767,"[156262937, 986723700, 986723701, 986723702, 986723704, 1338774610]",38.4359963125,-9.115576404166665,Sesimbra,SSB
4768,"[156316822, 1025048528, 1070095116, 1235792214, 1235792215, 1235792216, 1235792217]",38.52520505263158,-8.898493684210527,Setúbal,STB
4769,[156346525],41.378041105,-8.543610445,Vila Nova de Famalicão,VNF
4770,"[156346526, 1498280982]",41.41665583333334,-8.522687361904762,Vila Nova de Famalicão,VNF
4771,[156421806],40.75215894166667,-7.7359853124999995,Sátão,SAT
4772,[156513924],41.1867886,-8.493662236842104,Valongo,VLG
4773,"[156513926, 1277915931, 1277915932, 1278625312, 1278625313]",41.20210470909091,-8.506590059090907,Valongo,VLG
4774,"[156514117, 738998848, 738998849, 738998850, 741799705, 747183979, 1441704663, 1441724895]",41.194240412499994,-8.5174568875,Valongo,VLG
4775,"[156514120, 1279761265, 1279761266, 1279761267, 1279761268]",41.20665955,-8.510413071875,Valongo,VLG
4776,"[156514135, 738998851, 741799704, 743533001, 743533002, 747183980]",41.19120299375,-8.50997018125,Valongo,VLG
4777,"[156514143, 1208337192, 1208337193, 1208344472, 1288764604, 1288767464]",41.19304659687499,-8.503607840625,Valongo,VLG
4778,[156514258],41.20864805789474,-8.51662382631579,Valongo,VLG
4779,[156514260],41.19650001000001,-8.515660125,Valongo,VLG
4780,"[156571027, 1297412319, 1297412320, 1297412321, 1297423933]",41.16744629565218,-7.797433208695652,Peso da Régua,PRG
4781,"[156596898, 1020200387, 1274977151, 1274977152, 1356513976, 1356513983]",38.631074335294116,-8.738317858823528,Palmela,PLM
4782,[156640036],41.164633845454546,-7.8004642136363636,Peso da Régua,PRG
4783,[156643422],38.640214078947366,-9.095394689473684,Seixal,SXL
4784,"[156649623, 1493804023]",41.20896716666667,-7.7848407476190475,Santa Marta de Penaguião,SMP
4785,[156818058],37.086590025,-8.678000090000001,Lagos,LGS
4786,[156822634],37.02316583333334,-8.925178794444445,Vila do Bispo,VBP
4787,"[156863848, 1456556766]",40.533425715,-7.8539335249999995,Nelas,NLS
4788,[156868406],40.33571670434782,-8.631303921739129,Cantanhede,CNT
4789,[156869100],40.335573476190476,-8.651932376190475,Cantanhede,CNT
4790,[156870359],40.33359023913043,-8.656333386956522,Cantanhede,CNT
4791,[156870736],40.32871998571429,-8.66310969047619,Cantanhede,CNT
4792,[156871406],40.32599790869565,-8.668097904347826,Cantanhede,CNT
4793,[156872769],40.32148671363637,-8.690788472727274,Cantanhede,CNT
4794,[156873708],40.3207458652174,-8.695892473913043,Cantanhede,CNT
4795,[156874628],40.32372635263158,-8.70624815263158,Cantanhede,CNT
4796,"[156952257, 1082094551, 1082094552, 1082094553]",41.13048896842105,-8.646013463157896,Vila Nova de Gaia,VNG
4797,"[156952258, 1410381930, 1410381931, 1410388891, 1410388892]",41.13422399200001,-8.652526028,Vila Nova de Gaia,VNG
4798,[157100809],41.58828565,-8.638925735,Barcelos,BCL
4799,[157166096],40.70628445,-8.48315730909091,Albergaria-a-Velha,ALB
4800,[157166113],40.7125315047619,-8.482983576190477,Albergaria-a-Velha,ALB
4801,[157215520],41.191267829411764,-8.385930852941176,Paredes,PRD
4802,[157247191],41.014253181818184,-8.47216756060606,Santa Maria da Feira,VFR
4803,[157270200],41.936943095,-8.74814059,Vila Nova de Cerveira,VNC
4804,[157274395],41.558539631578945,-8.57731074736842,Barcelos,BCL
4805,"[157284995, 1365099476, 1365099477, 1365099485, 1365099486, 1365099487]",38.546442125,-8.862737725,Setúbal,STB
4806,[157366774],41.514357504761904,-8.513353095238095,Barcelos,BCL
4807,[157379009],41.50192477272728,-7.639504422727273,Vila Pouca de Aguiar,VPA
4808,[157379082],41.501791181250006,-7.79511579375,Ribeira de Pena,RPN
4809,[157379085],41.501253745,-7.797566584999998,Ribeira de Pena,RPN
4810,[157379086],41.50034112352941,-7.703888911764705,Vila Pouca de Aguiar,VPA
4811,[157379087],41.50114261818182,-7.640719522727273,Vila Pouca de Aguiar,VPA
4812,"[157380113, 317648270, 317648272, 317648277]",41.53197628857142,-8.472202442857142,Braga,BRG
4813,[157380813],41.517686742307696,-7.794351765384617,Ribeira de Pena,RPN
4814,[157380832],41.495037014285714,-7.645173685714284,Vila Pouca de Aguiar,VPA
4815,[157380836],41.4784281904762,-7.955524557142856,Cabeceiras de Basto,CBC
4816,[157380845],41.480907182608696,-7.973627843478262,Cabeceiras de Basto,CBC
4817,[157380847],41.480348595833334,-7.975237904166666,Cabeceiras de Basto,CBC
4818,"[157380869, 734014889]",41.410527,-7.9516904375,Mondim de Basto,MDB
4819,[157380870],41.5036877368421,-7.6376393842105275,Vila Pouca de Aguiar,VPA
4820,"[157380872, 790862043, 790862044, 790862045, 790862046]",41.50121606818181,-7.646199013636363,Vila Pouca de Aguiar,VPA
4821,"[157380875, 1193701276, 1288731422]",41.409334385,-7.95617771,Mondim de Basto,MDB
4822,[157380877],41.50301141764706,-7.803090847058822,Ribeira de Pena,RPN
4823,[157381074],41.48750804090909,-7.962782472727272,Cabeceiras de Basto,CBC
4824,[157384458],41.5085907375,-7.6377591625,Vila Pouca de Aguiar,VPA
4825,"[157384534, 1348736100, 1348736101]",41.331299873684216,-7.630162157894738,Vila Real,VRL
4826,[157406981],39.487716304545444,-8.289990422727273,Constância,CNS
4827,[157406985],39.48290033333334,-8.288969233333333,Constância,CNS
4828,[157406996],39.48535641818182,-8.2895809,Constância,CNS
4829,[157407001],39.487612137499994,-8.2875349125,Constância,CNS
4830,"[157420059, 1467263962, 1467263963, 1467319766, 1467319767]",41.05947193636364,-8.5546734,Vila Nova de Gaia,VNG
4831,"[157471048, 1411985781, 1411985782, 1467263964, 1467263965]",41.06268527407407,-8.55862038148148,Vila Nova de Gaia,VNG
4832,"[157472448, 1354711565, 1354769255, 1354769256, 1354773619, 1368138904]",41.05703396956521,-8.56711307826087,Vila Nova de Gaia,VNG
4833,"[157477474, 1270462938, 1298894692, 1298894693, 1355509186, 1362897913, 1362897914, 1365427022]",38.645963063636366,-8.991601990909091,Moita,MTA
4834,"[157477478, 1270462937, 1355504608, 1355504609, 1355509197, 1362897915, 1362897916]",38.6474873,-8.986326263157894,Moita,MTA
4835,[157521026],41.4421637625,-8.310503462500002,Guimarães,GMR
4836,[157533267],40.33462399375,-7.33279824375,Belmonte,BMT
4837,"[157545290, 628976414]",40.363211514285716,-7.345171680952381,Belmonte,BMT
4838,[157587031],40.08990353499999,-8.333571269999998,Miranda do Corvo,MCV
4839,[157605416],38.27753622352942,-7.532026135294118,Portel,PRL
4840,"[157618953, 1412300497, 1412300498, 1467254855]",41.07122570000001,-8.569325095652173,Vila Nova de Gaia,VNG
4841,"[157618961, 1467254856, 1467254857, 1483772523]",41.07784869411765,-8.56978938235294,Vila Nova de Gaia,VNG
4842,[157714214],40.1111464125,-8.491904729166668,Condeixa-a-Nova,CDN
4843,[157714215],40.11882232727273,-8.49525141818182,Condeixa-a-Nova,CDN
4844,"[157714216, 699521990, 1367423134, 1367423135]",40.10769202352941,-8.492844523529412,Condeixa-a-Nova,CDN
4845,"[157714218, 699521988]",40.113213699999996,-8.492439176190477,Condeixa-a-Nova,CDN
4846,[157719499],40.21754497894737,-8.564397852631581,Coimbra,CBR
4847,"[157747275, 1019756707, 1019756708, 1498254342]",40.11038006956522,-8.637502556521738,Soure,SRE
4848,"[157919528, 157919534, 157919538, 157919541, 1285367880, 1285367881, 1285367925, 1285367926]",38.76595789677419,-9.305915167741937,Sintra,SNT
4849,[158012046],40.331521678125,-8.725544853125001,Cantanhede,CNT
4850,[158014187],40.33659943636364,-8.750298872727273,Cantanhede,CNT
4851,[158016162],40.45712633333334,-8.7037888,Mira,MIR
4852,[158017015],40.41588780869565,-8.703790034782608,Mira,MIR
4853,[158022436],40.454250878260865,-8.779721760869565,Mira,MIR
4854,"[158023041, 1545828597]",40.4555506,-8.79011463478261,Mira,MIR
4855,[158027391],40.45565097368421,-8.801494642105265,Mira,MIR
4856,[158030298],40.503755525,-8.680113479166666,Vagos,VGS
4857,"[158030996, 997978772]",39.56631153809524,-8.954577466666665,Alcobaça,ACB
4858,[158032517],40.0751685875,-8.775113906249999,Figueira da Foz,FIG
4859,"[158055488, 1465700973, 1465700974]",40.71397076000001,-8.19074599,Oliveira de Frades,OFR
4860,"[158055491, 1465700975, 1465700976, 1465700983, 1465700984, 1545478800]",40.71183802,-8.177016565,Oliveira de Frades,OFR
4861,"[158056232, 938039953, 938039954, 938039955, 938039956, 938039957]",40.719438434999994,-8.179172975,Oliveira de Frades,OFR
4862,"[158066407, 815750794, 815750795, 815750796]",39.9912659,-8.789869491304348,Pombal,PBL
4863,[158081600],40.21289051428571,-8.24952587142857,Vila Nova de Poiares,PRS
4864,[158081602],40.21113360909091,-8.251848195454546,Vila Nova de Poiares,PRS
4865,[158081606],40.21336889375,-8.2513679,Vila Nova de Poiares,PRS
4866,[158081613],40.21214726666667,-8.254233633333333,Vila Nova de Poiares,PRS
4867,[158081619],40.212411805882354,-8.250583235294116,Vila Nova de Poiares,PRS
4868,[158082257],40.20289167777777,-8.241602637037037,Vila Nova de Poiares,PRS
4869,[158082260],40.20513861111111,-8.239978172222223,Vila Nova de Poiares,PRS
4870,[158082261],40.20985689473684,-8.245229305263157,Vila Nova de Poiares,PRS
4871,"[158082518, 1465700977, 1465700978, 1465700981, 1465700982]",40.72521317,-8.176440490000001,Oliveira de Frades,OFR
4872,[158090738],39.94152076190477,-8.775521119047617,Pombal,PBL
4873,"[158100255, 851721700, 851721701, 851721702]",39.62820384347826,-8.949216873913045,Alcobaça,ACB
4874,"[158100256, 1001505674, 1001505675, 1001505676]",39.66386932380952,-9.008036361904763,Alcobaça,ACB
4875,[158105407],39.75788424242424,-9.029756842424241,Marinha Grande,MGR
4876,[158105408],39.76136987142857,-9.030586990476191,Marinha Grande,MGR
4877,"[158110279, 1110621496, 1110621497, 1110621498]",39.684751229166665,-8.885300879166666,Leiria,LRA
4878,[158169694],40.71948182173913,-8.175790343478258,Oliveira de Frades,OFR
4879,"[158188687, 1070340179, 1070346924, 1070346925]",39.74796593333334,-8.933365828571429,Marinha Grande,MGR
4880,[158188689],39.69635100909091,-9.019765495454545,Alcobaça,ACB
4881,[158188699],39.73217245,-8.913389981818183,Marinha Grande,MGR
4882,[158188700],39.751289033333336,-8.936375728571429,Marinha Grande,MGR
4883,"[158188706, 1070340180, 1070346923, 1070346926, 1070346927]",39.746737574193546,-8.933936625806451,Marinha Grande,MGR
4884,[158188707],39.74757996666667,-8.936525463636363,Marinha Grande,MGR
4885,[158192305],39.744479995,-8.925340155,Marinha Grande,MGR
4886,"[158192311, 841077893, 841077894, 841077895, 1480598646, 1480598647]",39.75689016,-9.027645256,Marinha Grande,MGR
4887,"[158195769, 962681177, 962681178, 962681179, 1068949300, 1070241938]",39.60147131555555,-9.06766031111111,Nazaré,NZR
4888,"[158195771, 1070323191, 1070323192, 1070323201, 1154367632, 1154367633]",39.60565538148148,-9.0556854,Nazaré,NZR
4889,"[158196335, 979669888, 979669889, 979669890, 1070323193, 1070323200, 1154367630, 1154367631]",39.59848009148936,-9.05853250425532,Nazaré,NZR
4890,"[158196336, 979669882, 979669883, 979669884]",39.5987923375,-9.060431699999999,Nazaré,NZR
4891,"[158197416, 1050793040, 1050793041, 1050793042]",39.58064024375,-9.073019568749999,Nazaré,NZR
4892,"[158197427, 1154365738, 1154365739, 1154365740, 1497552987, 1497552988]",39.586835930303025,-9.071230336363637,Nazaré,NZR
4893,"[158211922, 851721003, 851721004, 851721005]",39.61610020909091,-8.934987736363638,Alcobaça,ACB
4894,"[158211927, 851720985, 851720986, 851720987, 856108137, 856108138]",39.60200972083333,-8.909650454166666,Porto de Mós,PMS
4895,[158217048],39.61321992857143,-9.081133142857144,Nazaré,NZR
4896,"[158217050, 856108141, 856108142, 856108143]",39.612345454166665,-8.890252570833333,Porto de Mós,PMS
4897,"[158219102, 1050793044, 1050793045, 1050793046, 1056235398, 1068949301]",39.5962324037037,-9.067027940740742,Nazaré,NZR
4898,[158219106],39.61012765000001,-9.066534763636366,Nazaré,NZR
4899,"[158246371, 1070411624, 1070414506, 1070414507]",39.415047159375,-9.147776940625,Caldas da Rainha,CLD
4900,"[158246377, 1070411623, 1070414508, 1070414509]",39.41316468125,-9.146082140625,Caldas da Rainha,CLD
4901,[158304572],39.86340954090909,-8.931991436363637,Marinha Grande,MGR
4902,[158370376],39.40625924583333,-9.118968091666666,Caldas da Rainha,CLD
4903,"[158370395, 1106186035, 1106186036, 1106186037]",39.4046114375,-9.147372445833334,Caldas da Rainha,CLD
4904,"[158370396, 1070411620, 1070414514, 1070414515]",39.412793977419355,-9.13682148064516,Caldas da Rainha,CLD
4905,[158370568],39.40015236388889,-9.143876500000001,Caldas da Rainha,CLD
4906,"[158370573, 1106186056, 1106186057, 1106186058, 1106186061, 1106186062, 1106186063]",39.40223967931034,-9.140312451724139,Caldas da Rainha,CLD
4907,[158370576],39.42556344166667,-9.162077395833334,Caldas da Rainha,CLD
4908,[158370581],39.399382590624995,-9.1413150625,Caldas da Rainha,CLD
4909,"[158370582, 963246759, 963246760, 963246761, 963246762, 963246763, 963246764, 963246765]",39.40729755,-9.132548122727274,Caldas da Rainha,CLD
4910,"[158370585, 1119880673, 1119880674, 1119880675]",39.39057753636364,-9.130014163636362,Caldas da Rainha,CLD
4911,[158370590],39.38255012916667,-9.1456882,Óbidos,OBD
4912,"[158370592, 1444370820, 1444370821]",39.39953561363637,-9.136379886363635,Caldas da Rainha,CLD
4913,"[158370598, 1149728443, 1149728444, 1149728445]",39.408711266666664,-9.12188432962963,Caldas da Rainha,CLD
4914,[158370600],39.4032412925926,-9.1489718,Caldas da Rainha,CLD
4915,"[158370603, 1118731405, 1118731406, 1118731407]",39.40217227037037,-9.136047225925926,Caldas da Rainha,CLD
4916,[158370606],39.42823314615384,-9.165850938461539,Caldas da Rainha,CLD
4917,"[158370609, 1182007879, 1182007880, 1182007881, 1182353995, 1182353996]",39.37472170416667,-9.139174283333332,Óbidos,OBD
4918,[158370615],39.414368628571424,-9.142840747619047,Caldas da Rainha,CLD
4919,[158416338],41.06659541428572,-8.541117552380955,Vila Nova de Gaia,VNG
4920,[158458923],39.864727124999995,-8.926299658333333,Marinha Grande,MGR
4921,[158458943],39.86495196999999,-8.929036365,Marinha Grande,MGR
4922,[158519542],41.55207032105263,-8.624157563157894,Barcelos,BCL
4923,"[158592896, 940695094, 940695095, 940695096, 940695097, 940695098, 1225509691, 1235860115]",38.90080246666667,-9.118233195238094,Loures,LRS
4924,"[158686109, 1370949618, 1370949619, 1370949620, 1370949621, 1472391704]",38.682860500000004,-8.479215305263157,Vendas Novas,VND
4925,"[158686120, 807165569, 807165570]",38.68392517222222,-8.478270544444444,Vendas Novas,VND
4926,[158690513],39.022293850000004,-8.798657131818182,Salvaterra de Magos,SMG
4927,[158696707],38.67301545,-8.436602064999999,Vendas Novas,VND
4928,[158696710],38.67835056470589,-8.43728321764706,Vendas Novas,VND
4929,"[158740950, 879574563]",41.205493524999994,-7.779198924999999,Santa Marta de Penaguião,SMP
4930,"[158741201, 824700131, 824700132, 1025618608, 1026131267]",41.28104826363637,-7.721903754545452,Vila Real,VRL
4931,[158741736],41.28345263,-7.745763795,Vila Real,VRL
4932,"[158741740, 1092957639, 1092957640, 1092957641]",41.313244687499996,-7.733676808333333,Vila Real,VRL
4933,"[158741748, 817638975, 1025618612, 1025618613, 1118145508, 1118145509]",41.284567673913045,-7.738050939130434,Vila Real,VRL
4934,"[158741754, 1111655602]",41.306673228,-7.741584312,Vila Real,VRL
4935,"[158741758, 813428209, 813428210, 813428211, 813428212, 879586106]",41.2847423625,-7.760029950000001,Vila Real,VRL
4936,"[158741761, 813428201, 813428202, 813428203, 1026562321, 1125218824]",41.29763778,-7.74920872,Vila Real,VRL
4937,"[158741765, 1125524966, 1125524969, 1125524970]",41.281491557142864,-7.7050512428571425,Vila Real,VRL
4938,"[158741770, 807908834, 807908835, 807908836, 831354870, 1025618616, 1125524959]",41.293876925,-7.735510628125,Vila Real,VRL
4939,"[158741777, 1140094118, 1140094119, 1140094120]",41.271868780000005,-7.693985576,Vila Real,VRL
4940,"[158741784, 807908845, 807908846, 807908847, 1125524965, 1125524968]",41.28526806666667,-7.701932690476192,Vila Real,VRL
4941,"[158741787, 1054161618, 1054161619, 1054161620, 1054161621, 1054161622]",41.2949735076923,-7.732358411538462,Vila Real,VRL
4942,"[158741801, 1104826831, 1125218826, 1125218827]",41.2842013347826,-7.807042160869564,Vila Real,VRL
4943,"[158741804, 1025798210, 1026131270, 1026131271]",41.27335264761904,-7.695467376190475,Vila Real,VRL
4944,"[158755929, 1530393312, 1530393313, 1530393314, 1530393315, 1530393316, 1530393317, 1530393318]",41.80782705454545,-8.85587657272727,Caminha,CMN
4945,[158757753],41.8241923875,-8.869709758333334,Caminha,CMN
4946,"[158780406, 651821189]",41.850910018181814,-8.860577633333333,Caminha,CMN
4947,"[158780407, 458059660, 1254609910, 1254609911, 1518989728]",41.87818726086957,-8.836470747826086,Caminha,CMN
4948,[158787342],41.762173795833334,-8.583279466666667,Ponte de Lima,PTL
4949,[158787365],41.76265325714286,-8.580952466666666,Ponte de Lima,PTL
4950,[158791383],41.59980364285715,-8.466027314285716,Vila Verde,VVD
4951,"[158847751, 1120967732, 1120967735, 1120967736, 1120967740, 1120967741, 1120967756, 1387378930]",40.94237136111112,-8.535073111111112,Santa Maria da Feira,VFR
4952,[158847756],40.92613349166667,-8.579069158333333,Santa Maria da Feira,VFR
4953,"[158847858, 1120967739]",40.94371706,-8.531217065,Santa Maria da Feira,VFR
4954,[158851167],40.89826364347826,-8.502261573913044,São João da Madeira,SJM
4955,[158851175],40.885987071428566,-8.481675876190476,São João da Madeira,SJM
4956,[158878249],40.856308375999994,-8.559660791999999,Ovar,OVR
4957,"[158896207, 1349970665]",41.2988472,-6.721604772222223,Mogadouro,MGD
4958,[158901595],40.646908735000004,-8.598183895000002,Aveiro,AVR
4959,[158902942],40.64571020454545,-8.593199572727274,Aveiro,AVR
4960,[158904237],40.60194575,-8.605027009090907,Aveiro,AVR
4961,[158905465],40.605490644444444,-8.671818188888889,Ílhavo,ILH
4962,[158938853],39.671627773913045,-8.841891947826085,Batalha,BTL
4963,"[158938866, 777159497, 777159498, 777159499]",39.669478472,-8.844231192,Batalha,BTL
4964,"[158972080, 1456581627, 1456581628, 1456584364, 1456584365, 1529005256]",40.42517069565218,-8.016975095652173,Carregal do Sal,CRS
4965,"[158972083, 1457640645, 1457640646, 1457640653, 1457640654, 1528311006]",40.44583329565217,-7.970450969565218,Carregal do Sal,CRS
4966,"[158972208, 1462023353, 1462023354, 1462023366, 1462023367, 1534276793, 1535081243]",40.61281410416667,-8.049280379166666,Tondela,TND
4967,"[158972209, 1458288517, 1458288518, 1458288524]",40.582259922727275,-8.08167094090909,Tondela,TND
4968,"[158972210, 1458288522, 1458288523, 1458288544, 1458288545, 1461518019, 1462023371, 1462023382]",40.57452575,-8.07476815,Tondela,TND
4969,"[158972211, 1458368197, 1458368198, 1461495579]",40.51845734375,-8.10133909375,Tondela,TND
4970,"[158972213, 1431471959, 1431471960, 1431471961, 1431471962, 1431471963, 1431471964, 1431471965]",40.52749591666667,-8.088955666666667,Tondela,TND
4971,"[158972214, 1458288557, 1458288559, 1458288560]",40.532953038095236,-8.085407257142858,Tondela,TND
4972,"[158972215, 1431471954, 1431471955, 1431471957, 1431471958, 1458288558]",40.530711017391305,-8.086596795652174,Tondela,TND
4973,"[158972216, 1457640643, 1457640644, 1457640655, 1457640656]",40.456008930434784,-7.969557152173912,Carregal do Sal,CRS
4974,"[158972217, 1431471966, 1431471967, 1431471968, 1431471969, 1431471970]",40.52555767083333,-8.086429829166667,Tondela,TND
4975,"[159031902, 1228262213, 1228262214, 1228262215]",39.31677655238096,-9.114461228571429,Bombarral,BBR
4976,"[159033693, 1228262216, 1228262217, 1228262218]",39.309199994736844,-9.1188035,Bombarral,BBR
4977,"[159067526, 1457910573, 1457910574]",40.363311995000004,-8.11946491,Santa Comba Dão,SCD
4978,[159067532],40.386003515,-8.112756319999999,Santa Comba Dão,SCD
4979,"[159067536, 1457887746, 1457887747, 1531377527, 1531377538]",40.4041539125,-8.1336810375,Santa Comba Dão,SCD
4980,"[159067543, 877297417, 877297418]",40.396699193749996,-8.130186712499999,Santa Comba Dão,SCD
4981,"[159067563, 1457887743, 1457887744]",40.406720375,-8.129146200000001,Santa Comba Dão,SCD
4982,"[159067566, 1457887750, 1457887751, 1531211436, 1531377537]",40.39903756956521,-8.132042199999999,Santa Comba Dão,SCD
4983,[159067576],40.40988933809524,-8.128107385714285,Santa Comba Dão,SCD
4984,[159067580],40.41197363125,-8.129572012499999,Santa Comba Dão,SCD
4985,"[159067584, 877297419, 1457887740, 1457887741, 1531377526]",40.40250112857142,-8.130397795238094,Santa Comba Dão,SCD
4986,[159067587],40.408386073684206,-8.131373484210526,Santa Comba Dão,SCD
4987,"[159067591, 877297421, 1457887742]",40.406627687500006,-8.127882068749999,Santa Comba Dão,SCD
4988,[159067597],40.409897855,-8.129857625000001,Santa Comba Dão,SCD
4989,"[159067602, 1457910577, 1457910578]",40.36231767647059,-8.105659729411764,Santa Comba Dão,SCD
4990,"[159067609, 1531211437, 1531211438]",40.3979975875,-8.13241069375,Santa Comba Dão,SCD
4991,"[159067620, 1457910575, 1457910576, 1457910580]",40.362908483333335,-8.116525461111111,Santa Comba Dão,SCD
4992,[159067955],40.40828974736842,-8.133408478947368,Santa Comba Dão,SCD
4993,"[159074941, 159074943]",40.6707643,-8.592641874999998,Aveiro,AVR
4994,[159088999],40.71433117083333,-8.205387725,Oliveira de Frades,OFR
4995,[159089004],40.714349939130436,-8.211198699999999,Oliveira de Frades,OFR
4996,[159089387],40.713123845,-8.211450625000001,Oliveira de Frades,OFR
4997,[159104463],40.39361715416667,-8.450790520833333,Mealhada,MLD
4998,"[159109471, 857586282]",40.385585275,-8.382406719999999,Mealhada,MLD
4999,[159113642],40.33526260000001,-8.420828447826088,Mealhada,MLD
5000,"[159113650, 857589420]",40.38315363333333,-8.375744271428571,Mealhada,MLD
5001,[159114982],40.42459502000001,-8.456826659999999,Anadia,AND
5002,[159115418],40.43767496363637,-8.4522638,Anadia,AND
5003,"[159141362, 1013617433]",38.63160196315789,-9.11913837368421,Seixal,SXL
5004,[159142053],41.584234134999996,-8.46596311,Braga,BRG
5005,[159149609],39.05973692105263,-7.123555642105264,Campo Maior,CMR
5006,[159171728],38.881882499999996,-7.1604224210526315,Elvas,ELV
5007,"[159210652, 159210653, 159210727, 159210732]",40.513361425,-8.499631506250001,Oliveira do Bairro,OBR
5008,"[159214633, 528568833]",40.550953,-8.445688844444446,Águeda,AGD
5009,[159215252],39.60734277000001,-8.6636782,Ourém,ORM
5010,[159218790],40.55914986086956,-8.46745513478261,Águeda,AGD
5011,[159218793],40.55641303333333,-8.465439504761905,Águeda,AGD
5012,[159252236],39.27652852380952,-7.427337957142855,Portalegre,PTG
5013,[159252422],39.28659647619048,-7.434306923809523,Portalegre,PTG
5014,[159252423],39.284711995833334,-7.433470804166667,Portalegre,PTG
5015,[159252760],39.281561048,-7.431039428,Portalegre,PTG
5016,[159252768],39.29479943333333,-7.435433091666667,Portalegre,PTG
5017,[159254493],39.29187420416667,-7.436204354166667,Portalegre,PTG
5018,[159254517],39.288345971999995,-7.437016463999999,Portalegre,PTG
5019,[159254537],39.29964011,-7.43181966,Portalegre,PTG
5020,[159255189],40.647493775,-8.588376100000001,Aveiro,AVR
5021,[159255825],39.22931573333333,-7.397264491666667,Portalegre,PTG
5022,[159255827],39.23563563181819,-7.3892807000000005,Portalegre,PTG
5023,[159255831],39.23835857222222,-7.392148227777778,Portalegre,PTG
5024,"[159259737, 1070028561, 1070241940, 1070241941, 1097467903, 1097467905]",40.583655243589746,-8.601298448717952,Aveiro,AVR
5025,[159262656],39.302594420000005,-7.430035154999999,Portalegre,PTG
5026,"[159340622, 1349836797]",41.58964130625,-8.288550012500002,Póvoa de Lanhoso,PVL
5027,"[159375196, 1463752549, 1463752550, 1463752572, 1463752573, 1463799355]",40.65447680714286,-8.227875,Vouzela,VZL
5028,[159538404],38.21262706666667,-7.538168433333333,Portel,PRL
5029,[159538408],38.21471021428572,-7.541478938095238,Portel,PRL
5030,[159540158],38.19752940952382,-7.510595352380952,Portel,PRL
5031,[159592438],39.02266685,-8.775955427272725,Salvaterra de Magos,SMG
5032,"[159676187, 1236135840]",39.59152071666667,-9.008788879166666,Nazaré,NZR
5033,"[159676206, 1236135841, 1236135842, 1236135843, 1236135844]",39.59032872173913,-9.010504469565216,Nazaré,NZR
5034,[159756495],38.87273718421053,-9.098057473684213,Vila Franca de Xira,VFX
5035,[159804240],39.46242127142858,-8.214388652380952,Abrantes,ABT
5036,[159812842],40.98256634999999,-7.618940972222221,Moimenta da Beira,MBR
5037,[159812844],40.98564389473684,-7.62157667368421,Moimenta da Beira,MBR
5038,[159813199],39.47655708181818,-8.18520949090909,Abrantes,ABT
5039,[159912541],39.45095402105264,-8.241996305263157,Abrantes,ABT
5040,[159985581],38.64857104666667,-8.39310158,Montemor-o-Novo,MMN
5041,[160013783],40.64452986,-8.61694538,Aveiro,AVR
5042,[160105132],37.115946882352944,-8.756928670588236,Lagos,LGS
5043,[160105139],37.12002514444444,-8.756479355555554,Lagos,LGS
5044,[160117948],40.759905875,-8.713260355,Murtosa,MRS
5045,"[160117950, 498259419, 498259420, 498259421, 498259422, 498259423]",40.757348278260864,-8.659618686956522,Murtosa,MRS
5046,[160117961],40.758912168421055,-8.592451878947369,Estarreja,ETR
5047,[160118010],40.757627704545456,-8.652656268181817,Murtosa,MRS
5048,[160118092],40.76194342857144,-8.633011057142857,Murtosa,MRS
5049,"[160118101, 498259426, 498259427, 498259428, 498259429, 498259430]",40.7559986,-8.656438249999999,Murtosa,MRS
5050,[160118128],40.75526018947368,-8.574569547368421,Estarreja,ETR
5051,[160118167],40.7581951,-8.590042814285715,Estarreja,ETR
5052,[160119945],40.75809588095238,-8.708711242857143,Murtosa,MRS
5053,"[160119951, 357339960]",40.758204462500004,-8.709305420833333,Murtosa,MRS
5054,"[160210265, 1359124847, 1359124848, 1359124849, 1368138907, 1449397724, 1449397726]",41.04647626086957,-8.564992095652174,Vila Nova de Gaia,VNG
5055,[160249616],41.299308219230774,-7.485171773076924,Alijó,ALJ
5056,[160255790],40.49869922,-7.589927614999999,Gouveia,GVA
5057,[160279326],41.315575617142855,-7.4689966171428575,Alijó,ALJ
5058,"[160335635, 1000515682, 1000515683, 1019264584, 1019264585, 1019264586]",41.23368746086957,-8.613870482608696,Maia,MAI
5059,[160459168],40.590805890909095,-8.68145191818182,Ílhavo,ILH
5060,[160459169],40.599524925,-8.677804933333334,Ílhavo,ILH
5061,"[160464053, 909816050, 909816054, 909816055]",40.562401095454554,-8.757846,Vagos,VGS
5062,"[160503753, 896555064, 896555065, 896555066, 896555067, 896555068, 896555069, 896555070]",41.18796770434783,-8.692610865217391,Matosinhos,MTS
5063,"[160503918, 1016974238, 1016974239, 1016974240, 1016974241]",41.193191709999994,-8.696809675,Matosinhos,MTS
5064,[160534041],40.21472544444445,-8.24089948888889,Vila Nova de Poiares,PRS
5065,[160535523],40.2405081,-7.520431668421052,Covilhã,CVL
5066,[160535527],40.23640830869565,-7.5230143739130435,Covilhã,CVL
5067,[160536165],40.23597978181819,-7.527156877272727,Covilhã,CVL
5068,[160536406],40.23227966956521,-7.525935630434781,Covilhã,CVL
5069,[160619080],41.80696246521738,-8.40315022173913,Ponte da Barca,PTB
5070,[160686026],40.23654324090909,-7.5192041,Covilhã,CVL
5071,"[160686997, 813363306, 813363307]",40.1938944875,-7.5628466125,Covilhã,CVL
5072,[160687505],40.234129986956525,-7.507493626086955,Covilhã,CVL
5073,[160707011],40.782888185000004,-7.11700315,Pinhel,PNH
5074,"[160733453, 249594450, 249594461]",41.51144548125,-8.481285525,Braga,BRG
5075,[160743268],39.463797390476195,-8.05610370952381,Abrantes,ABT
5076,"[160807600, 204126377, 204126379, 204126380, 379110473, 569141283]",32.64419232372881,-16.94581502711864,Funchal,FNC
5077,[160921625],39.10780013809525,-9.264880761904763,Torres Vedras,TVD
5078,"[160921631, 1350437954, 1354245150, 1354245151]",39.10498318,-9.26585845,Torres Vedras,TVD
5079,"[160943107, 645998077, 1465741324, 1465741325]",41.506739217391306,-8.454146199999999,Braga,BRG
5080,[160961649],41.53415646470587,-8.443356882352942,Braga,BRG
5081,[161051628],38.76730906190476,-9.146678680952382,Lisboa,LSB
5082,[161051635],38.76973439545455,-9.14656136818182,Lisboa,LSB
5083,[161110647],38.76915327222222,-9.136638483333332,Lisboa,LSB
5084,[161110662],38.764073323809534,-9.135043004761904,Lisboa,LSB
5085,"[161124012, 1303706047, 1303706048, 1536794507]",41.18943342,-8.576491005,Gondomar,GDM
5086,"[161124025, 1028336216, 1028336217, 1028336218, 1028336219, 1028336220, 1028336221, 1028336222, 1028336223, 1028336224]",41.18084055714286,-8.568545747619046,Gondomar,GDM
5087,[161124118],41.174105554166665,-8.573496725,Porto,PRT
5088,[161124119],41.169423531818175,-8.577518259090906,Porto,PRT
5089,[161130130],40.11165214761905,-8.292764104761904,Lousã,LSA
5090,[161134201],40.79814785714285,-8.30742306190476,Vale de Cambra,VLC
5091,[161134854],40.80005800625,-8.30054786875,Vale de Cambra,VLC
5092,[161154194],38.614513864,-9.132759104,Seixal,SXL
5093,"[161162669, 1337998095, 1337998110]",38.97210476190476,-8.983611490476191,Vila Franca de Xira,VFX
5094,"[161162672, 1337998109]",38.97424383,-8.982837329999999,Vila Franca de Xira,VFX
5095,[161296170],41.5137000117647,-8.45005915882353,Braga,BRG
5096,[161309158],40.619095705263156,-7.405218742105264,Celorico da Beira,CLB
5097,[161392451],41.94104183500001,-8.740633869999998,Vila Nova de Cerveira,VNC
5098,[161738744],39.140389052173916,-8.681726339130435,Almeirim,ALR
5099,[161749134],38.841879793749996,-7.626428375,Estremoz,ETZ
5100,[161749137],38.77089212916667,-7.497386958333334,Borba,BRB
5101,"[161749140, 1467779463]",38.87742087647059,-7.159551705882353,Elvas,ELV
5102,[161753798],39.396243064705885,-8.430378417647056,Chamusca,CHM
5103,[161786242],39.01389113333333,-9.15199003888889,Sobral de Monte Agraço,SMA
5104,[161824224],39.00727053333333,-7.258889150000001,Elvas,ELV
5105,"[161847393, 1046436093, 1357811795, 1357811796, 1357811797, 1357811798, 1357811799]",39.46271684705883,-8.205940705882355,Abrantes,ABT
5106,[161871725],38.52522258421052,-8.49950167368421,Alcácer do Sal,ASL
5107,[161884878],37.366435888235294,-8.80125617647059,Aljezur,AJZ
5108,[161894859],37.18884229411765,-8.896569317647058,Aljezur,AJZ
5109,"[161906116, 883257709, 883257710]",37.07879378181818,-8.835636136363636,Vila do Bispo,VBP
5110,[161908168],40.892575428571426,-8.495332390476191,São João da Madeira,SJM
5111,[161962249],39.265328743750004,-8.01278335625,Ponte de Sor,PSR
5112,[161986618],41.660390095454545,-7.3293008863636375,Valpaços,VLP
5113,"[162113318, 621974917, 621974918, 621974919, 621974920]",40.69896515000001,-7.930859690909089,Viseu,VIS
5114,"[162129790, 1042422287, 1276697114, 1276697115]",38.778027900000005,-9.235368785714284,Amadora,AMD
5115,[162155832],41.275365875,-8.220860964999998,Lousada,LOU
5116,"[162215935, 1525529296]",41.57239087,-8.747105739999999,Esposende,EPS
5117,"[162328306, 315738434, 315738435, 315738436]",32.859818536000006,-17.173696504,Porto Moniz,PMZ
5118,"[162341258, 166760121, 166760122, 166760127, 279482102, 531578095, 1305939927, 1447702306, 1461589154, 1461589155, 1461589156, 1461589157]",32.66082041071429,-16.928747267857144,Funchal,FNC
5119,"[162546658, 1220175464, 1220175465, 1220175466, 1531896256]",39.02437269545454,-8.97484254090909,Alenquer,ALQ
5120,[162557743],40.221490965,-8.061499479999998,Arganil,AGN
5121,[162568796],40.223568578947365,-8.066673757894737,Arganil,AGN
5122,[162568797],40.224796205,-8.062619054999999,Arganil,AGN
5123,[162580810],37.95748229545455,-8.864022795454547,Sines,SNS
5124,[162593421],37.605880649999996,-8.737378894444445,Odemira,ODM
5125,"[162683065, 1083067903, 1083067904, 1083067918]",37.95773889090909,-8.867691672727272,Sines,SNS
5126,"[162696821, 1039385953, 1132259709, 1222992690]",40.221377252380954,-8.051648266666668,Arganil,AGN
5127,[162721780],38.65395790869566,-7.549599204347823,Redondo,RDD
5128,[162721955],38.65169791666667,-7.550733833333332,Redondo,RDD
5129,[162722214],38.644155049999995,-7.552635527272726,Redondo,RDD
5130,"[162747761, 317648309, 1095658203]",41.57141931111111,-8.378640400000002,Braga,BRG
5131,[162767978],38.300164025,-7.705750675,Portel,PRL
5132,"[162794980, 166775810, 166775827, 166775858, 168522316, 168522319, 706534166, 1089573860, 1089573861]",32.64741903636363,-16.966244356818184,Funchal,FNC
5133,[162868363],39.83162168888889,-8.968460033333333,Marinha Grande,MGR
5134,[162868371],39.830028905263156,-8.913516468421053,Marinha Grande,MGR
5135,[162868377],39.771895280952386,-8.996241142857142,Marinha Grande,MGR
5136,[162872129],38.995286050000004,-8.758305555555557,Salvaterra de Magos,SMG
5137,"[162972878, 495454324, 1479065628, 1479065629]",37.85745364629629,-8.764432,Sines,SNS
5138,"[162977019, 1495028453]",37.85223331,-8.795441945,Sines,SNS
5139,[163064351],37.9431689969697,-8.853442893939393,Sines,SNS
5140,[163064359],37.942783180000006,-8.848152865,Sines,SNS
5141,[163067451],41.61483330952381,-8.411014728571429,Amares,AMR
5142,"[163144579, 1532364068, 1532364072, 1532364073, 1534270393, 1553602706]",40.62703825714285,-8.036174723809525,Viseu,VIS
5143,"[163223440, 1089741342, 1089741345]",38.44276095333333,-9.096758466666667,Sesimbra,SSB
5144,[163229724],40.2145628625,-8.4175093125,Coimbra,CBR
5145,"[163347792, 1329133049, 1329133050]",40.67108043,-8.326734949999999,Sever do Vouga,SVV
5146,[163380747],39.193771157142855,-8.618783785714285,Almeirim,ALR
5147,[163382269],39.20043227222222,-8.628057983333331,Almeirim,ALR
5148,[163567271],40.20174516086957,-7.498171078260871,Fundão,FND
5149,[163595384],40.139835127777786,-7.491727350000001,Fundão,FND
5150,[163711160],39.39008783913043,-9.154173195652174,Óbidos,OBD
5151,[163711164],39.38299251363637,-9.183342899999998,Óbidos,OBD
5152,[163711768],39.33526340555555,-8.930370750000002,Rio Maior,RMR
5153,[163719941],41.60330704761905,-8.456216533333333,Vila Verde,VVD
5154,[163720694],41.59919724210526,-8.459081863157893,Vila Verde,VVD
5155,[163720695],41.59867697368421,-8.45867922631579,Vila Verde,VVD
5156,[163722867],41.62580422777777,-8.362703366666667,Amares,AMR
5157,[163811169],38.93628153181818,-8.853690104545455,Benavente,BNV
5158,[163812584],38.9369880368421,-8.853886884210526,Benavente,BNV
5159,[163948378],37.937513127777784,-7.776243999999999,Beja,BJA
5160,"[163985381, 1473392776]",38.868626504761906,-7.17116551904762,Elvas,ELV
5161,[163985438],38.883739273684206,-7.174310894736843,Elvas,ELV
5162,[164038660],39.46368578500001,-7.941634469999999,Gavião,GAV
5163,[164038662],39.46421834285714,-7.9386625071428565,Gavião,GAV
5164,"[164086048, 1042464501, 1276693931, 1276697132, 1276697133, 1278679552, 1278873139]",38.7538402625,-9.2114897375,Amadora,AMD
5165,[164216604],39.4802577,-8.448139127777777,Vila Nova da Barquinha,VNB
5166,[164248372],40.62908495263158,-7.540376810526316,Fornos de Algodres,FAG
5167,"[164320551, 1301608921, 1329514607, 1329514608]",38.62883106086956,-9.180118817391303,Almada,ALM
5168,"[164327477, 1025044466, 1025051228, 1025051229, 1235792196, 1245892627, 1349596890, 1349596892]",38.52439015882353,-8.999523520588236,Setúbal,STB
5169,[164432918],41.49717699,-8.493540665000001,Braga,BRG
5170,[164441001],39.77289901428571,-7.849812178571429,Proença-a-Nova,PNV
5171,[164581478],38.73141368,-8.970983060000002,Alcochete,ACH
5172,[164768978],37.07371429473684,-8.115884031578947,Loulé,LLE
5173,[164768986],37.072443565,-8.111850035,Loulé,LLE
5174,[164768988],37.07217808421053,-8.110576089473684,Loulé,LLE
5175,[164865416],41.53228878181818,-8.711087736363638,Barcelos,BCL
5176,[164866874],41.363958190909095,-8.47393235,Santo Tirso,STS
5177,[164903458],39.92122074736843,-7.913715515789474,Oleiros,OLR
5178,[164918692],39.91602413478261,-7.9176965173913025,Oleiros,OLR
5179,[164918693],39.92359142857142,-7.90876555,Oleiros,OLR
5180,[164919860],39.435701175000005,-9.213323545,Caldas da Rainha,CLD
5181,[164947413],41.364460900000005,-8.306532785,Vizela,VIZ
5182,[165195031],41.44605012222222,-8.339114516666665,Guimarães,GMR
5183,[165195036],41.44784928,-8.344181163333332,Guimarães,GMR
5184,[165195039],41.44930246,-8.344865260000002,Guimarães,GMR
5185,[165347018],38.54846172916667,-8.857995683333334,Setúbal,STB
5186,[165351459],37.14594910500001,-8.561406305,Portimão,PTM
5187,[165351467],37.145422476470586,-8.562724594117647,Portimão,PTM
5188,"[165405327, 1463688992, 1463688993, 1463688994]",37.137000717391295,-8.542359608695651,Portimão,PTM
5189,[165405338],37.13600333000001,-8.5425696,Portimão,PTM
5190,"[165405340, 1463235004]",37.13294166153847,-8.545164130769232,Portimão,PTM
5191,[165405341],37.14327068888888,-8.546959188888888,Portimão,PTM
5192,"[165405343, 1463688999, 1463689000, 1463689001]",37.143831155,-8.548709165,Portimão,PTM
5193,[165831328],39.730380624999995,-8.804822060000001,Leiria,LRA
5194,[165839389],38.05119134444445,-8.752547011111112,Santiago do Cacém,STC
5195,"[165842163, 774750944, 774750945, 774750946, 1315931201, 1315931202]",39.69277452857143,-8.88195916190476,Leiria,LRA
5196,"[165931868, 1072659344, 1072659345, 1072659346, 1072659347]",41.73673145714286,-7.464936071428571,Chaves,CHV
5197,[166129205],39.93288496521738,-8.221314426086956,Pedrógão Grande,PGR
5198,[166178028],41.37854947600001,-8.763739892,Póvoa de Varzim,PVZ
5199,[166221580],39.870396066666665,-8.380287466666667,Ansião,ANS
5200,[166234659],41.63955121764706,-7.572733388235294,Chaves,CHV
5201,"[166458482, 1018367483, 1018367484, 1018367513]",38.581283931578945,-9.043591521052631,Barreiro,BRR
5202,"[166458487, 1018367481, 1018367482, 1018367514]",38.58262696111112,-9.046640483333332,Barreiro,BRR
5203,"[166464725, 1016746066, 1016753840, 1370864184, 1370864192]",38.55781921428572,-9.06086356190476,Seixal,SXL
5204,[166478932],38.58195906470588,-9.043462788235294,Barreiro,BRR
5205,[166500500],37.65463289166667,-8.225606983333334,Ourique,ORQ
5206,[166568340],39.33893961304348,-9.27438712173913,Peniche,PNI
5207,[166616240],39.03986167647059,-9.111392747058824,Alenquer,ALQ
5208,"[166620263, 1346042565]",38.95723352222222,-9.038829183333334,Vila Franca de Xira,VFX
5209,"[166646365, 1469743914, 1469743915, 1469743916]",41.40468845999999,-8.625358565,Póvoa de Varzim,PVZ
5210,"[166661235, 1499595393]",41.459787829166665,-8.546222649999999,Vila Nova de Famalicão,VNF
5211,"[166728328, 1346042569]",39.00312916923077,-8.959132307692308,Vila Franca de Xira,VFX
5212,"[166728337, 1235323347, 1235323348, 1235323349, 1346042556, 1346042557, 1346042568, 1346042571]",39.006233258620696,-8.970755448275861,Vila Franca de Xira,VFX
5213,[166734268],41.64892714545454,-8.394036481818182,Amares,AMR
5214,[166735023],41.6634959875,-8.40496843125,Amares,AMR
5215,"[166750128, 606923245, 1546004943]",40.89720026111112,-7.491034938888889,Sernancelhe,SRN
5216,"[166759997, 166759998, 166759999, 166760000, 166760001, 166760003, 307519525, 373280756, 448141498, 453765523, 453765537, 536953752, 546172640, 546172641, 561055624]",32.647288679999996,-16.9050964925,Funchal,FNC
5217,"[166760008, 166760009, 166760010, 166760011, 572745164, 706534162]",32.64574553636363,-16.91262866363636,Funchal,FNC
5218,"[166760047, 166760048, 166760049, 315925841, 568654072, 568654087, 568655823, 760066727]",32.64396142380953,-16.926013004761906,Funchal,FNC
5219,[166775672],32.717523245454544,-16.76587207272727,Machico,MCH
5220,"[166775690, 166775692, 660564156, 660564157, 1467993112]",32.70567093157895,-17.134024305263157,Ponta do Sol,PTS
5221,"[166775698, 315731122, 315731140, 315731141, 974559146, 974559149, 974559152, 1467975714]",32.75356108333333,-17.21014754333333,Calheta,CLT
5222,"[166775705, 609217770, 609217771, 609217772, 609217773, 609217774, 609217775, 609217776]",32.681682478260875,-17.10193422173913,Ponta do Sol,PTS
5223,"[166775711, 315731126, 315731135, 315731139, 704963258, 828942988, 828942989, 828942990]",32.69412079259259,-17.12631472962963,Ponta do Sol,PTS
5224,"[166775729, 166775732, 172368940, 204277256]",32.78452586060607,-17.032997545454545,São Vicente,SVC
5225,"[166775734, 166775745, 166775780, 279482108, 317921714, 568554341, 569983878]",32.64219965483872,-16.917788970967738,Funchal,FNC
5226,"[166775789, 1529690148]",32.70639409333334,-16.767627063333332,Machico,MCH
5227,[166929387],38.4600117,-9.1066408,Sesimbra,SSB
5228,[166969704],37.76278186923077,-25.657962515384614,Ponta Delgada,PDL
5229,"[167088899, 1013414721, 1013414722, 1013414746]",38.62894430499999,-9.18450523,Almada,ALM
5230,"[167088917, 1013414719, 1013414720, 1013414747, 1301608922, 1329514606]",38.630760079999995,-9.18187306,Almada,ALM
5231,[167250802],40.270394530000004,-7.217781479999999,Penamacor,PNC
5232,"[167252418, 800905443, 800905444, 800905445]",39.614569680769236,-8.839472926923078,Porto de Mós,PMS
5233,[167252434],39.61125194545454,-8.844618890909091,Porto de Mós,PMS
5234,"[167253498, 778411027, 778411028, 778411029]",39.65212487727272,-8.793003940909092,Batalha,BTL
5235,"[167287857, 1463752565, 1545363094, 1545363095]",40.68805493500001,-8.155380280000001,Vouzela,VZL
5236,[167321482],41.862343004545465,-8.423471613636364,Arcos de Valdevez,AVV
5237,[167370490],39.671204312,-8.640545900000001,Ourém,ORM
5238,[167370499],39.67193313461539,-8.641751315384615,Ourém,ORM
5239,"[167370502, 1430857870, 1430857871, 1430857872]",39.67905279615385,-8.578921023076923,Ourém,ORM
5240,[167370505],39.63872077391304,-8.530107813043477,Ourém,ORM
5241,[167437192],39.82353096666667,-8.376154454166667,Alvaiázere,AVZ
5242,"[167620634, 624937452, 1056167349]",38.78382727368421,-9.111311800000001,Loures,LRS
5243,"[167620637, 628608303, 1056167350]",38.78112562941176,-9.111093105882354,Loures,LRS
5244,[167644525],41.571337795454546,-8.270801463636364,Póvoa de Lanhoso,PVL
5245,[167644540],41.55570706842105,-8.337441599999998,Braga,BRG
5246,"[167920764, 1285367928]",38.7653524,-9.2983340625,Sintra,SNT
5247,"[168117714, 1291072737, 1335852064, 1335852065, 1337997989, 1337998002]",38.85502816923077,-9.071645988461539,Vila Franca de Xira,VFX
5248,"[168118069, 1334916243, 1337997960]",38.86180788,-9.077601730000001,Vila Franca de Xira,VFX
5249,"[168118084, 1331453750, 1331453751, 1331453762]",38.84841885454545,-9.082501631818182,Loures,LRS
5250,[168118086],38.82602408636364,-9.105670100000001,Loures,LRS
5251,[168146934],41.92792634999999,-8.689233422727273,Vila Nova de Cerveira,VNC
5252,[168146966],41.91946932352942,-8.671765476470588,Vila Nova de Cerveira,VNC
5253,[168171132],37.77966208285714,-25.601086354285716,Ribeira Grande,RGR
5254,[168220331],41.782398910000005,-8.865139895000002,Viana do Castelo,VCT
5255,[168224487],37.750635800000005,-25.622089236363635,Ponta Delgada,PDL
5256,[168225911],37.75181235714286,-25.621780166666667,Ponta Delgada,PDL
5257,[168247850],41.68502028500001,-8.845795685,Viana do Castelo,VCT
5258,"[168249393, 1545517169, 1545517170, 1545517172]",40.715457808000004,-8.227569596,Oliveira de Frades,OFR
5259,[168249757],39.27506617142857,-8.69807943809524,Santarém,STR
5260,[168249761],39.27608996,-8.69497839,Santarém,STR
5261,[168355787],40.03716635,-7.5593952049999995,Castelo Branco,CTB
5262,"[168383542, 381945140, 381945141]",32.71673755925926,-17.168854966666665,Calheta,CLT
5263,"[168383552, 217223713, 217223719, 217223727, 1462981715, 1462981716]",32.743486620000006,-16.739659606666667,Machico,MCH
5264,[168418129],39.26551444375,-8.73887760625,Santarém,STR
5265,[168444140],37.75922651363637,-25.661123886363637,Ponta Delgada,PDL
5266,[168522293],32.67937511666667,-16.846702725,Santa Cruz,SCR
5267,[168570513],32.718489205000004,-16.759292499999997,Machico,MCH
5268,"[168612279, 1435609037, 1435609038, 1435609039, 1435609040, 1435609041]",33.063785486363635,-16.310579995454543,Porto Santo,PST
5269,"[168639770, 1329449444, 1329449445, 1329910820]",38.71196393157894,-9.274843131578947,Oeiras,OER
5270,[168647334],38.709762735,-9.29757939,Oeiras,OER
5271,[168647335],38.711367745000004,-9.296681184999999,Oeiras,OER
5272,[168650224],41.40465294285715,-7.076165119047619,Vila Flor,VFL
5273,[168650229],41.404301631818186,-7.074572963636363,Vila Flor,VFL
5274,[168650234],41.391004554999995,-7.075861215000001,Vila Flor,VFL
5275,[168650275],41.390070515789475,-7.0773544315789465,Vila Flor,VFL
5276,[168717605],37.08949220000001,-8.035525866666667,Loulé,LLE
5277,[168732962],41.405486865,-7.451517840000001,Murça,MUR
5278,[168733318],39.54226290526316,-8.653990710526315,Alcanena,ACN
5279,[168740606],41.40807856666666,-7.45387344,Murça,MUR
5280,[168741450],40.68664836000001,-8.479806885,Albergaria-a-Velha,ALB
5281,[168742938],41.60729501052631,-7.30677824736842,Valpaços,VLP
5282,"[168882102, 1320159330]",40.32772247272729,-7.962524122727273,Tábua,TBU
5283,[168902623],41.211996455000005,-7.788513769999999,Santa Marta de Penaguião,SMP
5284,[168927629],41.39625028095239,-7.443871557142858,Murça,MUR
5285,"[168938415, 168938416, 168938417]",32.681980578947375,-16.950897247368417,Funchal,FNC
5286,"[168970825, 168971067, 168971075, 1019689441, 1019689443, 1390029314]",41.23921012173913,-8.635303895652175,Maia,MAI
5287,"[168970965, 1012838912, 1012838913, 1016953321, 1016953322, 1016959995]",41.188383524,-8.6861471,Matosinhos,MTS
5288,"[168971078, 859079060, 859079061, 859079062, 859079063, 859079064]",41.23057254210526,-8.674889663157895,Matosinhos,MTS
5289,[168988323],40.585135826315785,-8.596535715789473,Aveiro,AVR
5290,[168993019],37.07465383888889,-7.97919247222222,Loulé,LLE
5291,[169001852],37.807544728,-25.521871124000004,Ribeira Grande,RGR
5292,"[169002970, 1321579061, 1321579062, 1321579068]",37.831502603125,-25.514549468749998,Ribeira Grande,RGR
5293,[169006046],37.81724903333333,-25.40876807222222,Ribeira Grande,RGR
5294,[169006560],38.65837621499999,-27.20751705,Angra do Heroísmo,AGH
5295,[169007420],38.467651385,-9.112090655,Sesimbra,SSB
5296,[169010799],38.662355277272724,-27.20386614090909,Angra do Heroísmo,AGH
5297,[169033911],39.51298439,-8.72976622,Alcanena,ACN
5298,"[169055244, 1411828250, 1411828251, 1411828252, 1411828253, 1411828254, 1411828255]",41.26000955454545,-8.6365567,Maia,MAI
5299,"[169093831, 1349836782]",41.74334812727273,-6.620997186363637,Bragança,BGC
5300,"[169093844, 1349836783]",41.74612703181818,-6.621852968181819,Bragança,BGC
5301,[169100834],37.129151500000006,-8.019120010526313,Loulé,LLE
5302,[169107163],32.671424185,-16.993242175000002,Câmara de Lobos,CML
5303,[169113500],37.81173525416667,-25.600381012499998,Ribeira Grande,RGR
5304,[169113506],37.817521525,-25.597591083333338,Ribeira Grande,RGR
5305,[169174593],39.0784029375,-8.1759813,Ponte de Sor,PSR
5306,"[169219358, 1529656476, 1529656477, 1529656478]",38.662969116666666,-27.208189833333336,Angra do Heroísmo,AGH
5307,[169222348],38.73253487391304,-27.055562782608693,Praia da Vitória,VPV
5308,[169223234],38.6681099904762,-27.21540501428572,Angra do Heroísmo,AGH
5309,"[169225909, 945536647]",38.65945436086956,-27.23583921304348,Angra do Heroísmo,AGH
5310,[169232517],38.73257919545455,-27.057279845454545,Praia da Vitória,VPV
5311,[169232524],38.73159047894736,-27.059033742105264,Praia da Vitória,VPV
5312,[169237598],38.39119839473684,-8.146236889473684,Viana do Alentejo,VNT
5313,[169271090],40.24982453478261,-7.391106530434784,Covilhã,CVL
5314,[169284333],37.80854710588235,-25.590089397058826,Ribeira Grande,RGR
5315,"[169285257, 944828462]",37.80722584166667,-25.581031025,Ribeira Grande,RGR
5316,[169321155],38.72815374583333,-27.066307770833333,Praia da Vitória,VPV
5317,"[169385918, 1527982688]",39.628333104,-8.854185712000001,Porto de Mós,PMS
5318,[169445782],37.75478873636363,-25.673533609090907,Ponta Delgada,PDL
5319,[169457430],37.75279384782609,-25.674295930434784,Ponta Delgada,PDL
5320,[169634316],41.28186651363636,-7.720789877272728,Vila Real,VRL
5321,[169634320],41.28436666956522,-7.726925286956522,Vila Real,VRL
5322,"[169634327, 817638999, 817639000, 1118145513]",41.286420035,-7.733085464999999,Vila Real,VRL
5323,"[169634337, 807908843, 1026772812, 1026772813, 1226229012]",41.29023152916667,-7.722378095833332,Vila Real,VRL
5324,[169686368],39.55468791052631,-8.728302457894737,Porto de Mós,PMS
5325,[169686371],39.555231666666664,-8.731256166666666,Porto de Mós,PMS
5326,"[169689504, 861213240, 861213241, 861213242, 1202314405, 1202314406, 1202314407, 1202314408]",39.607897668,-8.776996664,Porto de Mós,PMS
5327,"[169786559, 1354004261, 1354004262, 1354004263, 1354004264, 1354004265]",41.361404438095235,-8.740989057142858,Vila do Conde,VCD
5328,[169791276],40.91791126842106,-8.438481742105264,Oliveira de Azeméis,OAZ
5329,"[169793311, 938619038, 938619039, 938619040, 938619041, 938619042]",38.8159116047619,-9.151914780952383,Loures,LRS
5330,[169829345],39.49702723181818,-8.864899190909092,Porto de Mós,PMS
5331,"[169850069, 507072305, 507072306, 974559154, 974559157, 974559159]",32.79102397878788,-17.231697769696968,Calheta,CLT
5332,[169906743],38.18118526842105,-8.562709342105263,Grândola,GDL
5333,[169906787],38.17592295,-8.563900894444444,Grândola,GDL
5334,[169906820],38.182376178947365,-8.562462078947368,Grândola,GDL
5335,"[169908749, 1349836818, 1465592507]",41.36760269333333,-8.750538486666668,Vila do Conde,VCD
5336,"[169908751, 1465592541, 1465592542, 1465592543, 1465592544, 1465592545, 1465592546, 1465592547, 1465592548, 1465592549]",41.40062391875,-8.74615954375,Póvoa de Varzim,PVZ
5337,"[169908815, 1465604375, 1465604376, 1465604377]",41.38292873076924,-8.759830876923077,Póvoa de Varzim,PVZ
5338,"[169908816, 1465592519, 1465592520, 1465592521, 1465592522]",41.38523619523809,-8.757193276190476,Póvoa de Varzim,PVZ
5339,"[169908817, 1465592509, 1465592510, 1465592511, 1465592512]",41.38259321739131,-8.758903226086955,Póvoa de Varzim,PVZ
5340,"[169908821, 1465592529, 1465592530, 1465592531, 1465592532, 1465592533, 1465592534]",41.39258072222223,-8.731436466666665,Póvoa de Varzim,PVZ
5341,[169908892],41.373693368000005,-8.754459672000001,Vila do Conde,VCD
5342,"[169908893, 1468524607, 1468524608, 1468524609, 1468524610, 1468524611, 1468524612]",41.368674361290324,-8.74912335483871,Vila do Conde,VCD
5343,[169908895],41.352970513636365,-8.731900459090909,Vila do Conde,VCD
5344,"[169908909, 1487639023, 1487639024, 1487639025, 1487639026, 1487639027]",41.35858266,-8.755295644999999,Vila do Conde,VCD
5345,"[169909011, 1466752674, 1466752675, 1466752676]",41.39814779473684,-8.724755410526317,Póvoa de Varzim,PVZ
5346,"[169909016, 1465596656, 1465596657, 1465596658]",41.395550105000005,-8.725271625000001,Póvoa de Varzim,PVZ
5347,[170001220],39.56477876666667,-8.644045544444445,Ourém,ORM
5348,[170003652],37.12413844736842,-8.236502336842104,Albufeira,ABF
5349,[170010895],41.20651346666667,-8.6785413875,Matosinhos,MTS
5350,[170088835],37.752455,-25.652388826923076,Ponta Delgada,PDL
5351,[170092709],37.091882633333334,-8.259782785714286,Albufeira,ABF
5352,[170093321],37.09154532666666,-8.258052033333334,Albufeira,ABF
5353,"[170120568, 1463235016, 1463235017, 1463235018]",37.0983353368421,-8.249610405263159,Albufeira,ABF
5354,[170152540],37.08636294761905,-8.243897947619047,Albufeira,ABF
5355,"[170168305, 1457887730, 1457887738, 1457887756]",40.45177925,-8.07107647,Santa Comba Dão,SCD
5356,[170170793],37.742443564999995,-25.688699425000003,Ponta Delgada,PDL
5357,[170186559],37.084395740000005,-8.259729260000002,Albufeira,ABF
5358,[170191253],41.481531393750004,-7.19342214375,Mirandela,MDL
5359,[170211909],41.46213671052631,-8.342389415789473,Guimarães,GMR
5360,[170211920],41.456181072727276,-8.326968627272729,Guimarães,GMR
5361,[170219490],41.497098324999996,-7.178255849999999,Mirandela,MDL
5362,[170288783],37.75764230476191,-25.60666521428571,Ponta Delgada,PDL
5363,[170290115],37.776163067647055,-25.576380167647052,Ribeira Grande,RGR
5364,"[170298325, 1458116523]",40.371760544999994,-8.090245819999998,Santa Comba Dão,SCD
5365,[170299045],41.337141385,-6.9602035849999995,Alfândega da Fé,AFE
5366,[170356582],41.4315478,-7.344043504999999,Mirandela,MDL
5367,[170356591],41.430284976190464,-7.343322976190477,Mirandela,MDL
5368,"[170384689, 1277694950]",38.70790597727273,-9.297635404545456,Oeiras,OER
5369,[170460887],40.86019086315789,-8.472417368421052,Oliveira de Azeméis,OAZ
5370,[170521519],37.14997166249999,-8.364413231250001,Silves,SLV
5371,"[170522261, 1050522398, 1527909390, 1527909391]",37.130962868000005,-8.348209612,Silves,SLV
5372,[170541557],41.462793484615375,-8.320634638461538,Guimarães,GMR
5373,[170626349],39.38640309,-9.18419269,Óbidos,OBD
5374,[170663872],37.10949983333334,-8.334441629166667,Silves,SLV
5375,[170673564],41.566831009999994,-8.449543564999999,Braga,BRG
5376,[170673580],41.56753358,-8.44859172,Braga,BRG
5377,[170673648],41.55821849200001,-8.442143728,Braga,BRG
5378,[170776816],39.46314185714285,-8.50457295238095,Torres Novas,TNV
5379,[170974029],37.723593323809524,-25.429201328571427,Vila Franca do Campo,VFC
5380,"[171142910, 1498992463, 1498992464, 1498992467]",41.40413228571428,-8.500679342857142,Vila Nova de Famalicão,VNF
5381,[171152221],37.72095074545455,-25.441481586363636,Vila Franca do Campo,VFC
5382,[171152223],37.71963576363636,-25.442323354545454,Vila Franca do Campo,VFC
5383,[171253568],38.665577758620685,-9.14686363448276,Almada,ALM
5384,[171253569],38.66797863333333,-9.15244881111111,Almada,ALM
5385,[171417603],39.76333479444445,-8.521053466666665,Ourém,ORM
5386,[171571920],41.30739150000001,-8.34547582,Paços de Ferreira,PFR
5387,[171571925],41.195675161290325,-8.288731187096774,Penafiel,PNF
5388,[171571973],41.26518225,-8.228064387500002,Lousada,LOU
5389,[171571974],41.198653725,-8.282458855000002,Penafiel,PNF
5390,[171580378],38.91525438,-9.205020860000001,Mafra,MFR
5391,[171606184],39.653247740909094,-8.610004590909092,Ourém,ORM
5392,"[171633249, 870751507, 870751508]",37.87684625263159,-8.152832605263157,Aljustrel,AJT
5393,[171722435],38.65979963529412,-27.213728623529413,Angra do Heroísmo,AGH
5394,"[171748878, 799229786, 799229787, 799229788]",39.277095248,-8.705678188,Santarém,STR
5395,[171750406],39.26007218235294,-8.720742805882352,Santarém,STR
5396,[171751054],39.275738714285716,-8.704300471428573,Santarém,STR
5397,"[171751836, 747449034, 1348003017, 1533874109]",39.24669481111111,-8.68694062222222,Santarém,STR
5398,[171752925],39.244083328813566,-8.689782596610168,Santarém,STR
5399,[171755199],39.221530790909085,-8.694334231818182,Santarém,STR
5400,[171755201],39.216301771999994,-8.690710568,Santarém,STR
5401,[171760190],39.262033214285715,-8.695766452380953,Santarém,STR
5402,[171771376],39.23380032916666,-8.686132916666667,Santarém,STR
5403,[171780092],38.654078252380955,-27.212849547619044,Angra do Heroísmo,AGH
5404,[171784731],39.23955825,-8.7034571875,Santarém,STR
5405,[171786834],39.23854283809524,-8.69795126190476,Santarém,STR
5406,[171787243],39.23684618888888,-8.695486203703704,Santarém,STR
5407,"[171789479, 1097361552, 1097361553, 1097361554]",39.24797682173912,-8.69537678695652,Santarém,STR
5408,[171789761],39.24839990909092,-8.703498386363636,Santarém,STR
5409,[171790053],39.249545,-8.70819997368421,Santarém,STR
5410,"[171793147, 714035101, 1233843703, 1233843704]",39.25621977368421,-8.680982105263158,Santarém,STR
5411,[171793264],38.66006974285715,-27.20601664761905,Angra do Heroísmo,AGH
5412,"[171814505, 1354250335, 1354250337]",39.082582849999994,-9.260395645000001,Torres Vedras,TVD
5413,[171823559],39.63528144347826,-8.678061091304347,Ourém,ORM
5414,[171836843],37.11961487619048,-7.6602702476190485,Tavira,TVR
5415,[171837807],37.12449462000001,-7.659567599999999,Tavira,TVR
5416,[171851313],37.134459225,-7.641439475,Tavira,TVR
5417,[171851600],37.13467954347826,-7.634744108695653,Tavira,TVR
5418,[171869016],40.62077093636364,-6.897484745454546,Almeida,ALD
5419,"[171887258, 945291937, 945293249, 945293839, 945511992]",38.65741773,-27.230703400000003,Angra do Heroísmo,AGH
5420,"[171887497, 808568360, 808568361, 905945880]",37.130359206250006,-7.63670000625,Tavira,TVR
5421,[171894047],37.12096000416667,-7.6552434625,Tavira,TVR
5422,[171894058],37.134703914999996,-7.694568209999998,Tavira,TVR
5423,[171919653],37.139415654545445,-7.624144336363636,Tavira,TVR
5424,"[171931207, 945622604, 945622605, 1411994007, 1411994008]",38.656987821428565,-27.236301042857146,Angra do Heroísmo,AGH
5425,[171931208],38.6626525047619,-27.241602761904762,Angra do Heroísmo,AGH
5426,[171985048],39.23895265882353,-8.70333798235294,Santarém,STR
5427,"[171997036, 1515438496, 1528455658]",39.43758602173913,-8.509185369565218,Torres Novas,TNV
5428,"[172042077, 821847329]",40.651385320833334,-8.641705591666666,Aveiro,AVR
5429,[172141283],39.478286745000005,-8.177388445000002,Abrantes,ABT
5430,[172178666],38.660985063157895,-9.204402052631577,Almada,ALM
5431,[172183516],38.66096294444444,-9.207454966666667,Almada,ALM
5432,[172183732],39.22583205,-8.690084022222221,Santarém,STR
5433,"[172192566, 1013434968, 1013434969, 1013434984]",38.64700536,-9.224781153333332,Almada,ALM
5434,"[172199636, 1080877271, 1080877272, 1080877280, 1080891269]",38.63924778947368,-9.230462994736843,Almada,ALM
5435,[172201646],39.10485067142857,-9.316948733333334,Torres Vedras,TVD
5436,"[172214894, 1080877268, 1080877269, 1081868356, 1082615075]",38.65818047500001,-9.240582589999999,Almada,ALM
5437,[172223363],37.12456905789473,-7.654957594736843,Tavira,TVR
5438,"[172229964, 1024716602, 1091146260]",38.640701484210524,-9.159411578947369,Seixal,SXL
5439,"[172259201, 233492025, 233492035]",39.079124138888886,-9.29506393888889,Torres Vedras,TVD
5440,[172260282],38.57084876875,-8.91393053125,Palmela,PLM
5441,[172346274],40.88812144375,-8.455767662500001,Oliveira de Azeméis,OAZ
5442,[172346279],40.887054811764706,-8.45556927647059,Oliveira de Azeméis,OAZ
5443,[172348801],40.9047462,-8.456974905882351,Oliveira de Azeméis,OAZ
5444,"[172359485, 628677349, 628677801, 628677802]",38.7890882125,-9.17752118125,Odivelas,ODV
5445,"[172368946, 204284737, 204284755, 1462568135, 1462568136, 1462568137, 1462568138]",32.73724946666666,-16.73674690952381,Machico,MCH
5446,[172368958],32.68342689545454,-16.795422104545455,Santa Cruz,SCR
5447,"[172374584, 1052844295, 1052848288, 1052848289]",38.9381718375,-9.2318141875,Mafra,MFR
5448,[172374588],38.936203731250004,-9.22921635625,Mafra,MFR
5449,"[172456286, 991368562, 991372690, 991372691, 1275032952, 1275032955, 1275032956]",38.71332170416667,-9.393638079166665,Cascais,CSC
5450,"[172639570, 991390983]",38.709786323529414,-9.413925211764704,Cascais,CSC
5451,[172642264],38.713799403225806,-9.420373445161292,Cascais,CSC
5452,[172643744],38.73142812692308,-9.418921215384616,Cascais,CSC
5453,[172679145],40.360724161538464,-7.34138068076923,Belmonte,BMT
5454,[172679417],41.37465428181818,-8.21297988636364,Felgueiras,FLG
5455,[172679556],41.381079004761915,-8.248742904761905,Felgueiras,FLG
5456,"[172700521, 992096498, 992096500, 992096501, 992096502, 992096513, 1299097310, 1555337881, 1555337882]",38.71658144999999,-9.434162096153846,Cascais,CSC
5457,[172700536],38.71745514999999,-9.444142799999998,Cascais,CSC
5458,[172700560],38.71198444210527,-9.451056910526315,Cascais,CSC
5459,[172739727],38.534128037500004,-28.525320358333335,Madalena,MAD
5460,[172812897],40.530801759999996,-7.257459945000001,Guarda,GRD
5461,"[172832616, 228758886, 228758887, 228758888, 991056032, 991086913]",38.72239895294118,-9.407454729411766,Cascais,CSC
5462,[172903631],41.437968065517246,-8.3336208,Guimarães,GMR
5463,[172903671],41.440027433333334,-8.335240847619048,Guimarães,GMR
5464,[172903767],41.452684850000004,-8.2755066375,Guimarães,GMR
5465,"[172903768, 1118885041, 1118885042, 1118885043, 1118885044, 1118885046, 1118885047]",41.444041693749995,-8.307444793750001,Guimarães,GMR
5466,[172903787],41.60899106190476,-6.883372380952382,Bragança,BGC
5467,[172906482],41.635696760869564,-6.845676334782609,Bragança,BGC
5468,[172906486],41.63497839545455,-6.843271381818181,Bragança,BGC
5469,"[172956382, 1009285801, 1009285803, 1010030164]",41.18019459,-8.661373025,Matosinhos,MTS
5470,"[172963181, 1340075073, 1340075074]",41.164459820000005,-8.645514815,Porto,PRT
5471,"[172970820, 1375870544]",38.6670311,-9.0484283875,Barreiro,BRR
5472,[172986799],38.68753373333333,-28.217342616666667,Velas,VLS
5473,"[173073473, 1378761075, 1378761076, 1378761077, 1378761078]",41.21461152173913,-8.679145852173914,Matosinhos,MTS
5474,[173094106],41.055653545,-8.629233789999999,Vila Nova de Gaia,VNG
5475,"[173094305, 1377440466, 1467704825, 1467704826, 1467881411]",41.060940314285716,-8.632336480952382,Vila Nova de Gaia,VNG
5476,"[173180398, 1313355002, 1313355003, 1313589921, 1313589922, 1355354287, 1355354288]",41.33760742916667,-8.497988254166666,Santo Tirso,STS
5477,[173188139],37.12149980909091,-7.64709209090909,Tavira,TVR
5478,"[173188142, 1481649812, 1481649813, 1481649814, 1481649815]",37.122243431818184,-7.644894118181818,Tavira,TVR
5479,[173193455],38.9371446882353,-8.857097564705883,Benavente,BNV
5480,[173219916],38.7547886451613,-27.0885672032258,Praia da Vitória,VPV
5481,[173333716],40.610813945000004,-6.857313325,Almeida,ALD
5482,[173370930],38.63599222857143,-9.102264923809525,Seixal,SXL
5483,[173485148],38.447602757894735,-28.504429378947364,Madalena,MAD
5484,[173485151],38.44869139473684,-28.506760163157896,Madalena,MAD
5485,[173567668],39.10751593636363,-8.990860240909091,Alenquer,ALQ
5486,"[173583271, 1258858175, 1258858176, 1258858177]",39.26282336,-9.151426768,Bombarral,BBR
5487,[173587531],40.171662735000005,-7.490776865000001,Fundão,FND
5488,[173659893],40.179755855,-7.491622285,Fundão,FND
5489,[173659896],40.17413316666667,-7.487328695238095,Fundão,FND
5490,[173661246],37.19007724761906,-7.437434809523809,Vila Real de Santo António,VRS
5491,[173661247],37.189017368421055,-7.442298952631579,Vila Real de Santo António,VRS
5492,[173661491],37.21962402380952,-7.454683552380952,Castro Marim,CTM
5493,"[173661493, 808572462, 808572463, 924865749, 924865750]",37.1734560125,-7.499106175,Castro Marim,CTM
5494,"[173661679, 808572458, 808572459]",37.170116856250004,-7.5177482875,Vila Real de Santo António,VRS
5495,[173661682],37.12302145625,-7.646259525,Tavira,TVR
5496,[173661684],37.171477124999996,-7.525733695000001,Vila Real de Santo António,VRS
5497,"[173668591, 982882052, 982882053, 982882054]",39.5390077375,-8.988085745833333,Alcobaça,ACB
5498,[173692611],39.459615404761905,-31.127263223809532,Santa Cruz das Flores,SCF
5499,[173692615],39.46125918421052,-31.12909005263158,Santa Cruz das Flores,SCF
5500,[173763116],39.17150748636364,-8.792348436363637,Cartaxo,CTX
5501,[173774323],39.168090852380956,-8.796823595238095,Cartaxo,CTX
5502,"[173809837, 761123237, 761123238, 761123239]",39.69958289,-8.89575519,Leiria,LRA
5503,"[173818107, 777170792, 777170793, 777170794]",39.688604076000004,-8.918608492,Leiria,LRA
5504,[173823211],39.69759419090909,-8.841443727272727,Leiria,LRA
5505,[173833510],40.63052341904762,-7.389928076190476,Celorico da Beira,CLB
5506,[173833511],40.6430046652174,-7.384161647826087,Celorico da Beira,CLB
5507,[173836808],40.63031424545455,-7.412760713636363,Celorico da Beira,CLB
5508,[173836820],40.62854877619048,-7.399141661904761,Celorico da Beira,CLB
5509,[173900524],40.62940358,-7.41441212,Celorico da Beira,CLB
5510,"[173901186, 846672509]",40.64542576666666,-7.384708633333332,Celorico da Beira,CLB
5511,[173922482],39.17003153500001,-8.777475285000003,Cartaxo,CTX
5512,[173944238],41.60614256666666,-7.304799442857142,Valpaços,VLP
5513,"[173975563, 1314209057, 1314209058, 1314222679, 1314222680, 1315206548, 1315206549, 1315565608, 1315589541]",38.8153352631579,-9.292316178947368,Sintra,SNT
5514,"[174048436, 1350503575, 1350503576, 1350503577]",40.163984013043475,-8.842058365217389,Figueira da Foz,FIG
5515,"[174052467, 1290426450, 1350362653]",40.16452604166667,-8.851601995833333,Figueira da Foz,FIG
5516,"[174087641, 1290426447, 1350362650, 1350362651, 1350362652]",40.16405225384615,-8.858218203846153,Figueira da Foz,FIG
5517,[174088637],41.291164025,-8.275865170833333,Lousada,LOU
5518,[174088640],41.29247609090908,-8.276054845454546,Lousada,LOU
5519,[174138083],40.632803242105254,-7.3967168368421055,Celorico da Beira,CLB
5520,"[174143565, 1290426444, 1350503580, 1350503581]",40.163326368750006,-8.873314628125,Figueira da Foz,FIG
5521,[174188203],40.361485756250005,-8.59870489375,Cantanhede,CNT
5522,[174188690],40.418597727272726,-8.661011395454544,Cantanhede,CNT
5523,[174191775],40.416550369999996,-8.59785784,Cantanhede,CNT
5524,[174469939],40.35968185,-8.605395712499998,Cantanhede,CNT
5525,[174469941],40.278395845,-8.522243045,Cantanhede,CNT
5526,[174469943],40.44434568,-8.789787244,Mira,MIR
5527,[174469946],40.361030025,-8.606257725,Cantanhede,CNT
5528,[174469951],40.426469042307694,-8.78540686923077,Mira,MIR
5529,[174470440],40.44620299583334,-8.759897675,Mira,MIR
5530,[174739283],40.223206247619046,-8.414741480952381,Coimbra,CBR
5531,[174739465],40.21293259375,-8.402244231249998,Coimbra,CBR
5532,[174739466],40.202394064705885,-8.400382411764706,Coimbra,CBR
5533,[174759442],41.849605175,-8.864852108333332,Caminha,CMN
5534,[174858343],40.250579764705876,-8.442109076470588,Coimbra,CBR
5535,[174858448],40.1968069,-8.4477242125,Coimbra,CBR
5536,[174858449],40.08929462173912,-8.333542382608696,Miranda do Corvo,MCV
5537,[174903091],39.34948334761904,-9.290871990476191,Peniche,PNI
5538,"[174960624, 1527982687]",39.664590852380954,-8.832995166666665,Batalha,BTL
5539,[174962534],39.66474156666667,-8.835200004761905,Batalha,BTL
5540,"[174962854, 1072681727, 1072681728, 1072681729]",41.745137513636365,-7.482645972727272,Chaves,CHV
5541,[175034513],39.15359326666666,-9.329046671428571,Torres Vedras,TVD
5542,"[175092730, 1544674277]",40.62871351578947,-8.614257221052632,Aveiro,AVR
5543,[175108463],40.091013495238094,-8.315354623809524,Miranda do Corvo,MCV
5544,[175108464],40.15768990625,-8.33465304375,Miranda do Corvo,MCV
5545,[175108465],40.09473362352941,-8.329860411764704,Miranda do Corvo,MCV
5546,[175108466],40.105490494444446,-8.300060505555555,Lousã,LSA
5547,[175108467],40.09454433333333,-8.322890111111112,Miranda do Corvo,MCV
5548,[175108468],40.16532129375,-8.45992015625,Coimbra,CBR
5549,[175108469],40.254340700000014,-8.431590756521738,Coimbra,CBR
5550,[175108471],40.09158374705882,-8.31657858235294,Miranda do Corvo,MCV
5551,[175110172],40.233283657894745,-8.4282067,Coimbra,CBR
5552,[175110173],40.14277147619047,-8.460056228571428,Coimbra,CBR
5553,[175110177],40.225008300000006,-8.4300276,Coimbra,CBR
5554,[175110178],40.23486971052632,-8.4281753,Coimbra,CBR
5555,[175110182],40.0935422,-8.323953857894738,Miranda do Corvo,MCV
5556,[175115828],40.127027327272735,-8.274754077272725,Lousã,LSA
5557,[175115829],40.12525896363636,-8.27419634090909,Lousã,LSA
5558,"[175120035, 892707384, 892707385, 892707386]",40.13610335384616,-8.25041843076923,Lousã,LSA
5559,[175129499],38.958437599999996,-8.531446344444445,Coruche,CCH
5560,[175129503],38.959714057894736,-8.532016552631578,Coruche,CCH
5561,[175129516],38.95868105789474,-8.53605045263158,Coruche,CCH
5562,[175179178],37.19300091111111,-7.513857522222221,Castro Marim,CTM
5563,[175275763],40.6358904,-8.61878305,Aveiro,AVR
5564,[175292314],41.7577994,-8.582538300000001,Ponte de Lima,PTL
5565,[175301046],41.90966160000001,-8.562695530000001,Paredes de Coura,PCR
5566,[175301050],41.91281771904762,-8.564022966666665,Paredes de Coura,PCR
5567,"[175319155, 1546004937, 1546004977, 1546004978]",40.92760926315789,-7.507850536842106,Sernancelhe,SRN
5568,"[175319156, 606923244]",40.91646756153846,-7.513121765384616,Sernancelhe,SRN
5569,"[175319157, 1551321453, 1551321454, 1551321459, 1551321460]",40.8203444625,-7.5457758718750005,Aguiar da Beira,AGB
5570,[175359452],41.74497783157895,-7.472368178947369,Chaves,CHV
5571,[175359469],41.745269470588234,-7.473465558823529,Chaves,CHV
5572,"[175405585, 1165441764]",41.77969139166667,-8.586183591666666,Ponte de Lima,PTL
5573,[175449165],37.137593132,-7.646816986,Tavira,TVR
5574,"[175502636, 760403501]",41.54220907894737,-8.790927715789474,Esposende,EPS
5575,"[175510252, 676832270, 676832275, 676838002, 744811374, 744814371]",38.77562511428572,-9.15593300952381,Lisboa,LSB
5576,[175510254],38.77648173157894,-9.157215721052632,Lisboa,LSB
5577,"[175589756, 1457609967, 1457609968]",40.40158722380952,-8.047655923809524,Carregal do Sal,CRS
5578,[175647230],39.058146495454544,-9.241389063636364,Torres Vedras,TVD
5579,[175812798],41.52859844285714,-8.579109738095237,Barcelos,BCL
5580,[175812958],41.521334304166665,-8.609465958333333,Barcelos,BCL
5581,[175819988],41.28926398,-8.21083492,Lousada,LOU
5582,[175837900],37.13633140666666,-7.63976088,Tavira,TVR
5583,"[175842988, 1011120053, 1291072742, 1326314833, 1331422049]",38.79445868181818,-9.111405504545456,Loures,LRS
5584,"[175844916, 1334958393, 1334958396]",38.80551719411765,-9.128956029411766,Loures,LRS
5585,"[175849198, 1291072740, 1335852052, 1335852053, 1339046265, 1339046266]",38.806087784374995,-9.09608508125,Loures,LRS
5586,"[175849339, 1334861159, 1334861160, 1334861187, 1339046268]",38.810385641176474,-9.099469652941178,Loures,LRS
5587,"[175849530, 1291072739, 1335852054, 1335852055]",38.81123863,-9.093077939999999,Loures,LRS
5588,"[175849741, 1222210071, 1222210072, 1335852056, 1391264461, 1391264464]",38.825518304999996,-9.08696454,Loures,LRS
5589,"[175854943, 624930351, 1331422080, 1331422085, 1339145661, 1339145665]",38.78035790952381,-9.101723185714286,Loures,LRS
5590,[175876543],37.13209047857142,-7.65319747142857,Tavira,TVR
5591,[175877257],39.74123345454545,-8.795833777272728,Leiria,LRA
5592,"[175877479, 905643580]",39.725994875000005,-8.81294776,Leiria,LRA
5593,[175878474],37.145841835294114,-7.6046946058823535,Tavira,TVR
5594,[175967996],38.64324886875001,-8.2096540625,Montemor-o-Novo,MMN
5595,[175997003],37.94644014210527,-8.181156215789471,Aljustrel,AJT
5596,[176031834],41.514412505555555,-8.434953049999999,Braga,BRG
5597,"[176071073, 1456556755, 1456556756, 1456556759]",40.53911562727273,-7.8496383636363625,Nelas,NLS
5598,"[176071076, 1456556751, 1456556752, 1456556764, 1456556765, 1456556803]",40.538872095454536,-7.856618254545452,Nelas,NLS
5599,"[176071078, 1456556753, 1456556754, 1456556762, 1456556763]",40.54003963461538,-7.854319557692308,Nelas,NLS
5600,"[176071083, 1456556767, 1456556768, 1456556773, 1456556801, 1456556802]",40.53004078823529,-7.854629964705882,Nelas,NLS
5601,"[176071085, 1456556757, 1456556758, 1456561655, 1456561658, 1481441625]",40.539645711764706,-7.845738070588236,Nelas,NLS
5602,"[176081374, 1320159343]",40.422657470000004,-7.733360234999999,Seia,SEI
5603,[176198969],41.443836860000005,-8.421427935,Vila Nova de Famalicão,VNF
5604,[176199091],41.428251835,-8.433500985,Vila Nova de Famalicão,VNF
5605,[176199100],41.42719265909091,-8.436177309090908,Vila Nova de Famalicão,VNF
5606,[176199104],41.428915925,-8.435207594999998,Vila Nova de Famalicão,VNF
5607,"[176273743, 1072659299]",41.75933441818182,-7.469082600000001,Chaves,CHV
5608,[176276362],37.17687857894737,-7.534784078947367,Vila Real de Santo António,VRS
5609,[176292972],39.028525147619064,-8.965991871428571,Alenquer,ALQ
5610,[176292974],39.02815378421052,-8.967695394736841,Alenquer,ALQ
5611,[176293469],39.028728405555555,-8.964908511111112,Alenquer,ALQ
5612,[176521260],40.417032733333336,-7.709269738888889,Seia,SEI
5613,[176521284],40.411487314285715,-7.707442338095237,Seia,SEI
5614,[176525714],40.42089817,-7.69803022,Seia,SEI
5615,[176541068],40.41388121875,-7.708579674999999,Seia,SEI
5616,[176573962],40.41916582857144,-7.795472938095238,Seia,SEI
5617,[176710475],38.112168243478266,-8.787375152173912,Santiago do Cacém,STC
5618,[176713294],38.11377431904762,-8.794912638095237,Santiago do Cacém,STC
5619,[176721934],40.52149891818181,-7.866242272727274,Nelas,NLS
5620,[176721935],40.52498695652174,-7.866443252173913,Nelas,NLS
5621,[176721939],40.52816944782609,-7.8665383956521735,Nelas,NLS
5622,[176722542],40.536879104761915,-7.859607947619049,Nelas,NLS
5623,[176722553],40.53360766,-7.862686104999999,Nelas,NLS
5624,"[176723365, 1456556760, 1456556761]",40.537808852941176,-7.849878847058823,Nelas,NLS
5625,[176723894],40.542436790909086,-7.845445954545454,Nelas,NLS
5626,[176723898],40.542226417391305,-7.849460047826088,Nelas,NLS
5627,[176727174],40.534877109523805,-7.843387371428572,Nelas,NLS
5628,[176727842],40.53669412352941,-7.848329564705883,Nelas,NLS
5629,"[176766714, 1359714734, 1359714735, 1359714746, 1359714747]",38.70320324782608,-8.922312682608695,Montijo,MTJ
5630,[176766721],38.70462753571429,-8.920800807142857,Montijo,MTJ
5631,"[176790547, 1456556782, 1456556783, 1456556824, 1456561654]",40.5213010909091,-7.852651390909091,Nelas,NLS
5632,"[176790552, 1456556780, 1456556781, 1456556825]",40.52492113478261,-7.853029156521738,Nelas,NLS
5633,"[176792640, 1456556791, 1456556820, 1456556821, 1456561660, 1456561661]",40.486788669565215,-7.865539991304347,Nelas,NLS
5634,"[176885393, 1481441613, 1481441617, 1481441632, 1481441633]",40.53690590588236,-7.791074558823529,Nelas,NLS
5635,"[176885404, 1481441623, 1481441626, 1481441627]",40.54095109090909,-7.837936704545455,Nelas,NLS
5636,[176885409],40.54005883333333,-7.8230668904761895,Nelas,NLS
5637,[176989509],41.31960713333334,-8.191667119047619,Felgueiras,FLG
5638,[176990554],41.32226673846154,-8.150714296153847,Felgueiras,FLG
5639,[176992831],41.45404625454545,-8.720507522727273,Póvoa de Varzim,PVZ
5640,"[176992854, 1469743906, 1469743907, 1469743908, 1469743909, 1469743910, 1486102035, 1486102036]",41.449732259375,-8.719223203124999,Póvoa de Varzim,PVZ
5641,"[176992916, 439709741, 439709742]",41.60024270588235,-8.765855,Esposende,EPS
5642,"[176992917, 1483852335, 1483852336, 1483852337, 1483852338, 1483852339, 1483852340, 1483852341, 1483852342]",41.48509026875,-8.75951963125,Esposende,EPS
5643,"[176992990, 1348547508, 1348554054, 1348554055]",41.52173732380952,-8.754405752380952,Esposende,EPS
5644,"[177011763, 315925824, 315925825]",32.67717318181819,-16.847534468181813,Santa Cruz,SCR
5645,"[177053400, 1456109166, 1456109167, 1456109170, 1456109171]",40.59969173636363,-7.761803631818182,Mangualde,MGL
5646,"[177058284, 583661744, 1169809591, 1169809592, 1169809593, 1169809594, 1456302094]",40.61602138,-7.759170311999998,Mangualde,MGL
5647,"[177058285, 1431188051, 1431188052, 1431188053, 1431188084, 1431188087, 1431188088, 1456302092]",40.604847704166666,-7.762411079166665,Mangualde,MGL
5648,"[177058294, 1431188085, 1431188086, 1456109168, 1456109169]",40.60093086428572,-7.761422957142857,Mangualde,MGL
5649,[177124529],40.01102696666667,-8.81607053809524,Pombal,PBL
5650,[177143605],41.31635135,-8.142935058333334,Amarante,AMT
5651,[177144131],41.32937051818181,-8.15022400909091,Felgueiras,FLG
5652,[177147621],41.31440726666667,-8.135002811111113,Amarante,AMT
5653,"[177394512, 1230042069, 1278892999, 1278893000, 1284514598, 1329794543]",38.7235897173913,-9.229467165217391,Oeiras,OER
5654,"[177596290, 813373569]",40.046126221052624,-7.801726915789472,Pampilhosa da Serra,PPS
5655,[177619296],38.797379604347825,-9.236959434782609,Sintra,SNT
5656,[177640577],37.03638686086956,-7.832088713043478,Olhão,OLH
5657,"[177647546, 1119284671, 1119284672, 1119284674, 1119284675]",40.115654240000005,-8.634918429999999,Soure,SRE
5658,[177862586],39.727703354545454,-8.797784927272726,Leiria,LRA
5659,[178068848],41.61108700952381,-7.313114852380951,Valpaços,VLP
5660,"[178406040, 1345769363]",41.551386184210536,-7.3231125105263155,Valpaços,VLP
5661,[178408746],41.56583865238096,-7.427462080952383,Valpaços,VLP
5662,"[178414775, 1012893186, 1042422300, 1276697106, 1276697107, 1305591046]",38.77816969047618,-9.222708690476189,Amadora,AMD
5663,"[178414779, 1012806924, 1012893184, 1012893185, 1305591047, 1527855741]",38.773553220833335,-9.2225919,Amadora,AMD
5664,"[178414780, 1012806925, 1012893182, 1012893183, 1305591045, 1305591048]",38.77147184347826,-9.225207239130436,Amadora,AMD
5665,"[178414791, 1007447915, 1007447916, 1007447917, 1012806922, 1042422301, 1304000052, 1341170512]",38.77697992285714,-9.217833848571429,Amadora,AMD
5666,[178716541],41.64186246086957,-7.211264247826087,Mirandela,MDL
5667,[178716544],41.640972865,-7.211793455000001,Mirandela,MDL
5668,[178755869],40.36291459444445,-7.342205500000001,Belmonte,BMT
5669,[178760810],40.403260124999996,-7.520136875000001,Manteigas,MTG
5670,[178767072],40.30314009473684,-7.372431789473685,Belmonte,BMT
5671,[179016988],40.403230784210535,-7.716849336842104,Seia,SEI
5672,[179017002],40.4041088125,-7.7228250625,Seia,SEI
5673,[179018313],40.4166927875,-7.73464824375,Seia,SEI
5674,[179020014],41.66430126666666,-7.33303072857143,Valpaços,VLP
5675,[179022874],41.65492658095238,-7.319681152380953,Valpaços,VLP
5676,[179034219],40.39907545,-7.712777450000001,Seia,SEI
5677,[179034241],40.40136507777778,-7.715612894444444,Seia,SEI
5678,"[179061512, 1118155527, 1118155528, 1118448494, 1118448495, 1120803840, 1120803841]",41.21979016428571,-8.712520153571427,Matosinhos,MTS
5679,"[179145593, 1278237591, 1278237592, 1278237621]",38.70179811818181,-9.307160549999999,Oeiras,OER
5680,[179146385],38.69941786842105,-9.305799299999999,Oeiras,OER
5681,[179288109],40.599937000000004,-8.65961006,Ílhavo,ILH
5682,[179288136],40.597552542857144,-8.660343082142857,Ílhavo,ILH
5683,"[179293091, 319413900, 319413902]",32.805330478571435,-16.88507661785714,Santana,STN
5684,[179410953],40.30235815555556,-7.466463055555555,Covilhã,CVL
5685,[179416098],40.35489843529412,-7.440435158823529,Covilhã,CVL
5686,[179417486],40.421884660869566,-7.73280025652174,Seia,SEI
5687,"[179425832, 877297430, 877297431, 1431471975, 1431473977, 1431494254]",40.5162854,-8.080398023809522,Tondela,TND
5688,"[179430828, 1458288535, 1458288536, 1458288539, 1458288562]",40.518642336363634,-8.083725836363637,Tondela,TND
5689,"[179432621, 1431494250, 1431494251, 1431494252, 1431494253, 1458288534]",40.51871469565217,-8.083120352173916,Tondela,TND
5690,"[179446681, 1458368194, 1458368195]",40.52729677,-8.099772865,Tondela,TND
5691,"[179448027, 1458368199, 1458368200, 1458378195, 1461495580]",40.5194846,-8.111133629411764,Tondela,TND
5692,"[179453851, 1461495586, 1461495587, 1461495589]",40.48801130416666,-8.164435825,Tondela,TND
5693,[179455064],40.48679562777778,-8.153108744444445,Tondela,TND
5694,"[179457771, 1531377532, 1531377536]",40.46765964736842,-8.098929363157895,Tondela,TND
5695,"[179457951, 645715012, 645715013, 645715014, 645715015, 645715016, 1531377531]",40.45905048,-8.112274119999999,Tondela,TND
5696,[179460550],40.447938142105265,-8.12561132105263,Santa Comba Dão,SCD
5697,[179466390],41.53312397222223,-8.398307116666667,Braga,BRG
5698,[179580623],40.46428883333333,-7.848261457142856,Oliveira do Hospital,OHP
5699,[179583321],40.4605647125,-7.873394875000001,Oliveira do Hospital,OHP
5700,"[179583436, 1307092070, 1307092072, 1307092073, 1307092074]",38.710105277272724,-9.314438499999998,Oeiras,OER
5701,[179583609],38.712589836842106,-9.314802957894736,Oeiras,OER
5702,[179591846],37.872510782142854,-8.170087453571428,Aljustrel,AJT
5703,"[179609820, 1305884523, 1305884524, 1305884534]",38.68094664166667,-9.3171313625,Oeiras,OER
5704,[179621814],40.5254198,-7.194095345000001,Guarda,GRD
5705,[179624456],40.52498153157895,-7.199487973684211,Guarda,GRD
5706,[179628557],40.53100444444445,-7.197626,Guarda,GRD
5707,[179638074],40.16034811363637,-8.109450581818182,Góis,GOI
5708,"[179642284, 1020521825, 1020525466, 1020525467, 1083706491]",38.598630435000004,-9.046912180000001,Barreiro,BRR
5709,[179648921],40.15584615499999,-8.118830069999998,Góis,GOI
5710,[179659705],38.76097880416666,-27.072923854166664,Praia da Vitória,VPV
5711,[179659706],38.759700204999994,-27.074841595,Praia da Vitória,VPV
5712,[179659707],38.76219128421052,-27.071684505263157,Praia da Vitória,VPV
5713,[179659709],38.76113991,-27.07003359,Praia da Vitória,VPV
5714,"[179758485, 1239450388, 1239450389, 1239450390]",39.29225803043479,-9.280137578260868,Lourinhã,LNH
5715,[179796846],38.68395645217391,-27.060931469565215,Praia da Vitória,VPV
5716,[179796858],38.71092439545455,-27.060825668181817,Praia da Vitória,VPV
5717,"[179823849, 1238738852, 1238738853, 1238738854]",39.30321369047619,-9.29076973809524,Peniche,PNI
5718,[179891354],41.48871823333333,-7.171080876190476,Mirandela,MDL
5719,"[179955230, 1278203950, 1278203964]",38.70944848,-9.305704731999999,Oeiras,OER
5720,[180033429],39.19666922272728,-8.616556190909092,Almeirim,ALR
5721,[180033439],39.199759209090914,-8.614939640909093,Almeirim,ALR
5722,[180110429],40.11128188,-8.250167126666668,Lousã,LSA
5723,[180118101],37.148116524193554,-8.544875551612902,Portimão,PTM
5724,[180132061],39.55774434285714,-7.9934148714285715,Mação,MAC
5725,[180299803],41.4178137590909,-7.409544350000001,Murça,MUR
5726,[180299804],41.41865327619047,-7.410805666666666,Murça,MUR
5727,"[180323461, 890783444, 890783445]",37.11533671212122,-8.341469212121211,Silves,SLV
5728,"[180325141, 1050522396, 1463235038, 1463235039]",37.12329774285714,-8.347907209523807,Silves,SLV
5729,[180337402],37.15905444761905,-7.889547876190475,São Brás de Alportel,SBA
5730,[180337502],37.15921594090909,-7.885360745454545,São Brás de Alportel,SBA
5731,[180350000],40.77215981,-7.572303099999999,Aguiar da Beira,AGB
5732,[180376056],37.148113238095235,-7.881365557142859,São Brás de Alportel,SBA
5733,"[180385124, 929254983, 929254984]",37.163577172222226,-7.892433911111111,São Brás de Alportel,SBA
5734,[180414338],37.15372657499999,-7.886615415,São Brás de Alportel,SBA
5735,[180418724],37.15647051249999,-7.883030843749999,São Brás de Alportel,SBA
5736,[180422269],37.152304055,-7.879632340000001,São Brás de Alportel,SBA
5737,[180435475],39.384296738095244,-9.22693845714286,Óbidos,OBD
5738,[180440123],40.777784228571434,-7.576725052380953,Aguiar da Beira,AGB
5739,[180456923],37.144072484210525,-7.901361368421052,São Brás de Alportel,SBA
5740,"[180478052, 1268549962]",38.778938680952386,-7.417874680952382,Vila Viçosa,VVC
5741,[180537870],39.06916711578947,-8.876273868421052,Azambuja,AZB
5742,[180542360],39.73828705714286,-7.909090585714287,Proença-a-Nova,PNV
5743,[180542361],39.746061991666664,-7.920560537499999,Proença-a-Nova,PNV
5744,[180542362],39.747866040000005,-7.924816559999999,Proença-a-Nova,PNV
5745,[180542365],39.73668678000001,-7.909066040000001,Proença-a-Nova,PNV
5746,[180552021],40.57304282380953,-8.437989423809524,Águeda,AGD
5747,[180552022],40.57135637142857,-8.440950447619048,Águeda,AGD
5748,"[180552958, 1390962407, 1390962408, 1390962411]",38.93287114736842,-9.016369042105262,Vila Franca de Xira,VFX
5749,"[180556584, 1390962400, 1390962401]",38.930229825,-9.018226190000002,Vila Franca de Xira,VFX
5750,[180558154],38.76570516842105,-8.03464577368421,Arraiolos,ARL
5751,[180560864],37.208589583333335,-7.5517880388888905,Vila Real de Santo António,VRS
5752,"[180606787, 1137440321, 1137440322]",37.13817158095239,-7.9968600714285705,Loulé,LLE
5753,"[180615354, 1137440319, 1137440320]",37.137677274999994,-8.0015253125,Loulé,LLE
5754,[180617997],37.13876769545455,-8.02927800909091,Loulé,LLE
5755,"[180680902, 1090284501, 1090284502, 1090284503, 1350719962]",41.304376291304344,-7.7464059608695655,Vila Real,VRL
5756,"[180693550, 1529717661, 1529717662, 1529717663, 1529717665]",39.942185267999996,-8.66312864,Pombal,PBL
5757,"[180696920, 1529717659, 1529717664]",39.945258875,-8.656633250000002,Pombal,PBL
5758,[180696940],39.9451594,-8.653060036842108,Pombal,PBL
5759,"[180701265, 308398233, 308398234, 357842578, 358137934, 1157231281, 1157231282]",38.525028526086956,-28.632768799999994,Horta,HRT
5760,"[180713998, 886321594, 886321595, 886321596]",39.92244282608695,-8.356030530434783,Ansião,ANS
5761,[180714129],39.91962055909091,-8.35752438181818,Ansião,ANS
5762,[180716999],38.69789644736842,-9.367299126315789,Cascais,CSC
5763,[180731850],39.913478123809526,-8.619959704761904,Pombal,PBL
5764,"[180775317, 1546004961, 1546004971, 1546004972, 1547532556, 1547532558]",40.82983355,-7.530467616666666,Aguiar da Beira,AGB
5765,[180809684],38.63298567368421,-9.197776963157894,Almada,ALM
5766,[180816474],40.343013246874996,-8.307702421875,Penacova,PCV
5767,[180824344],37.105879054999996,-8.235584395,Albufeira,ABF
5768,[180825112],37.103727331818185,-8.236164881818183,Albufeira,ABF
5769,[180828083],40.39477984736842,-8.25668089736842,Mortágua,MRT
5770,[180831303],37.099278955555555,-8.228754077777776,Albufeira,ABF
5771,[180835567],40.3083750875,-8.242068356250002,Penacova,PCV
5772,[180837804],37.09743741578948,-8.230300905263158,Albufeira,ABF
5773,"[180842470, 1427125176, 1427125177, 1427125178, 1481666572, 1481666573]",37.0938068173913,-8.232915152173913,Albufeira,ABF
5774,"[180849264, 1315788684, 1315788685, 1321969954]",41.25378146315789,-8.4922672,Santo Tirso,STS
5775,[180858482],37.08580788235294,-8.232355788235296,Albufeira,ABF
5776,[180860194],40.9830096263158,-7.6108142315789475,Moimenta da Beira,MBR
5777,"[180952127, 1349836776]",41.59176947619047,-6.525943852380952,Vimioso,VMS
5778,"[180952134, 1349836775]",41.59231372857143,-6.52329708095238,Vimioso,VMS
5779,[180952139],41.59267317894737,-6.526528526315789,Vimioso,VMS
5780,"[180993289, 1277694945, 1277694946, 1277694978]",38.73111178095238,-9.309103033333333,Oeiras,OER
5781,"[180993590, 1278203955, 1278203961]",38.73339455238095,-9.303663661904764,Oeiras,OER
5782,[181071072],37.10613856315789,-8.254010252631577,Albufeira,ABF
5783,[181317517],37.103428938095234,-8.238251361904762,Albufeira,ABF
5784,[181326077],37.101848463636365,-8.238383363636364,Albufeira,ABF
5785,[181327425],37.09910166923077,-8.239101007692307,Albufeira,ABF
5786,[181329389],40.44249184545454,-8.440704640909091,Anadia,AND
5787,"[181338237, 308975125, 547507487, 609825756, 665322158]",38.5419470875,-28.621209612499996,Horta,HRT
5788,"[181456958, 1337179164, 1347179779]",38.81222419047619,-9.189540571428571,Odivelas,ODV
5789,[181471951],37.51562053888889,-8.058332566666667,Almodôvar,ADV
5790,[181511766],40.41367146818181,-8.43368433181818,Anadia,AND
5791,[181582033],39.917278788888886,-8.597113927777777,Pombal,PBL
5792,[181606214],39.92750231111111,-8.605035744444443,Pombal,PBL
5793,[181620616],41.63087986363636,-8.696939890909087,Barcelos,BCL
5794,[181620618],41.63829993181818,-8.671191381818183,Barcelos,BCL
5795,[181620627],41.64019376818183,-8.668106063636365,Barcelos,BCL
5796,[181623998],41.64599411428571,-8.69737205238095,Viana do Castelo,VCT
5797,[181732532],40.83826881904762,-8.386904509523811,Vale de Cambra,VLC
5798,[182103087],40.4434359,-8.434333895238096,Anadia,AND
5799,[182103091],40.441317863636364,-8.433438527272726,Anadia,AND
5800,[182103113],40.445374199999996,-8.43575855,Anadia,AND
5801,[182149281],40.77739793888889,-8.491621522222223,Oliveira de Azeméis,OAZ
5802,[182197397],40.44082468095238,-8.435012742857143,Anadia,AND
5803,"[182240423, 1427125183, 1427125184, 1427125185]",37.098914504166665,-8.217809116666666,Albufeira,ABF
5804,[182242893],37.09974211666667,-8.216007866666667,Albufeira,ABF
5805,[182247595],37.09597980526316,-8.225017694736842,Albufeira,ABF
5806,[182279273],37.09296022222222,-8.2121639,Albufeira,ABF
5807,"[182320343, 1248850823, 1248850824, 1551321444, 1551321445, 1551321461, 1551321462, 1557967276, 1557967277]",40.870336214999995,-7.581823879999999,Sernancelhe,SRN
5808,[182398957],40.50035750000001,-8.562744050000001,Oliveira do Bairro,OBR
5809,[182513191],39.68068638235294,-8.332839617647057,Ferreira do Zêzere,FZZ
5810,[182513568],41.946791391999994,-8.741880408,Vila Nova de Cerveira,VNC
5811,"[182520039, 642490852, 1115783319, 1116987338, 1411462826]",41.26357461052632,-8.574832563157894,Trofa,TRF
5812,"[182522353, 1115783320, 1115783321]",41.25793350555555,-8.583880988888888,Maia,MAI
5813,[182598918],40.48137286086956,-8.573259695652174,Oliveira do Bairro,OBR
5814,[182613604],38.777458872727266,-7.315717236363638,Vila Viçosa,VVC
5815,[182613607],38.776072785,-7.317754585000001,Vila Viçosa,VVC
5816,[182702734],38.36481247142857,-7.514632523809524,Reguengos de Monsaraz,RMZ
5817,[182702742],38.369021715,-7.51506773,Reguengos de Monsaraz,RMZ
5818,[182702751],38.34643007142857,-7.512584209523809,Reguengos de Monsaraz,RMZ
5819,[182703636],38.19810339523809,-7.487184538095237,Moura,MRA
5820,[182709763],38.63737506875,-9.15241464375,Seixal,SXL
5821,[182730694],37.03544017777777,-7.954259683333333,Faro,FAR
5822,[182732202],37.036848985714286,-7.954176366666667,Faro,FAR
5823,"[182735006, 1524045563]",37.02754823181819,-7.943084154545456,Faro,FAR
5824,[182736098],37.02974555833333,-7.939861212499999,Faro,FAR
5825,"[182739638, 1160850960, 1160850961, 1160850962, 1524149126, 1524149127]",37.021161957894726,-7.939353936842104,Faro,FAR
5826,[182780522],37.777948890909094,-25.568400954545453,Ribeira Grande,RGR
5827,[182813704],38.79001535,-9.144578894444445,Loures,LRS
5828,"[182813706, 923412005, 938804562, 938804563, 938804564, 938804565, 938804566, 1011120070]",38.798470225,-9.13709963,Loures,LRS
5829,"[182813734, 938804568]",38.790896915789475,-9.136669831578947,Loures,LRS
5830,"[182828087, 1444677296, 1444677297, 1444677298, 1524045566, 1524045572]",37.03024080769231,-7.931451315384615,Faro,FAR
5831,"[182838062, 1019783319, 1019783320, 1019783321, 1019783322]",37.02116556111111,-7.932260711111111,Faro,FAR
5832,[182859331],37.02969220476191,-7.946884999999999,Faro,FAR
5833,[182877210],38.73871857142858,-9.234074085714287,Amadora,AMD
5834,[182877213],38.73877302499999,-9.239981225,Amadora,AMD
5835,[182877215],38.74008567894737,-9.238623631578948,Amadora,AMD
5836,[182877218],38.738921815000005,-9.238168475,Amadora,AMD
5837,"[182877221, 1278892991, 1284514602, 1338636160, 1338665001]",38.72803544782608,-9.221775104347826,Oeiras,OER
5838,"[182877222, 1230013775, 1237495787, 1300744239]",38.732216965000006,-9.215712155,Amadora,AMD
5839,"[182877223, 1230013769, 1278664045, 1300744241]",38.740051504545455,-9.219632068181818,Amadora,AMD
5840,[182877224],38.73635011578947,-9.235092831578948,Amadora,AMD
5841,"[182877225, 1361783051, 1361783052, 1361783053]",38.74061081153847,-9.240267946153846,Amadora,AMD
5842,[182880829],39.335214055555554,-7.331829322222223,Portalegre,PTG
5843,[182883987],41.53076658823529,-8.61884047647059,Barcelos,BCL
5844,[182888170],40.441747585,-8.411776065,Anadia,AND
5845,[182888177],40.43517426363637,-8.433338359090909,Anadia,AND
5846,"[182888513, 1319905793]",38.803629799999996,-9.169011484999999,Odivelas,ODV
5847,"[182888759, 944603130, 944603131, 944603132, 944603133, 944603134, 944603135, 1481651485]",37.013631963636364,-7.92624180909091,Faro,FAR
5848,[182889610],38.7608227125,-9.173014375000001,Lisboa,LSB
5849,"[182890760, 686029255, 686029256, 1462068991, 1462068992]",37.0115359,-7.9312504352941176,Faro,FAR
5850,[182890769],37.012742745,-7.931239504999999,Faro,FAR
5851,"[182899018, 1005096375, 1005096376, 1235860116, 1337179154, 1339033751]",38.787988375,-9.19084615625,Odivelas,ODV
5852,"[182900659, 1005096403, 1005096404, 1005096405, 1007447953, 1007447954, 1301633169]",38.79087670625,-9.176637875,Odivelas,ODV
5853,"[182904825, 1546004936]",40.93909838947368,-7.50203122631579,Sernancelhe,SRN
5854,"[182938251, 1122139737, 1122139738]",41.191387615000004,-8.641256755000002,Matosinhos,MTS
5855,"[182944404, 1339033769, 1339033770, 1339033774, 1391015482, 1391015483]",38.806703436363634,-9.178402418181818,Odivelas,ODV
5856,"[182944475, 1341529132, 1341529133, 1341529137]",38.78532121875,-9.17973690625,Odivelas,ODV
5857,"[182944476, 1007901945, 1007904023, 1007904024, 1339697037, 1339697049]",38.7962543375,-9.17883676875,Odivelas,ODV
5858,"[182979907, 944828423, 944828424, 944828425, 944828426]",37.01635308,-7.931446919999999,Faro,FAR
5859,[182984646],42.06228292,-8.511177029999999,Monção,MNC
5860,"[183010944, 638520986, 638520989, 638520992]",37.031215425,-7.913882752777777,Faro,FAR
5861,[183037036],38.8274222952381,-9.082186414285715,Loures,LRS
5862,[183060071],40.48320108571429,-8.491370747619047,Anadia,AND
5863,[183071248],37.02789164736841,-7.974539142105263,Faro,FAR
5864,[183120971],40.40350880909091,-8.22979564090909,Mortágua,MRT
5865,[183120972],40.39893582222223,-8.230586083333332,Mortágua,MRT
5866,[183122144],40.39310042142858,-8.234441042857144,Mortágua,MRT
5867,"[183183086, 1070106824]",38.481867162499995,-9.12254399375,Sesimbra,SSB
5868,"[183183124, 1070106831, 1369606667]",38.472319275,-9.10646155,Sesimbra,SSB
5869,"[183199466, 1245892637, 1245892638, 1245892670, 1356436334, 1356436371]",38.56516045625,-8.946022775,Palmela,PLM
5870,"[183201824, 1301576845, 1301576846, 1301576847, 1369606685, 1369606686, 1369606687]",38.47724077826087,-9.16141023478261,Sesimbra,SSB
5871,[183225173],37.13186089166667,-8.037668016666666,Loulé,LLE
5872,[183227282],37.130872454545454,-8.031923486363636,Loulé,LLE
5873,[183237981],39.69340099,-8.29399141,Ferreira do Zêzere,FZZ
5874,"[183238094, 1146814728, 1146814729]",37.12937110833334,-8.038726829166668,Loulé,LLE
5875,[183305278],40.38124851,-8.67798995,Cantanhede,CNT
5876,[183306692],40.394047915,-8.681116744999999,Cantanhede,CNT
5877,[183318258],40.33317014285715,-8.667019142857143,Cantanhede,CNT
5878,"[183331314, 1331109670, 1331109671, 1331711277, 1331711278]",38.78517056842105,-9.307065694736842,Sintra,SNT
5879,"[183331369, 1275417680, 1275417681, 1275417684]",38.788247095454544,-9.305265627272725,Sintra,SNT
5880,[183366743],37.75309848888888,-25.670674605555558,Ponta Delgada,PDL
5881,[183397996],40.43879841904762,-8.558557080952381,Anadia,AND
5882,"[183404456, 323786534, 323786539, 323786540]",41.5913917,-8.439400537500001,Braga,BRG
5883,[183419161],40.447918709999996,-8.556653404999999,Anadia,AND
5884,[183425877],40.4647397173913,-8.440137308695652,Anadia,AND
5885,[183426452],39.80342027,-7.538833145000001,Castelo Branco,CTB
5886,[183505285],41.7390460125,-7.47232261875,Chaves,CHV
5887,[183579651],40.43443005789474,-8.005473884210527,Carregal do Sal,CRS
5888,[183579652],40.392900725,-7.950486583333333,Tábua,TBU
5889,[183579653],40.393223240909094,-7.9763527181818175,Tábua,TBU
5890,[183579867],40.393713041666665,-7.97099595,Tábua,TBU
5891,"[183602210, 1384409151]",38.78263372222222,-9.30044141111111,Sintra,SNT
5892,[183615215],40.85324564545454,-8.581967559090911,Ovar,OVR
5893,[183615283],40.850479725,-8.587043874999999,Ovar,OVR
5894,[183626774],37.75932281428572,-25.605045385714284,Ponta Delgada,PDL
5895,[183713832],39.812571406666656,-8.186193553333332,Sertã,SRT
5896,[183713919],41.725863682608704,-8.415141165217392,Vila Verde,VVD
5897,[183750386],41.823894131578946,-8.871640142105264,Caminha,CMN
5898,[183759957],39.63468528333333,-8.401264544444444,Tomar,TMR
5899,[183764003],37.763828821052634,-25.65060207894737,Ponta Delgada,PDL
5900,[183766974],39.838243835,-8.13977758,Sertã,SRT
5901,[183766983],39.82603151818182,-8.162385063636366,Sertã,SRT
5902,"[183766987, 874708993, 874708994]",39.84049466363635,-8.131954459090908,Sertã,SRT
5903,"[183784827, 1230023488, 1302963420, 1302963421]",38.697658815,-9.302680975,Oeiras,OER
5904,"[183794888, 227914075, 1363920671]",42.0035434375,-8.6374249,Valença,VLN
5905,[183794917],41.877882699999994,-8.689565026086957,Vila Nova de Cerveira,VNC
5906,[183842133],38.30488886111111,-7.705150783333333,Portel,PRL
5907,[183842152],38.29921990000001,-7.6975405,Portel,PRL
5908,"[183909624, 652118836]",41.94679577142857,-8.740142914285716,Vila Nova de Cerveira,VNC
5909,"[183916128, 1305884537]",38.686685239999996,-9.320428405,Oeiras,OER
5910,"[183927986, 880438763, 880438764]",41.59743165625,-8.4668440875,Vila Verde,VVD
5911,"[183928116, 1101068516, 1345703682]",41.76377602380952,-7.943346147619048,Montalegre,MTR
5912,[183928117],41.82266457619047,-7.791881685714285,Montalegre,MTR
5913,[184063829],37.086505946428574,-7.978900878571428,Loulé,LLE
5914,[184089995],40.86298024117647,-8.489505800000002,Oliveira de Azeméis,OAZ
5915,[184156902],41.44992645238096,-8.34118170952381,Guimarães,GMR
5916,"[184159130, 1349836785]",41.80759142857143,-6.7538835285714285,Bragança,BGC
5917,[184159190],41.6553925875,-6.6666045875,Bragança,BGC
5918,[184185913],38.65651865238095,-27.210104657142853,Angra do Heroísmo,AGH
5919,[184338739],37.82043023333333,-25.49443236666667,Ribeira Grande,RGR
5920,[184402636],41.535090364000006,-6.9636151680000005,Macedo de Cavaleiros,MCD
5921,[184403015],41.57927048421052,-6.890954026315789,Macedo de Cavaleiros,MCD
5922,"[184405875, 808572472, 808572473]",37.217977575,-7.45480371875,Castro Marim,CTM
5923,[184406018],38.74946751052632,-8.948061010526315,Alcochete,ACH
5924,[184406021],38.748222166666665,-8.947390622222223,Alcochete,ACH
5925,"[184413484, 1271043452, 1271043453]",38.745209890000005,-8.94778312,Alcochete,ACH
5926,"[184521295, 1266323856, 1266323857]",41.769227331578946,-7.48466642631579,Chaves,CHV
5927,[184819493],41.575626176470585,-8.276422623529411,Póvoa de Lanhoso,PVL
5928,[184819494],41.58142639375,-8.277563018750001,Póvoa de Lanhoso,PVL
5929,[184819631],41.56581722941176,-8.261278235294117,Póvoa de Lanhoso,PVL
5930,[184819633],41.550056437500004,-8.2650771,Póvoa de Lanhoso,PVL
5931,[184819634],41.518835849999995,-8.291756222222222,Guimarães,GMR
5932,[184819635],41.57586079090909,-8.270216654545454,Póvoa de Lanhoso,PVL
5933,[184819636],41.57477002916667,-8.273938675,Póvoa de Lanhoso,PVL
5934,[184819637],41.50438575714286,-8.306165157142857,Guimarães,GMR
5935,[184819638],41.5729664,-8.270585554166667,Póvoa de Lanhoso,PVL
5936,[184819639],41.63794606249999,-8.143919474999999,Vieira do Minho,VRM
5937,[184819640],41.63548978125,-8.14804138125,Vieira do Minho,VRM
5938,[185012313],38.683413961111114,-9.343529372222225,Cascais,CSC
5939,"[185095718, 1275080069, 1275080070, 1275080093, 1300360500, 1300360523]",38.701935594999995,-9.34083608,Cascais,CSC
5940,[185102872],38.69108975555556,-9.340547011111111,Cascais,CSC
5941,"[185143206, 1302957400]",38.718801225,-9.350620045,Cascais,CSC
5942,"[185143210, 1299097322, 1299097323, 1299097338, 1299839085]",38.715011617391305,-9.348707456521739,Cascais,CSC
5943,[185144454],38.701749050000004,-9.34176596875,Cascais,CSC
5944,"[185199777, 1418320359, 1418320360]",41.54069046666666,-8.61391771111111,Barcelos,BCL
5945,[185208388],37.252218842105265,-7.442212610526317,Castro Marim,CTM
5946,[185216069],37.30861484761905,-7.603937342857142,Castro Marim,CTM
5947,[185293377],41.59190855789474,-8.777024615789474,Esposende,EPS
5948,[185319133],40.362108445000004,-6.9660065950000005,Sabugal,SBG
5949,[185319143],40.363315484210524,-6.954974131578948,Sabugal,SBG
5950,"[185322856, 686352455, 1423673525, 1423673526, 1467074946, 1467074947]",41.4149809875,-8.650169204166666,Póvoa de Varzim,PVZ
5951,[185324107],37.12707316956522,-8.243908778260868,Albufeira,ABF
5952,[185325729],37.1305972,-8.2463845,Albufeira,ABF
5953,[185410834],40.210380642105264,-7.497736373684211,Fundão,FND
5954,[185428850],40.15229048709677,-7.492578938709676,Fundão,FND
5955,[185428852],40.153314970000004,-7.502937025,Fundão,FND
5956,[185498553],39.28395356499999,-7.427225669999999,Portalegre,PTG
5957,[185510444],39.28115808888889,-7.405152377777777,Portalegre,PTG
5958,[185548851],37.84885079166667,-25.282603337500003,Nordeste,NRD
5959,[185548852],37.85001982352941,-25.283682464705883,Nordeste,NRD
5960,[185549715],39.469319088235295,-8.200433364705882,Abrantes,ABT
5961,[185549728],39.464150800000006,-8.209490384999999,Abrantes,ABT
5962,"[185558682, 1349836802]",41.51937161875,-8.586954381249999,Barcelos,BCL
5963,"[185558731, 1498771840, 1498771841, 1498771856, 1498988273, 1498988277]",41.38590399523809,-8.417017066666668,Vila Nova de Famalicão,VNF
5964,"[185558732, 1498988274, 1498988275, 1498988276]",41.37988069130434,-8.449472560869564,Vila Nova de Famalicão,VNF
5965,"[185559235, 1499595384, 1499595385, 1499595387]",41.43746665909091,-8.522723481818183,Vila Nova de Famalicão,VNF
5966,[185559237],41.397005965,-8.44132702,Vila Nova de Famalicão,VNF
5967,[185559238],41.3858838375,-8.457951674999999,Vila Nova de Famalicão,VNF
5968,[185559239],41.372209847368424,-8.502166857894737,Vila Nova de Famalicão,VNF
5969,[185559243],41.39457986666666,-8.39048921904762,Vila Nova de Famalicão,VNF
5970,"[185559244, 1499604629]",41.41043932608696,-8.480066565217392,Vila Nova de Famalicão,VNF
5971,[185563791],39.288323480952386,-7.400946295238095,Portalegre,PTG
5972,[185573432],37.84646705,-25.265905716666666,Nordeste,NRD
5973,[185574719],40.079571105,-8.322801575,Miranda do Corvo,MCV
5974,[185574732],40.02647195789474,-8.387252057894738,Penela,PNL
5975,[185575291],40.02246777,-8.385802885,Penela,PNL
5976,[185575294],40.023972584615386,-8.3874233,Penela,PNL
5977,[185584604],39.922956926086954,-8.367252508695652,Ansião,ANS
5978,"[185612436, 848002702, 848002703, 848002704, 848002705]",38.68716585,-9.314752035,Oeiras,OER
5979,[185628498],41.44023502631578,-8.53584735263158,Vila Nova de Famalicão,VNF
5980,[185658676],41.48112004761905,-8.344167142857142,Guimarães,GMR
5981,[185658693],41.48109296,-8.351772910000003,Guimarães,GMR
5982,"[185762935, 1317647198, 1317647199]",38.67963507142857,-9.316608378571429,Oeiras,OER
5983,[185831999],41.37459944500001,-8.008015780000003,Celorico de Basto,CBT
5984,[185843280],37.71712880454545,-25.49941712727273,Lagoa,LAG
5985,"[185882462, 1305884517, 1305884538]",38.68805406190476,-9.307575314285717,Oeiras,OER
5986,[185885607],37.84226948235295,-25.156429588235294,Nordeste,NRD
5987,[185967434],41.14790845,-8.542183887500002,Gondomar,GDM
5988,[186049761],39.05386728461539,-8.991926465384617,Alenquer,ALQ
5989,[186123042],39.038101575,-8.637021775,Salvaterra de Magos,SMG
5990,"[186129386, 1354250334, 1354250349, 1354250350, 1354250351]",39.08259643157894,-9.258694152631579,Torres Vedras,TVD
5991,[186185068],37.2858818,-8.4685293,Monchique,MCQ
5992,[186265235],40.18968067142857,-7.4912607047619035,Fundão,FND
5993,"[186311169, 1237257167, 1237257168, 1237257173, 1237257174, 1237257175, 1307092066, 1329449468]",38.70326335,-9.299889215384617,Oeiras,OER
5994,[186332209],39.386730005000004,-8.661482665,Santarém,STR
5995,[186381611],39.05229174,-9.008894334999997,Alenquer,ALQ
5996,"[186381612, 771157340, 771157341, 771157342, 771157343]",39.05244606666667,-9.008362485714285,Alenquer,ALQ
5997,[186411656],37.51299596470589,-8.067187788235293,Almodôvar,ADV
5998,"[186411809, 1211690645, 1211690646]",37.5119485,-8.06689336875,Almodôvar,ADV
5999,[186466966],41.4721395368421,-8.285181210526316,Guimarães,GMR
6000,[186476654],39.820224294999996,-7.507795355000001,Castelo Branco,CTB
6001,[186632803],38.92673128,-9.205123840000002,Mafra,MFR
6002,[186635045],38.95038385833333,-9.199670616666666,Mafra,MFR
6003,[186658410],41.4888209125,-8.140080893750001,Fafe,FAF
6004,[186658507],41.45063094583333,-8.175573254166666,Fafe,FAF
6005,[186668384],41.5748527,-7.58230655,Vila Pouca de Aguiar,VPA
6006,[186668399],41.575044385714286,-7.594737490476191,Vila Pouca de Aguiar,VPA
6007,[187019497],40.609501134999995,-7.76913249,Mangualde,MGL
6008,[187150651],41.55998611363636,-6.727989322727273,Bragança,BGC
6009,[187151165],41.567257858823524,-6.72018625882353,Bragança,BGC
6010,[187529624],40.85417284166667,-8.446784508333334,Oliveira de Azeméis,OAZ
6011,[187656788],40.44986001363637,-8.731785177272728,Mira,MIR
6012,[187939114],41.33223311904762,-6.969429485714285,Alfândega da Fé,AFE
6013,[187939129],41.34047035454546,-6.9628121818181805,Alfândega da Fé,AFE
6014,[187939130],41.337484815,-6.96218288,Alfândega da Fé,AFE
6015,[187939417],41.345979179310355,-6.963890910344828,Alfândega da Fé,AFE
6016,[187939424],41.30302141666666,-7.149944991666666,Vila Flor,VFL
6017,"[188052668, 1347060902, 1468785963]",38.77610475263159,-9.33235704736842,Sintra,SNT
6018,[188084775],38.69963675789474,-9.278365063157896,Oeiras,OER
6019,[188085883],38.6985342,-9.283913629999999,Oeiras,OER
6020,"[188089427, 1329449452, 1329449453, 1329458332, 1329458333, 1329625506]",38.708607380000004,-9.27814973,Oeiras,OER
6021,"[188124228, 227464031, 1226155026, 1226155027]",41.683449438888886,-8.617764049999998,Ponte de Lima,PTL
6022,[188133944],37.74756487368421,-25.704230957894733,Ponta Delgada,PDL
6023,[188158449],38.75557483684211,-9.155967873684208,Lisboa,LSB
6024,[188259515],39.0612317875,-9.0254963,Alenquer,ALQ
6025,[188259519],39.061636580000005,-9.02401359,Alenquer,ALQ
6026,[188259535],39.0610953,-9.0229283375,Alenquer,ALQ
6027,[188259536],39.0616556,-9.022351762499998,Alenquer,ALQ
6028,[188259537],39.0607253,-9.0217931125,Alenquer,ALQ
6029,[188259538],39.062114775,-9.0209755875,Alenquer,ALQ
6030,[188259539],39.060781299999995,-9.020740055555557,Alenquer,ALQ
6031,[188307827],39.442051605555555,-8.604981177777779,Torres Novas,TNV
6032,"[188526316, 1456262614, 1456262615, 1481441611, 1481441612]",40.55962319444444,-7.755200255555555,Mangualde,MGL
6033,[188692005],37.726777766666665,-8.410296120833333,Ourique,ORQ
6034,[188805856],39.16977754705882,-9.015676411764705,Alenquer,ALQ
6035,[188805861],39.15399267777778,-9.019361422222222,Alenquer,ALQ
6036,[188805865],39.16436143333333,-9.011560011111111,Alenquer,ALQ
6037,[188931597],41.80787041304348,-8.413453339130434,Ponte da Barca,PTB
6038,[188931686],41.801888149999996,-8.4150054,Ponte da Barca,PTB
6039,[188948421],41.64121239473684,-7.565915510526316,Chaves,CHV
6040,[188952185],40.871984129999994,-8.475898585,Oliveira de Azeméis,OAZ
6041,"[189390022, 1468766795, 1468766796, 1468766797]",41.41208572272727,-8.511288386363638,Vila Nova de Famalicão,VNF
6042,"[189517849, 1561127109, 1561127110, 1561127111, 1561127112]",41.50399395217392,-7.995103395652175,Cabeceiras de Basto,CBC
6043,[189517850],41.509437844999994,-7.98760981,Cabeceiras de Basto,CBC
6044,[189517856],41.50741460434783,-7.989922347826087,Cabeceiras de Basto,CBC
6045,[189879171],39.925672045000006,-8.337788020000001,Ansião,ANS
6046,"[189883971, 933701692]",39.88299133333334,-8.33210886190476,Alvaiázere,AVZ
6047,[189883976],39.87531443157894,-8.335576805263157,Alvaiázere,AVZ
6048,"[189897254, 880831378, 880831379, 880831380, 880831383, 880831384]",39.9080912952381,-8.431151247619047,Ansião,ANS
6049,[189900203],39.905567931818176,-8.432517813636364,Ansião,ANS
6050,"[189908446, 608418573, 608418574, 608418575, 608418576, 608418577, 608418578, 608418580, 734269564, 741767467, 1164709462, 1164717213, 1307231299]",41.157934460344826,-8.62913732413793,Porto,PRT
6051,[190104694],38.59181665999999,-9.11047219,Seixal,SXL
6052,[190104717],38.58498201428572,-9.112673242857143,Seixal,SXL
6053,[190293557],38.023555294736845,-8.034616352631579,Beja,BJA
6054,"[190338931, 1277694951, 1277694952, 1277694958, 1329993580, 1329993583]",38.70917141562499,-9.295831267187499,Oeiras,OER
6055,"[190339639, 1230023491, 1235876218, 1235876219, 1237257164, 1277694955, 1329481690, 1329910806]",38.70012955714285,-9.293534367857145,Oeiras,OER
6056,"[190343622, 1307092063]",38.71182154347825,-9.30003773043478,Oeiras,OER
6057,[190356184],41.48240375,-7.18415998125,Mirandela,MDL
6058,[190363604],37.88980144210526,-8.017371831578947,Beja,BJA
6059,[190363640],37.88919154,-8.02146939,Beja,BJA
6060,[190920239],40.85054194090909,-8.411065850000002,Vale de Cambra,VLC
6061,"[190923156, 1305884529]",38.67761664782609,-9.318539339130437,Oeiras,OER
6062,"[190981257, 1284514600, 1284514601, 1284514603]",38.722797575,-9.221775845,Oeiras,OER
6063,"[191052096, 628912414, 1348009838]",39.04893693157895,-7.642412505263158,Fronteira,FTR
6064,"[191098417, 1300734386, 1300734387, 1300734398, 1329386472, 1380064607]",38.71110287619047,-9.228007071428571,Oeiras,OER
6065,[191140665],38.71584365,-9.225358122222222,Oeiras,OER
6066,[191296282],38.664588118750004,-9.1520246,Almada,ALM
6067,[191296284],38.664207418749996,-9.15533344375,Almada,ALM
6068,[191296285],38.655388844444445,-9.142278927777777,Almada,ALM
6069,[191589404],39.38467364090909,-9.1292088,Óbidos,OBD
6070,"[191708797, 1278203953, 1278203954, 1278203963, 1307092077]",38.71703832,-9.304869346666667,Oeiras,OER
6071,[191709870],38.713682754999994,-9.305732035,Oeiras,OER
6072,[191744857],41.48462695294118,-8.318690523529412,Guimarães,GMR
6073,[191774769],41.49478687692307,-8.317572253846153,Guimarães,GMR
6074,[191828789],40.86981923888889,-8.49901268888889,Oliveira de Azeméis,OAZ
6075,"[192242388, 1334861161, 1334861162, 1334861186, 1348152535, 1348152553]",38.813887385714295,-9.100259838095239,Loures,LRS
6076,"[192457549, 1072725490, 1072793831, 1072793832, 1072890511]",38.69062495,-9.333548530000002,Cascais,CSC
6077,"[192460572, 1302957375, 1302957376, 1302957397]",38.692576875,-9.32901439,Cascais,CSC
6078,[192468801],41.14543593181818,-7.405573140909093,São João da Pesqueira,SJP
6079,"[192469267, 1349970650]",41.14333488095238,-7.402084585714285,São João da Pesqueira,SJP
6080,"[192470857, 1349970648]",41.151007742857146,-7.423005557142858,São João da Pesqueira,SJP
6081,[192537232],38.84259027,-7.57393567,Estremoz,ETZ
6082,"[192538682, 1334861157, 1348152534]",38.80932500454546,-9.101965540909092,Loures,LRS
6083,"[192541982, 628891006, 974376774, 1348010919, 1348010920]",38.850539138461535,-7.584617403846154,Estremoz,ETZ
6084,[192767156],38.715529061111106,-9.224739144444445,Oeiras,OER
6085,"[192770732, 1230042064]",38.718267669999996,-9.228075585000003,Oeiras,OER
6086,[192770985],38.71884015789474,-9.230045236842104,Oeiras,OER
6087,"[192772282, 1230042065, 1278893003]",38.71924835,-9.227805645,Oeiras,OER
6088,[192917395],41.616408580952374,-8.305160538095238,Póvoa de Lanhoso,PVL
6089,[192972625],40.817470661111116,-8.487671483333335,Oliveira de Azeméis,OAZ
6090,[193319286],38.72035827727273,-9.241888227272728,Oeiras,OER
6091,[193479153],40.586700904761905,-8.454194514285716,Águeda,AGD
6092,[193840993],38.796964763157895,-9.114254442105263,Loures,LRS
6093,[193840994],38.7971987,-9.113810994736843,Loures,LRS
6094,"[193856331, 1230023493, 1237257162, 1329910807]",38.697994955000006,-9.290772245000001,Oeiras,OER
6095,[193926714],38.74117916818182,-9.300743045454546,Oeiras,OER
6096,[194147190],38.74690398260869,-9.28948475652174,Oeiras,OER
6097,"[194147601, 1278203959, 1278203960, 1278203962]",38.74493038518518,-9.29264687037037,Oeiras,OER
6098,"[194189178, 1278237607, 1278237636, 1285367898, 1285367912, 1302143541, 1335076534]",38.73296769545455,-9.280260936363637,Oeiras,OER
6099,[194195211],38.8162051,-9.123157421052632,Loures,LRS
6100,"[194195703, 938804540, 938804541, 938804553, 938804554]",38.81532700952381,-9.121736866666668,Loures,LRS
6101,[194257955],40.124760582608694,-8.403033895652174,Coimbra,CBR
6102,[194332380],41.2639435826087,-7.590788695652174,Sabrosa,SBR
6103,[194446532],41.1504615,-7.411961959999999,São João da Pesqueira,SJP
6104,"[194458132, 1278237603, 1278237604, 1278237638]",38.73045098181819,-9.288011872727271,Oeiras,OER
6105,"[194458442, 1277694933, 1277694934, 1277694983]",38.75038121666666,-9.302011499999999,Sintra,SNT
6106,"[194464619, 885996848, 885996849, 885996850]",40.12686351904762,-8.406308214285716,Coimbra,CBR
6107,[194466326],40.125885427272735,-8.402398827272728,Coimbra,CBR
6108,"[194468803, 1222986053, 1222986054, 1222986055]",40.07889035238095,-8.380897704761905,Miranda do Corvo,MCV
6109,"[194468823, 1222986050, 1222986051, 1222986052]",40.081720204166665,-8.381340370833334,Miranda do Corvo,MCV
6110,"[194468825, 1222987445, 1222987446, 1222987448]",40.08341906086956,-8.369027626086956,Miranda do Corvo,MCV
6111,[194470641],40.020033763636356,-8.373261213636365,Penela,PNL
6112,[194617723],41.268443835,-7.63383437,Sabrosa,SBR
6113,[194712071],38.562615181249996,-7.91250176875,Évora,EVR
6114,"[194712095, 954456056, 954456057, 954456058]",38.553704159090906,-7.915394518181818,Évora,EVR
6115,"[194712974, 549841352, 549841353]",38.553527122727274,-7.910711063636365,Évora,EVR
6116,[194738090],38.94388661904761,-9.331764242857144,Mafra,MFR
6117,"[194759032, 1117622710, 1117622711, 1117622712, 1117625528, 1117625529]",40.87839154,-8.429478205,Oliveira de Azeméis,OAZ
6118,[194913195],40.871572933333326,-8.402274438888888,Vale de Cambra,VLC
6119,"[194917070, 1019797638, 1083271560, 1083271561]",38.71113294500001,-8.96303753,Montijo,MTJ
6120,[195005220],36.97313469047619,-25.163778823809523,Vila do Porto,VPT
6121,"[195026411, 1307092080]",38.728381756,-9.313541764,Oeiras,OER
6122,[195168912],40.087174528571424,-8.323464476190475,Miranda do Corvo,MCV
6123,[195169868],40.084426290909086,-8.3278407,Miranda do Corvo,MCV
6124,[195183448],40.09025354500001,-8.33008596,Miranda do Corvo,MCV
6125,[195183457],40.086301344,-8.322096252,Miranda do Corvo,MCV
6126,[195184614],40.08951626363636,-8.327364895454545,Miranda do Corvo,MCV
6127,"[195188391, 614040990]",40.027875905882354,-8.389975652941176,Penela,PNL
6128,[195201725],37.99471707777778,-7.8677467722222225,Beja,BJA
6129,[195335149],40.42872359545455,-7.87686944090909,Oliveira do Hospital,OHP
6130,[195335174],40.419303533333334,-7.8819830476190464,Oliveira do Hospital,OHP
6131,[195775739],38.789604483333335,-9.104083377777776,Loures,LRS
6132,[195970553],40.13534468235294,-8.391789647058822,Coimbra,CBR
6133,[195991725],39.09451985263158,-8.974731426315792,Alenquer,ALQ
6134,"[196030540, 1016746077, 1016753828, 1016753829, 1080804420]",38.57762882608696,-9.079118978260869,Seixal,SXL
6135,[196090135],40.869055221052626,-8.45955102631579,Oliveira de Azeméis,OAZ
6136,[196107339],40.892244894444445,-8.457443116666667,Oliveira de Azeméis,OAZ
6137,[196163111],40.88397037368421,-8.419660852631578,Oliveira de Azeméis,OAZ
6138,[196163115],40.88487805454545,-8.413955854545456,Oliveira de Azeméis,OAZ
6139,[196163123],40.88496092380952,-8.416520985714284,Oliveira de Azeméis,OAZ
6140,[196512269],37.439574568750004,-7.767660875000001,Alcoutim,ACT
6141,[196512270],37.44050849130436,-7.766848404347826,Alcoutim,ACT
6142,[196512294],37.511563368750004,-8.065427518749999,Almodôvar,ADV
6143,"[196844238, 1278203946, 1278203947, 1278203966, 1278237587, 1278237622]",38.70229931818182,-9.307865990909091,Oeiras,OER
6144,[196943084],38.77417052,-9.282845515,Sintra,SNT
6145,[196945400],38.69488827142857,-27.17744938095239,Angra do Heroísmo,AGH
6146,[196945401],38.6827455,-27.198183507407407,Angra do Heroísmo,AGH
6147,[196945402],38.69675294545454,-27.17955719090909,Angra do Heroísmo,AGH
6148,"[196984896, 1356436337, 1356436338, 1356436368, 1356436369]",38.580352645454546,-8.948651936363639,Palmela,PLM
6149,[196984899],38.57545735238096,-8.956649657142858,Palmela,PLM
6150,"[197349219, 1340413305]",38.71726380000001,-9.221625947368423,Oeiras,OER
6151,[197391269],40.546113375000004,-8.5123553375,Oliveira do Bairro,OBR
6152,[197410156],40.56297666,-8.46450693,Águeda,AGD
6153,[197453375],41.407479936363636,-7.450222190909091,Murça,MUR
6154,[197549744],40.56046068095238,-7.246496333333333,Guarda,GRD
6155,[197689772],40.49571984444444,-7.592602477777778,Gouveia,GVA
6156,[197702158],40.76301165,-8.705101950000001,Murtosa,MRS
6157,[197703117],40.7562473,-8.702538429411764,Murtosa,MRS
6158,[197863083],41.150081463157896,-8.659613578947367,Porto,PRT
6159,"[197866244, 1545846958]",40.96407979130435,-8.558940295652173,Santa Maria da Feira,VFR
6160,[197866836],40.968313452000004,-8.560798432,Santa Maria da Feira,VFR
6161,[197867169],40.972657653333336,-8.556239186666666,Santa Maria da Feira,VFR
6162,"[197868780, 1545846959]",40.959494363157894,-8.558032436842105,Santa Maria da Feira,VFR
6163,"[197907187, 983737262, 983737263, 983737264, 983737265, 983737266]",38.872492769999994,-9.083893615000001,Vila Franca de Xira,VFX
6164,"[197908469, 983735803, 983735804, 983735806, 983735807]",38.87578564444445,-9.083217716666667,Vila Franca de Xira,VFX
6165,[197944343],39.836553187499995,-8.339925620833332,Alvaiázere,AVZ
6166,[197944349],39.83645242857143,-8.338502333333334,Alvaiázere,AVZ
6167,[198044484],39.78813655,-8.329908940909089,Alvaiázere,AVZ
6168,[198044490],39.78817678181818,-8.328510986363636,Alvaiázere,AVZ
6169,"[198044492, 936212841, 936212842, 936212843]",39.78700409090909,-8.32558385,Ferreira do Zêzere,FZZ
6170,"[198048078, 944468079, 944468080, 944468081]",39.70891637391305,-8.325109586956522,Ferreira do Zêzere,FZZ
6171,"[198048080, 944468076, 944468077, 944468078]",39.70896732857143,-8.323701752380954,Ferreira do Zêzere,FZZ
6172,[198186436],41.262212172727274,-7.584033863636361,Sabrosa,SBR
6173,"[198283402, 1013912743, 1013912744, 1013912762]",38.70174612727272,-8.94772588181818,Montijo,MTJ
6174,[198381105],38.63783993714286,-7.852619077142856,Évora,EVR
6175,[198381108],38.63837265714287,-7.851187371428572,Évora,EVR
6176,"[198437872, 1321669989, 1321669990, 1321669991]",41.371437766666666,-8.377232552380951,Guimarães,GMR
6177,"[198437877, 1319691388, 1319691389, 1319691390, 1319691391, 1320094266]",41.313259352941174,-8.339542752941176,Paços de Ferreira,PFR
6178,[198438046],41.37527963125,-8.303997925000001,Vizela,VIZ
6179,[198438047],41.387551123529406,-8.309778241176472,Vizela,VIZ
6180,"[198438048, 1321669980, 1321669981, 1321669982, 1321669983, 1356500671, 1356500680]",41.365959305882356,-8.404881670588237,Santo Tirso,STS
6181,[198438225],41.367518178260866,-8.302963508695653,Vizela,VIZ
6182,[198467726],40.24788714444444,-7.50932025,Covilhã,CVL
6183,"[198468074, 1411840676]",40.7500180125,-8.0606715375,São Pedro do Sul,SPS
6184,[198488477],41.367961725,-8.36739583,Guimarães,GMR
6185,[198488478],41.3665409625,-8.366525424999999,Guimarães,GMR
6186,[198489042],41.12050747,-8.618491634999998,Vila Nova de Gaia,VNG
6187,[198492908],39.817115471428565,-7.520374196428571,Castelo Branco,CTB
6188,"[198648522, 1347419726, 1347419727, 1347595170, 1349970622, 1412549293, 1433447647]",41.113476844,-8.584747024,Vila Nova de Gaia,VNG
6189,[198650917],41.10414868,-8.56933651,Vila Nova de Gaia,VNG
6190,[198805982],39.92167160967742,-7.443332235483872,Castelo Branco,CTB
6191,[198810639],40.0282467,-7.469311627272727,Fundão,FND
6192,[198975619],40.19667135714286,-7.495952314285714,Fundão,FND
6193,"[199166526, 645426983, 645426984, 645426985, 645426986, 645426987, 645426988, 645426989, 645426990]",40.481078126086956,-8.090562982608697,Tondela,TND
6194,"[199168551, 877297424, 877297425, 1431494261, 1459052278]",40.48385043333334,-8.090087423809521,Tondela,TND
6195,[199355703],40.503226657894736,-7.702335626315789,Gouveia,GVA
6196,[199358611],40.49900577368421,-7.706369447368419,Gouveia,GVA
6197,[199360919],40.50435494736843,-7.70328182105263,Gouveia,GVA
6198,[199504915],38.80409804166667,-9.338831691666666,Sintra,SNT
6199,[199574911],40.9336633,-8.578286590909089,Santa Maria da Feira,VFR
6200,[199797930],38.749704727777775,-8.958723955555556,Alcochete,ACH
6201,[200050605],38.72233874761904,-9.34619100952381,Cascais,CSC
6202,[200299269],39.61549717222223,-8.429199177777777,Tomar,TMR
6203,[200449694],42.023203511111106,-8.647390205555554,Valença,VLN
6204,"[200992754, 1284998989, 1505034233, 1505034234]",41.207352533333335,-8.282424242857141,Penafiel,PNF
6205,[201042479],42.04361703809524,-8.590065142857142,Valença,VLN
6206,[201252511],38.717619983333336,-9.297897172222221,Oeiras,OER
6207,[201383599],40.80973628888889,-8.531324677777777,Oliveira de Azeméis,OAZ
6208,[201388736],40.8101504090909,-8.517344727272729,Oliveira de Azeméis,OAZ
6209,"[201472997, 647535967, 647535969, 647535970, 647535971, 1458347933, 1458347934, 1462445421]",40.54626462,-8.136254384999999,Tondela,TND
6210,"[201474277, 643403889, 643403891, 643403892, 643403894]",40.554875092592596,-8.130925318518518,Tondela,TND
6211,[201475330],41.762148213636365,-7.482340127272727,Chaves,CHV
6212,"[201481029, 1266323851]",41.75622185454545,-7.479193445454545,Chaves,CHV
6213,[202051339],40.9855091173913,-8.590964743478258,Santa Maria da Feira,VFR
6214,"[202335987, 315731128, 315731129, 315731130, 315731132, 315731134, 315731138, 433056400]",32.73308340416667,-17.192981675,Calheta,CLT
6215,[202449855],39.023195290000004,-9.27949673,Torres Vedras,TVD
6216,[202687518],41.2202052,-8.290866155,Penafiel,PNF
6217,[202810594],40.447551520000005,-7.717462684999999,Seia,SEI
6218,[202944222],37.997487122857144,-8.756142582857143,Santiago do Cacém,STC
6219,[202944247],37.97461472647059,-8.813520614705881,Sines,SNS
6220,"[203167025, 1297423918, 1297423919, 1346335317, 1346335318, 1346335319, 1349970647]",41.1560824826087,-7.779369973913043,Peso da Régua,PRG
6221,[203462347],39.738306228571425,-8.94458281904762,Marinha Grande,MGR
6222,"[203465699, 908536820, 908536821, 908536822]",39.733327464,-8.954663387999998,Marinha Grande,MGR
6223,"[203634968, 893179123, 893179124, 893179125, 893179127, 893179128, 938619078, 938619079]",38.84314334090909,-9.16115533181818,Loures,LRS
6224,[203870221],38.7739442631579,-9.344793731578946,Sintra,SNT
6225,[204063047],40.98900020588235,-8.142342170588236,Cinfães,CNF
6226,[204106926],39.43850644166667,-9.150217858333335,Caldas da Rainha,CLD
6227,"[204126706, 204126719, 204126733, 204126756, 204126763, 385507447]",32.64670044347826,-16.942341991304346,Funchal,FNC
6228,"[204175938, 1042422292, 1276697108, 1276697109, 1330469140, 1330686653]",38.78347222105263,-9.226705899999999,Amadora,AMD
6229,"[204277242, 268382265, 374049177, 385049440, 1239860428, 1239860429, 1239860430, 1461315133, 1461315136, 1461315144, 1461316996, 1491484391]",32.72781821818182,-17.024352575757575,Ribeira Brava,RBR
6230,"[204305821, 204305847, 204305848, 706534159]",32.672606705,-17.062427925,Ribeira Brava,RBR
6231,[205049659],39.212167449999995,-9.29343086,Lourinhã,LNH
6232,[205112343],39.152169265,-9.342634485,Torres Vedras,TVD
6233,"[205145602, 1266323849]",41.75640991304348,-7.4825146173913035,Chaves,CHV
6234,[205382272],39.582194477777776,-8.644536261111112,Ourém,ORM
6235,[205482776],39.73544372380953,-7.891867128571428,Proença-a-Nova,PNV
6236,[205484611],39.705289942857135,-7.850120419047618,Proença-a-Nova,PNV
6237,[205484622],39.71024544285714,-7.852261338095238,Proença-a-Nova,PNV
6238,[205485379],39.67819232380952,-7.731047076190476,Vila Velha de Ródão,VVR
6239,[205571016],39.73667458,-7.913582264999998,Proença-a-Nova,PNV
6240,[205571017],39.738285899999994,-7.913528057894735,Proença-a-Nova,PNV
6241,[205571020],39.73666739473684,-7.915562989473684,Proença-a-Nova,PNV
6242,"[205706570, 205706815, 205706864, 625544762]",33.06682970909091,-16.33861731818182,Porto Santo,PST
6243,"[205706820, 205706824, 205706826, 205706868, 1427534984, 1427534985, 1427534986]",33.065766868,-16.335327967999998,Porto Santo,PST
6244,"[205712328, 1498220434, 1498220435, 1498220440]",41.354381849999996,-8.580617075000001,Vila Nova de Famalicão,VNF
6245,[206147057],39.10588970526316,-9.264141989473686,Torres Vedras,TVD
6246,[206150805],39.10708726,-9.24961519,Torres Vedras,TVD
6247,[206168821],40.242917657142854,-8.434696338095238,Coimbra,CBR
6248,[206384144],41.172791554999996,-8.661290520000001,Porto,PRT
6249,[206402859],37.44712587058824,-7.592552517647058,Alcoutim,ACT
6250,"[206563575, 1311484257, 1311484258, 1311484259, 1311484260]",41.25504253913043,-8.652233817391304,Maia,MAI
6251,[206596444],41.888711799999996,-8.791135607142857,Caminha,CMN
6252,[206647173],40.52147792,-6.83474817,Almeida,ALD
6253,[207128474],39.71287753913043,-8.70891552173913,Leiria,LRA
6254,"[207495480, 621717591, 621717592, 1353036383, 1353036384, 1353036385, 1475933436]",40.70351243636364,-7.859155736363636,Viseu,VIS
6255,[207519863],40.19718656190476,-8.402772204761906,Coimbra,CBR
6256,"[207634526, 1011321777, 1011321778, 1011321779, 1011321780, 1011321781, 1011321782, 1315126810]",41.155223114,-8.67267432,Porto,PRT
6257,"[207890057, 207890059, 258888773, 306059688, 1019725091, 1019725092, 1186859394]",41.17049904444445,-8.642450288888888,Porto,PRT
6258,"[208047315, 621717594, 621717595, 1353036381, 1353036382]",40.70510275,-7.852193066666666,Viseu,VIS
6259,[208053420],40.70736313809524,-7.860704561904762,Viseu,VIS
6260,"[208053431, 1353036389, 1353036390, 1353036394, 1353036399, 1353036400]",40.698114126086956,-7.8702111869565226,Viseu,VIS
6261,"[208424680, 1069916341, 1069916342, 1069916343, 1069916344, 1354250352, 1528171486]",39.081482066666666,-9.255516644444445,Torres Vedras,TVD
6262,[208431109],39.29804178636363,-7.4318482409090905,Portalegre,PTG
6263,[208431119],39.299084042857146,-7.432277700000001,Portalegre,PTG
6264,[208561851],39.728812872727275,-8.929394118181818,Marinha Grande,MGR
6265,[208639588],38.51542891578947,-8.583630852631579,Alcácer do Sal,ASL
6266,"[208642068, 1365457286, 1365457287, 1365457288]",38.57821618260869,-9.013326378260873,Palmela,PLM
6267,[208645450],38.16667307894737,-8.493136205263156,Grândola,GDL
6268,"[209114801, 1054260418, 1463235048, 1463235049]",37.104798368000004,-8.366246404,Silves,SLV
6269,"[209115043, 1050522392, 1054260420, 1463235046, 1481664199]",37.104893068,-8.358248092000002,Silves,SLV
6270,[209553550],37.20612453076923,-7.546155507692308,Vila Real de Santo António,VRS
6271,[209621146],37.20523681666666,-7.54559295,Vila Real de Santo António,VRS
6272,"[209633056, 1007088660, 1007088661, 1119041536, 1305423955, 1305423956, 1305423957, 1305423959]",41.1799841826087,-8.690527434782611,Matosinhos,MTS
6273,"[209633062, 896557878, 896557879, 896557880, 896557881]",41.18585305,-8.696191718181817,Matosinhos,MTS
6274,[209682376],38.721893076190476,-7.398039780952381,Vila Viçosa,VVC
6275,[209927295],37.63782248148148,-7.988734514814814,Castro Verde,CVR
6276,"[210057391, 1205235807, 1205235808]",37.095004466666666,-8.768476388888887,Lagos,LGS
6277,[210381210],41.27884598095238,-7.992364319047619,Amarante,AMT
6278,[210456759],41.647499985714276,-8.697924023809524,Viana do Castelo,VCT
6279,"[210668606, 642332364, 989372734, 989372735, 1103653939, 1103653949, 1116927897]",41.25340578235294,-8.5832239,Maia,MAI
6280,[210670374],37.76148340000001,-25.697387705882353,Ponta Delgada,PDL
6281,"[210674289, 1019264560, 1019264561, 1019264562, 1019264563]",41.18526399545455,-8.589084527272728,Maia,MAI
6282,"[210674290, 1019264553, 1019264554, 1019264555, 1019264556, 1019264557, 1019264558, 1019264559]",41.183303508,-8.59030524,Maia,MAI
6283,[210681654],38.6297838,-9.08274838,Seixal,SXL
6284,"[210683356, 1018287650, 1018349540, 1018349541, 1097859702, 1097859721]",38.608652899999996,-9.080657627777777,Seixal,SXL
6285,[211110680],39.45789996,-8.6775989,Alcanena,ACN
6286,[211196643],37.09410975555556,-8.261128744444443,Albufeira,ABF
6287,"[211338388, 1106177590, 1106177591, 1106177592]",41.22137978124999,-8.56309839375,Maia,MAI
6288,[211365306],37.09974203636364,-8.74809151363636,Lagos,LGS
6289,"[211387588, 1408153611, 1408153612]",41.84850625000001,-8.422542858333331,Arcos de Valdevez,AVV
6290,[211550386],37.092468159999996,-8.1703349,Albufeira,ABF
6291,[211563562],41.45654613,-8.31612196,Guimarães,GMR
6292,[211958147],37.13173983809524,-7.63715627142857,Tavira,TVR
6293,[211958173],37.13655214375,-7.621393250000001,Tavira,TVR
6294,"[212397875, 1019264566, 1019264567, 1019264568, 1019264569, 1019264570]",41.217236581818185,-8.599606018181818,Maia,MAI
6295,"[212398599, 730965813, 730965814, 738994723, 738994724, 741788900, 743532997, 1106177593]",41.22030388461539,-8.55862908076923,Valongo,VLG
6296,[212611398],37.09225636956521,-8.796171904347828,Vila do Bispo,VBP
6297,[212630683],41.48272222105263,-8.663054405263159,Barcelos,BCL
6298,"[212701455, 1106177586, 1106177587, 1106427137, 1106427138]",41.23682695106383,-8.59932175531915,Maia,MAI
6299,"[212701456, 1000515677, 1000515678, 1000515679, 1000515680, 1000515681, 1314157202, 1314157203, 1314171966]",41.236334292,-8.615012312,Maia,MAI
6300,"[212703323, 860864360, 860864361, 860864362, 860864363, 860864364, 1362599570, 1362599571]",41.26013942352942,-8.61624320882353,Maia,MAI
6301,[212746610],39.54207698421053,-8.716935563157893,Porto de Mós,PMS
6302,"[213427527, 859079015, 859079016, 859079017, 859079018, 896551629]",41.19402796666667,-8.688597170833333,Matosinhos,MTS
6303,[213844529],41.178134154999995,-8.66101002,Matosinhos,MTS
6304,[214645472],39.462029565,-8.451790540000001,Vila Nova da Barquinha,VNB
6305,[214678342],41.702473328571436,-8.80901037142857,Viana do Castelo,VCT
6306,"[215314119, 1498615533]",41.42661467142857,-8.501804357142857,Vila Nova de Famalicão,VNF
6307,"[215367112, 1205235782, 1205235783, 1234000149, 1234000154]",37.10728512272727,-8.707026195454546,Lagos,LGS
6308,[215369568],41.5400961,-8.631641342105263,Barcelos,BCL
6309,[215369569],41.54098117894736,-8.632545947368419,Barcelos,BCL
6310,"[215491769, 1103937992, 1103937993, 1116927896]",41.25297963,-8.592133220000001,Maia,MAI
6311,"[215529282, 854994599, 854994600, 1116647477]",41.24627507619048,-8.610802342857145,Maia,MAI
6312,[216693244],32.65519910909091,-16.971762636363643,Câmara de Lobos,CML
6313,[216926443],41.41289653333334,-8.511918647619048,Vila Nova de Famalicão,VNF
6314,"[216933200, 1545509617, 1545509618, 1545509622, 1545509623]",40.73458468,-8.173427886666666,Oliveira de Frades,OFR
6315,[217132703],40.328208095,-8.431026350000002,Mealhada,MLD
6316,"[217150545, 1016994279, 1016994280, 1016994281]",41.21701812105263,-8.674764610526315,Matosinhos,MTS
6317,"[217223715, 385779607, 385779608, 385779609, 385779610, 1343891980, 1489433007]",32.7468482,-16.71471485,Machico,MCH
6318,[217544823],37.334037710000004,-7.81737744,Tavira,TVR
6319,[217547492],39.38202893636364,-9.245142959090911,Óbidos,OBD
6320,[217549052],39.38629585555556,-9.245493633333334,Óbidos,OBD
6321,"[217563716, 621717586, 621717588, 1353036388, 1475933432, 1475933435]",40.697085588235296,-7.864298335294117,Viseu,VIS
6322,[217586732],38.29360198235294,-8.768296847058824,Grândola,GDL
6323,[217587393],38.29869277894736,-8.767223884210527,Grândola,GDL
6324,[217589959],37.18546622,-8.442001725,Silves,SLV
6325,"[217590898, 1106593065, 1106593066, 1106593067]",39.4298164826087,-9.186655234782608,Caldas da Rainha,CLD
6326,[217592246],37.177879765217384,-8.438658278260869,Silves,SLV
6327,"[217592307, 1473340406, 1473340407]",41.8148098095238,-6.772029733333335,Bragança,BGC
6328,[217636173],41.38131675499999,-8.33819921,Guimarães,GMR
6329,[217636205],41.42258002105263,-6.69305782631579,Mogadouro,MGD
6330,"[217661582, 683005032, 683005033, 815338162, 815338165, 859079059, 1016997821]",41.225654794117645,-8.681498670588235,Matosinhos,MTS
6331,[217698322],39.621980965217396,-8.856912739130435,Porto de Mós,PMS
6332,[217698325],39.612173995,-8.855313915,Porto de Mós,PMS
6333,[217698335],39.611239675,-8.849353755,Porto de Mós,PMS
6334,[217745454],39.60662814117648,-8.85348415882353,Porto de Mós,PMS
6335,[217745455],39.605406176190485,-8.856946566666668,Porto de Mós,PMS
6336,"[217754040, 1481666560, 1481666561, 1481666562]",37.09010236666667,-8.32296411904762,Albufeira,ABF
6337,[217776995],37.79415619499999,-8.683835429999998,Santiago do Cacém,STC
6338,[217790634],37.200408900000006,-8.529267650000001,Portimão,PTM
6339,[217798162],37.17503788333334,-8.532470483333332,Portimão,PTM
6340,[217843285],40.103152269999995,-7.464209554999999,Fundão,FND
6341,"[217912191, 1463688995, 1463688996, 1463688997]",37.13859292,-8.542565155000002,Portimão,PTM
6342,"[217980498, 1463234992, 1463234993, 1463234994, 1463688991]",37.11949357037037,-8.55036457037037,Portimão,PTM
6343,"[218121835, 1230023501]",38.711577535,-9.269809775,Oeiras,OER
6344,"[218123954, 1230042035, 1230042038, 1230042061, 1237733974, 1237733975]",38.71556974285714,-9.263511932142857,Oeiras,OER
6345,"[218137998, 1463234985, 1463234986, 1463234987, 1463234988]",37.12602428095238,-8.589888761904763,Portimão,PTM
6346,"[218148399, 1230042057, 1237733976, 1237733977, 1302143536, 1302143540]",38.71953416842105,-9.263064878947368,Oeiras,OER
6347,[218154001],38.718818799999994,-9.267792754999999,Oeiras,OER
6348,[218176361],41.808818654999996,-6.771756049999999,Bragança,BGC
6349,[218176362],41.80968032272727,-6.766081313636364,Bragança,BGC
6350,[218178045],37.143744269565225,-8.550991365217392,Portimão,PTM
6351,"[218187372, 1007901942, 1289448827]",38.80523327058823,-9.184623164705883,Odivelas,ODV
6352,[218532738],40.7860631625,-8.1717958,São Pedro do Sul,SPS
6353,[218573272],39.724331234999994,-8.809642214999998,Leiria,LRA
6354,[218697746],39.339563256521735,-8.93117600869565,Rio Maior,RMR
6355,[218977153],41.500377333333326,-8.326991609523809,Guimarães,GMR
6356,[218990190],41.16879274761905,-8.29555748095238,Penafiel,PNF
6357,[219102499],37.092917645,-8.040482585,Loulé,LLE
6358,[219104582],37.10034218260869,-8.060694569565216,Loulé,LLE
6359,[219158276],37.0970714125,-8.044780216666666,Loulé,LLE
6360,[219167253],37.10803819499999,-8.120207365,Loulé,LLE
6361,"[219167735, 1481666569]",37.085491669565215,-8.277424530434782,Albufeira,ABF
6362,[219314066],37.134355528571426,-8.479247557142857,Lagoa,LGA
6363,[219319761],37.12494993333333,-8.485519020833335,Lagoa,LGA
6364,[219321453],37.12003348181818,-8.465667340909093,Lagoa,LGA
6365,[219322176],37.10990264545455,-8.475802009090911,Lagoa,LGA
6366,[219326226],37.109541328571424,-8.47964109047619,Lagoa,LGA
6367,[219340107],37.14012930526316,-8.501516505263156,Lagoa,LGA
6368,[219473424],38.80392594999999,-9.35403314,Sintra,SNT
6369,[219527221],38.72827826086956,-9.389797904347827,Cascais,CSC
6370,"[219534783, 1349836819, 1354637886, 1354637887, 1354637888, 1354637889, 1354637890, 1354637891]",41.3418323875,-8.734138466666668,Vila do Conde,VCD
6371,"[219535125, 1349836822, 1544091331, 1544091332, 1544091333]",41.319097071428565,-8.711368976190478,Vila do Conde,VCD
6372,"[219535399, 1349836823, 1544091334, 1544091335, 1544091336, 1544091337]",41.304839825,-8.702294475,Vila do Conde,VCD
6373,"[219558086, 415176803, 415176804, 683255905, 684576619]",38.76288637058824,-9.147704294117647,Lisboa,LSB
6374,[219720824],37.24457793809523,-8.047810338095237,Loulé,LLE
6375,"[220137470, 1120859259, 1120859260]",41.18869625714286,-8.625484138095239,Matosinhos,MTS
6376,"[220251404, 1092921673, 1092921674, 1125218825, 1125285676, 1125285677]",41.298971599999994,-7.751408240000001,Vila Real,VRL
6377,"[220740540, 1314141973, 1314141974, 1314141976, 1314141977, 1314147852, 1314147854]",38.79562127727273,-9.331697018181819,Sintra,SNT
6378,"[220749431, 1349970662]",41.17626372272728,-6.790662872727274,Freixo de Espada à Cinta,FEC
6379,[220922273],41.310338085,-8.73989731,Vila do Conde,VCD
6380,"[221190561, 1314141965, 1314141966, 1314141970, 1314183529]",38.799488552941185,-9.32756291764706,Sintra,SNT
6381,"[221236646, 686429549]",41.31751260555555,-8.722689416666666,Vila do Conde,VCD
6382,[221265288],40.586916263636354,-8.67859615909091,Ílhavo,ILH
6383,[221265291],40.58172876153846,-8.680874053846155,Ílhavo,ILH
6384,[221289771],41.026468763333334,-8.618713280000001,Vila Nova de Gaia,VNG
6385,[221340175],38.01005328421053,-7.873984842105264,Beja,BJA
6386,[221340956],40.587822465,-8.68784571,Ílhavo,ILH
6387,"[221345184, 1055341368]",40.59957337619047,-8.66543028095238,Ílhavo,ILH
6388,"[221363998, 1314141967, 1314141968, 1314147857]",38.79856918,-9.32660695,Sintra,SNT
6389,"[221697341, 1338719907, 1338719908, 1338719909, 1338719910, 1338719911, 1338719912, 1338719913]",40.658101175,-7.92659676,Viseu,VIS
6390,[221845651],40.85481673478261,-8.374233282608696,Vale de Cambra,VLC
6391,"[221846992, 1346657223, 1346657224, 1346657225]",40.8423685,-8.395942158333334,Vale de Cambra,VLC
6392,"[221910662, 549832228, 549833692, 1533208649]",38.61065508750001,-7.899611950000001,Évora,EVR
6393,[222265559],37.084359395238096,-8.113909847619047,Loulé,LLE
6394,"[222384748, 607976528]",41.368383294736844,-8.218157494736843,Felgueiras,FLG
6395,[222403928],38.91118783157895,-8.74093046842105,Benavente,BNV
6396,[222403936],38.91096050555555,-8.732223005555557,Benavente,BNV
6397,[222484522],39.01967086956522,-9.153262999999999,Sobral de Monte Agraço,SMA
6398,[222749723],40.532784255,-7.261811215,Guarda,GRD
6399,[222777574],37.09296846153846,-8.11193753846154,Loulé,LLE
6400,[223054735],37.09017330909091,-8.449786324242423,Lagoa,LGA
6401,[223116110],41.35403343888889,-8.462298194444443,Santo Tirso,STS
6402,"[223279433, 1118155535, 1118155536, 1118448489, 1118448490, 1120647592, 1279863771, 1279863772]",41.18383382608696,-8.677286956521739,Matosinhos,MTS
6403,"[223287720, 1009285799, 1009285800, 1010030165, 1010030166, 1010030167]",41.181132445,-8.665568839999999,Matosinhos,MTS
6404,"[223287721, 1009285797, 1009285798, 1010030168, 1120757261, 1281935599, 1281935600]",41.18026690869565,-8.667713986956523,Matosinhos,MTS
6405,[223386130],40.50697366111112,-7.6201991555555555,Gouveia,GVA
6406,"[223391883, 1314222673, 1314222674, 1315565603, 1315589547, 1321549665, 1321549666]",38.80409713333333,-9.337051525,Sintra,SNT
6407,"[223391884, 1275417670, 1275417671, 1275417711, 1315565604, 1315565605, 1315589545, 1315589546]",38.79869109047619,-9.336028376190475,Sintra,SNT
6408,"[223420401, 1314209065, 1314209066, 1314222675, 1498067864]",38.80607884285714,-9.337122033333333,Sintra,SNT
6409,"[223420412, 1275417672, 1275417673, 1275417708, 1314141952, 1314141962]",38.808153869565224,-9.338863913043479,Sintra,SNT
6410,"[223566466, 1265560658, 1265560659, 1265560660]",40.24272497586207,-8.069454196551725,Arganil,AGN
6411,"[223568881, 1265560653, 1265560654, 1265560655]",40.233616265,-8.06497095,Arganil,AGN
6412,[223570068],40.22906556315789,-8.061341063157895,Arganil,AGN
6413,"[223570070, 1344927306]",40.217039369999995,-8.049677715,Arganil,AGN
6414,"[223660347, 1314209060, 1314222677, 1314222678]",38.80240624761905,-9.310525514285715,Sintra,SNT
6415,"[223840768, 1314141959, 1314141960, 1314141961]",38.815217376190475,-9.339008076190476,Sintra,SNT
6416,[223840773],38.81776265652174,-9.33877105652174,Sintra,SNT
6417,"[223874565, 1313862899, 1313862900, 1313862901, 1314141980, 1540214609]",38.78763869583333,-9.328851370833334,Sintra,SNT
6418,"[224093201, 689429587, 689429588, 689429589, 689429590, 689429591, 689429592, 689429593]",40.8075712,-8.579736576190477,Estarreja,ETR
6419,[224285800],40.601137942857136,-6.834621523809524,Almeida,ALD
6420,[224451616],41.044314445454546,-8.266029331818181,Castelo de Paiva,CPV
6421,"[224638033, 1016076338, 1538051673]",38.67401729411765,-9.231570282352942,Almada,ALM
6422,"[224652201, 1498776709, 1498783222]",41.440286895,-8.413488139999997,Vila Nova de Famalicão,VNF
6423,"[224690339, 1303891236, 1303891237]",41.2061702125,-8.36979105,Paredes,PRD
6424,"[224690396, 1312906318]",41.21008105,-8.381627112499999,Paredes,PRD
6425,"[224699454, 1089822363, 1089822364]",41.04031956,-8.26767583,Castelo de Paiva,CPV
6426,[224731772],41.68096558,-8.766529465000001,Viana do Castelo,VCT
6427,[224930765],41.68784852258065,-8.812658106451615,Viana do Castelo,VCT
6428,[225291604],41.677857704761905,-8.782886790476189,Viana do Castelo,VCT
6429,[225561410],40.45071574285714,-8.574735061904759,Cantanhede,CNT
6430,"[225583828, 225583831, 1013422354, 1013422355]",38.68030071627906,-9.155861174418606,Almada,ALM
6431,[225620427],40.552471431818184,-8.747574286363637,Vagos,VGS
6432,[225634564],37.178647876190475,-7.484607414285715,Castro Marim,CTM
6433,"[226072847, 226072849, 226072852, 226075489, 1013583324, 1235476421, 1315454807, 1347265983]",38.682503671875,-9.152269887500001,Almada,ALM
6434,"[226075442, 1013441761, 1024313802]",38.66153382708333,-9.173836345833333,Almada,ALM
6435,[226094698],40.54286430833333,-7.264974858333333,Guarda,GRD
6436,[226111782],41.81354482173913,-8.419298304347826,Arcos de Valdevez,AVV
6437,"[226156026, 1316503264, 1316503265]",38.79177855499999,-9.315415519999998,Sintra,SNT
6438,[226405559],41.78029250434782,-8.512033365217393,Ponte de Lima,PTL
6439,[226406187],41.28438257916667,-7.475733316666666,Alijó,ALJ
6440,[226428012],41.754668020000004,-8.59428193,Ponte de Lima,PTL
6441,"[226439836, 1013807111, 1013834872, 1013834873, 1272541747]",38.660318025,-9.159487108333334,Almada,ALM
6442,[226443033],37.05143072727273,-7.921026740909091,Faro,FAR
6443,[226731414],38.745291513333335,-9.453358366666667,Cascais,CSC
6444,"[226759874, 495719009, 1013368964, 1013368965, 1013380719, 1013414836]",38.68509869459459,-9.146864121621622,Almada,ALM
6445,[227327123],37.19252822,-7.4334368799999995,Vila Real de Santo António,VRS
6446,[227946163],40.64334236111111,-8.54897692777778,Albergaria-a-Velha,ALB
6447,[228392913],38.91456247083333,-7.319672175000001,Elvas,ELV
6448,"[228521487, 1088308679, 1088308680, 1088308684, 1236557737, 1236557742]",38.80252834857142,-9.377950040000002,Sintra,SNT
6449,"[228532319, 1275025302, 1275025303, 1275025341, 1275417653, 1275417726]",38.787266780952386,-9.37313319047619,Sintra,SNT
6450,"[228533813, 1230018740, 1278237626, 1278237627, 1284514640, 1284514666]",38.75523717272727,-9.2482136,Amadora,AMD
6451,[228621516],41.23753165789474,-8.163860805263159,Marco de Canaveses,MCN
6452,"[228660256, 1252302445, 1370421202, 1370421203]",39.631357588,-8.680022848,Ourém,ORM
6453,[228661996],39.62782491904762,-8.675612904761904,Ourém,ORM
6454,"[228666987, 1072841296, 1072890518, 1072890519, 1298845989, 1298846004]",38.70957839565217,-9.37345642173913,Cascais,CSC
6455,"[228691577, 991368541, 991372706, 991372707, 1275025326, 1298845996]",38.72146879473684,-9.417067894736842,Cascais,CSC
6456,"[228691579, 991056028, 991086915, 991086916, 991328622, 991328623, 991368547, 991372702]",38.72885851071429,-9.41115685,Cascais,CSC
6457,[228694093],40.65867107894737,-8.536137357894736,Albergaria-a-Velha,ALB
6458,[228703125],41.27864387000001,-8.201579844999998,Amarante,AMT
6459,"[228816213, 1275417657, 1275417658, 1275417721, 1437019044]",38.77121637272727,-9.347271377272728,Sintra,SNT
6460,"[228816218, 1275417713]",38.794843290322575,-9.340964425806455,Sintra,SNT
6461,"[228816222, 1275080042, 1275080043, 1275080106]",38.776216165,-9.355122249999997,Sintra,SNT
6462,[229276661],40.14590205789474,-7.195083615789474,Penamacor,PNC
6463,[229393496],41.71248248235295,-8.753823723529411,Viana do Castelo,VCT
6464,"[229587255, 1013435004, 1023415689, 1081267717, 1081267718]",38.664426273913044,-9.20093756521739,Almada,ALM
6465,"[229616472, 1329449459, 1329449460, 1329449465, 1329449466, 1340856004, 1415583365, 1415583366]",38.70700311428571,-9.287622309523808,Oeiras,OER
6466,[230065180],40.77168086000001,-7.073093593333332,Pinhel,PNH
6467,[230219881],39.60635757916666,-8.403510004166668,Tomar,TMR
6468,[230352185],39.82735786190475,-7.480208090476191,Castelo Branco,CTB
6469,[230507680],41.66481457391304,-6.816669126086958,Bragança,BGC
6470,[230507699],41.66329186818182,-6.8158808590909095,Bragança,BGC
6471,[230935655],39.50033393125,-8.095223056250001,Abrantes,ABT
6472,[231091376],39.2395289,-9.33030342,Lourinhã,LNH
6473,[231095190],40.199753105,-7.636175635000001,Covilhã,CVL
6474,[231095191],40.19959601,-7.638650875000001,Covilhã,CVL
6475,[231098713],39.39846483,-8.283162050000001,Constância,CNS
6476,[231363733],41.595029152173915,-8.400807404347827,Braga,BRG
6477,"[231901007, 1001267320, 1001267321, 1001267322, 1337998016]",38.8761606925926,-9.06925168148148,Vila Franca de Xira,VFX
6478,[231932348],38.80950699545455,-7.451572268181818,Borba,BRB
6479,[232002176],40.066507428571434,-8.72872859047619,Soure,SRE
6480,[232006406],40.752949904999994,-7.170103084999999,Pinhel,PNH
6481,"[232085575, 1498010835, 1498010836, 1498010846, 1498254396, 1498270128, 1498992462, 1498992465]",41.40327113461538,-8.51625563076923,Vila Nova de Famalicão,VNF
6482,"[232119580, 1346427184, 1346427185, 1346493381, 1346493382]",38.76352127727272,-9.346297954545454,Sintra,SNT
6483,"[232119599, 1275080040, 1275080041, 1275080107]",38.77954829047619,-9.355606447619047,Sintra,SNT
6484,"[232119608, 1314246229, 1314246230]",38.75174267142857,-9.347080600000002,Sintra,SNT
6485,"[232119609, 1275080048, 1275080049, 1275080101, 1430373546, 1430373555]",38.738816209523804,-9.33961485238095,Cascais,CSC
6486,"[232119611, 1275080024, 1275080025, 1275080061, 1275080097, 1299839072, 1299839081]",38.7238105090909,-9.335864463636367,Cascais,CSC
6487,"[232142332, 1275080046, 1275080047, 1275080102, 1275080103, 1275080104]",38.754370271999996,-9.343801296,Sintra,SNT
6488,"[232142339, 996675813, 996675814, 996675854, 1301420876, 1301420890, 1301420896]",38.697755554545445,-9.329829954545454,Cascais,CSC
6489,"[232429261, 991102987, 991102988, 991103021, 992096505, 992096527, 992349898]",38.704818677272726,-9.430989259090909,Cascais,CSC
6490,"[232429263, 991056019, 991056020, 991056027, 991328624, 1275025319]",38.728917597674425,-9.41444336744186,Cascais,CSC
6491,[232483631],41.165396377777775,-8.649191411111111,Porto,PRT
6492,[232584877],40.13366602105263,-8.709520505263155,Montemor-o-Velho,MMV
6493,"[232798466, 501160772, 501160773]",40.76575590833333,-8.698479462499998,Murtosa,MRS
6494,[232799975],40.790939281818176,-8.675315736363638,Murtosa,MRS
6495,[232830314],41.1326932,-8.534366554545455,Gondomar,GDM
6496,[232874763],39.406291546153845,-9.221112415384615,Óbidos,OBD
6497,[232882744],39.2365284125,-9.31043586875,Lourinhã,LNH
6498,[232975669],41.59252584166667,-8.498379441666664,Vila Verde,VVD
6499,[233407189],41.27202756666667,-8.2534912625,Lousada,LOU
6500,"[233484146, 984724970, 984724971, 984724972, 984724973, 984724974, 1350437951]",39.09684001904762,-9.259975471428572,Torres Vedras,TVD
6501,[234053522],38.74436154210527,-9.225790899999998,Amadora,AMD
6502,[234261732],37.58322595789473,-7.982052663157894,Castro Verde,CVR
6503,"[234317723, 1295377365, 1295377366, 1295377367]",41.037349161904764,-8.416377471428572,Gondomar,GDM
6504,"[234346280, 614163038, 810877800, 810877801]",39.9198450875,-8.612072425,Pombal,PBL
6505,[234348652],41.317051807142846,-8.3317414,Paços de Ferreira,PFR
6506,[234348667],41.29236715652175,-8.286806860869564,Lousada,LOU
6507,[234348668],41.29493111739131,-8.268620865217393,Lousada,LOU
6508,[234348671],41.29342741052631,-8.327014968421052,Paços de Ferreira,PFR
6509,"[234348676, 1322314882, 1322314883, 1322314884, 1322314885]",41.27950951500001,-8.292712605,Lousada,LOU
6510,[234348684],41.29846078181819,-8.333441913636364,Lousada,LOU
6511,[234348688],41.26760609565218,-8.293069995652173,Lousada,LOU
6512,[234351963],41.284860828571425,-8.240385933333334,Lousada,LOU
6513,"[234351975, 651987397]",41.26930937142858,-8.260950533333332,Lousada,LOU
6514,"[234416214, 1284998986, 1284998988, 1505035026, 1505035027]",41.19920508095237,-8.290931566666664,Penafiel,PNF
6515,[234416215],41.21176244761905,-8.284546842857143,Penafiel,PNF
6516,[234423601],41.301147525000005,-8.244778545833332,Lousada,LOU
6517,[234447937],39.60367349999999,-8.40456029090909,Tomar,TMR
6518,"[234448569, 1304122071, 1304122072, 1304122073]",41.21650991363636,-8.422380122727272,Paredes,PRD
6519,[234544528],37.525350284615385,-7.9870811538461535,Almodôvar,ADV
6520,[234898135],40.599617915,-8.666848285,Ílhavo,ILH
6521,"[234930940, 1088308677, 1088308678, 1088308685, 1290418464, 1317255418, 1317255420]",38.81153466875,-9.3708093125,Sintra,SNT
6522,[235032192],37.179689760869564,-8.635478004347823,Portimão,PTM
6523,"[235112574, 286838942, 286838948, 286838950, 286838951, 286838952]",32.68277473448276,-17.053605755172416,Ribeira Brava,RBR
6524,"[235476049, 235476052, 235506704, 1347036159, 1426039070, 1426039071, 1426039072, 1426039073]",41.560241435,-8.44615713,Braga,BRG
6525,"[235476616, 235476619, 317648290, 317648292, 1345170321, 1345170322]",41.549964726315785,-8.43310887368421,Braga,BRG
6526,"[235508142, 317913403, 317913404, 317913405, 317913406, 321639543, 321650888]",41.56354730500001,-8.42000165,Braga,BRG
6527,[235540677],41.565538418181816,-8.439602977272727,Braga,BRG
6528,"[235607453, 235607455, 235607457, 235607458, 1023340818]",41.54449814333334,-8.4332801,Braga,BRG
6529,"[235608545, 317542293, 317542294, 317542295]",41.55502947894737,-8.424627599999999,Braga,BRG
6530,"[235692003, 1230042051, 1285367901, 1285367902, 1285367910, 1300734393]",38.71622769047619,-9.236984833333334,Oeiras,OER
6531,"[235826143, 235826152, 328979809]",41.51428178571429,-8.456335699999999,Braga,BRG
6532,"[235826844, 645998069, 645998071, 645998072, 645998073, 645998074, 645998075, 645998076, 652525187, 1099616752, 1465525709]",41.51196688518518,-8.451204648148147,Braga,BRG
6533,[235828252],41.51696438518518,-8.44891501851852,Braga,BRG
6534,"[235828253, 235828256, 235828257, 235828260, 1026531953, 1026531954, 1026531955, 1081221719]",41.53941882272727,-8.43359325909091,Braga,BRG
6535,"[235828255, 235828258, 235828261, 235828262, 471245619, 481140073, 1115471511, 1354019124]",41.52589342666667,-8.44819781,Braga,BRG
6536,"[235834890, 235834896, 1078551360, 1465804520, 1466017740, 1466017741, 1529717688]",41.552672951724134,-8.406653696551723,Braga,BRG
6537,"[235834982, 317648312, 320667743, 320667745, 320667750, 470101056]",41.56003389230769,-8.407524126923077,Braga,BRG
6538,"[235836055, 317648269, 317648279, 317648286, 321639544, 468966957]",41.55820174545455,-8.39783072272727,Braga,BRG
6539,"[235838609, 235838612, 235838614, 235838615]",41.5686388631579,-8.379933131578946,Braga,BRG
6540,[235855950],40.848375775,-8.381894865,Vale de Cambra,VLC
6541,[235855974],40.847204522727274,-8.385301922727274,Vale de Cambra,VLC
6542,[235858749],37.040827178947374,-7.847763810526317,Olhão,OLH
6543,"[236950957, 1499595388]",41.44088241904762,-8.52617308095238,Vila Nova de Famalicão,VNF
6544,[237013039],40.5604535,-8.682481435,Vagos,VGS
6545,[237016031],40.52125257,-8.478628825,Oliveira do Bairro,OBR
6546,[237022733],40.614635426086956,-8.697322756521741,Ílhavo,ILH
6547,[237659118],40.893129045,-8.489442799999999,São João da Madeira,SJM
6548,[237659119],40.892488152380956,-8.488784104761905,São João da Madeira,SJM
6549,[237659625],40.89079772499999,-8.488944479999999,São João da Madeira,SJM
6550,[237659958],40.89659466190477,-8.501177833333333,São João da Madeira,SJM
6551,[237660348],42.03749472777778,-8.47805466111111,Monção,MNC
6552,[237669332],40.88973492380952,-8.504140161904761,São João da Madeira,SJM
6553,[237669333],40.89418488571429,-8.503243692857142,São João da Madeira,SJM
6554,[237669334],40.889471904761905,-8.506477766666668,São João da Madeira,SJM
6555,[237684245],40.89115616,-8.507349649999998,São João da Madeira,SJM
6556,[237684248],40.89746592272727,-8.505194454545453,São João da Madeira,SJM
6557,[237684249],40.889955445000005,-8.507195155,São João da Madeira,SJM
6558,[237684254],40.89518894761904,-8.50759449047619,São João da Madeira,SJM
6559,[237684812],40.90363949090909,-8.493358045454544,São João da Madeira,SJM
6560,"[237684814, 1378682505, 1379196544]",40.90515348500001,-8.495508125000002,São João da Madeira,SJM
6561,[237684821],40.89907233333333,-8.499893550000001,São João da Madeira,SJM
6562,[237686022],40.903677308695656,-8.48490877826087,São João da Madeira,SJM
6563,[237686028],40.90294413703704,-8.491424192592593,São João da Madeira,SJM
6564,[237697606],40.895322723076916,-8.481718538461537,São João da Madeira,SJM
6565,[237699270],40.898463285714286,-8.488318657142855,São João da Madeira,SJM
6566,[237702788],40.89176475714285,-8.484740176190476,São João da Madeira,SJM
6567,[237702791],40.889707485714275,-8.48438633809524,São João da Madeira,SJM
6568,[237704347],40.88830097500001,-8.481682885000001,São João da Madeira,SJM
6569,[237704348],40.891370847619044,-8.483088542857143,São João da Madeira,SJM
6570,[237704355],40.893434752000005,-8.4849145,São João da Madeira,SJM
6571,"[237710030, 237710034]",40.886968427777774,-8.491563022222222,São João da Madeira,SJM
6572,[237710046],40.883179594999994,-8.493959480000001,São João da Madeira,SJM
6573,[237710050],40.8867711,-8.493816028571429,São João da Madeira,SJM
6574,[237712703],40.890008322727276,-8.497670845454543,São João da Madeira,SJM
6575,"[237713093, 776887272, 776887273, 776887274, 776887275, 1463900120]",40.89834817037036,-8.48954504074074,São João da Madeira,SJM
6576,[237715105],40.90237751363637,-8.491432213636362,São João da Madeira,SJM
6577,[237716586],40.91007384090909,-8.490041090909092,São João da Madeira,SJM
6578,[237717667],40.90424943478261,-8.481364126086957,São João da Madeira,SJM
6579,[237718884],40.91032786666667,-8.487776247619049,São João da Madeira,SJM
6580,[237718890],40.913355536842104,-8.482298657894738,São João da Madeira,SJM
6581,"[238077740, 797137512, 797137513, 797137514]",39.75910469047619,-8.79701809047619,Leiria,LRA
6582,[238110275],41.56198917142858,-8.64744318095238,Barcelos,BCL
6583,[238378121],40.49347710952381,-8.474043542857142,Anadia,AND
6584,"[238544193, 1544841306]",40.54032690999999,-8.588800585,Aveiro,AVR
6585,[238548156],40.53514442,-8.608083345,Oliveira do Bairro,OBR
6586,"[238792944, 1238021933, 1238021935, 1238021936]",38.84108985555556,-9.45754661111111,Sintra,SNT
6587,[238966244],41.38259883181819,-8.001564131818181,Celorico de Basto,CBT
6588,[238967025],37.096941263636374,-8.309327286363635,Albufeira,ABF
6589,[238976732],37.08326172916667,-8.310294987499999,Albufeira,ABF
6590,[238982387],37.091596725,-8.279170833333334,Albufeira,ABF
6591,[239005300],37.080280105,-8.31063485,Albufeira,ABF
6592,[239015173],37.08199023499999,-8.29800182,Albufeira,ABF
6593,[239017495],37.07718864705882,-8.280218888235295,Albufeira,ABF
6594,[239197192],40.648524519999995,-8.615821,Aveiro,AVR
6595,[239453488],41.81837663809524,-6.752650242857144,Bragança,BGC
6596,[239577529],41.816875089999996,-6.76721889,Bragança,BGC
6597,"[239601643, 239601644, 239601646, 246864626, 246864637]",41.542031096428566,-8.417665825,Braga,BRG
6598,"[239602680, 239602681, 239602682, 239602683]",41.536096316666665,-8.423302122222221,Braga,BRG
6599,"[239616488, 723948681, 1053366489, 1053366490]",38.73666976875,-9.140516525,Lisboa,LSB
6600,[239633993],38.72810539545455,-9.216194122727275,Amadora,AMD
6601,[239796258],40.598435474999995,-7.290859475,Guarda,GRD
6602,[239919348],41.91716484705882,-8.567828647058823,Paredes de Coura,PCR
6603,[240114424],41.7475166952381,-8.664348552380952,Ponte de Lima,PTL
6604,"[240198918, 1315362791, 1315362792, 1334798973, 1334806323, 1334806324]",38.76064602631578,-9.261263584210525,Sintra,SNT
6605,[240253254],40.51172719090909,-8.492235686363635,Oliveira do Bairro,OBR
6606,"[240273230, 681510124]",38.7319634,-9.114603753333334,Lisboa,LSB
6607,[240279393],38.74446002941177,-9.111274605882352,Lisboa,LSB
6608,[240439503],37.150439095,-8.553183789999999,Portimão,PTM
6609,[240440920],38.74685996875,-9.1760962375,Lisboa,LSB
6610,"[240528875, 1375841104, 1375841135]",38.59288960999999,-9.035760909999999,Barreiro,BRR
6611,"[240528876, 1375841108, 1375841109, 1375841134]",38.59687534736841,-9.022288789473684,Barreiro,BRR
6612,"[240528880, 1375841110, 1375841111, 1375841133]",38.59677324761905,-9.020162742857142,Barreiro,BRR
6613,[240829547],32.733799010526305,-17.182698526315786,Calheta,CLT
6614,[240885964],38.69214317307693,-28.214264126923077,Velas,VLS
6615,"[241051455, 1120967715, 1120967716, 1186647666, 1186647667, 1377218576, 1377218577, 1380928083]",40.919897368181815,-8.562124163636362,Santa Maria da Feira,VFR
6616,[241053638],40.93428608095238,-8.536907142857142,Santa Maria da Feira,VFR
6617,[241128692],40.98952942380953,-8.526076242857142,Santa Maria da Feira,VFR
6618,[241461039],40.924655315,-8.479473395000001,Santa Maria da Feira,VFR
6619,[241534171],37.07666672857143,-8.285309690476192,Albufeira,ABF
6620,"[241540132, 606452771, 606452772]",37.08546643157894,-8.269433394736842,Albufeira,ABF
6621,[241552770],37.08711271764705,-8.268089529411764,Albufeira,ABF
6622,"[241602497, 1349836781]",41.63827924090909,-6.602661586363637,Vimioso,VMS
6623,[241648108],41.83247115714286,-7.004074457142857,Vinhais,VNH
6624,[241648123],41.82300361818182,-7.007135004545455,Vinhais,VNH
6625,[241648130],41.83239797142857,-7.00119988095238,Vinhais,VNH
6626,[241648142],41.82459018888889,-7.007119138888888,Vinhais,VNH
6627,"[241668355, 1338772966]",38.741776120000004,-9.110496226666667,Lisboa,LSB
6628,[241669059],38.714480040909095,-27.15227802272727,Angra do Heroísmo,AGH
6629,[241669063],38.715951857894744,-27.154658742105266,Angra do Heroísmo,AGH
6630,"[241929723, 1317032646, 1317032647, 1317174802, 1317174803, 1371291614]",38.75718518000001,-9.28922396,Sintra,SNT
6631,[242192402],40.1536872,-8.673247055555557,Soure,SRE
6632,[242202858],40.787768294736836,-8.113449515789474,São Pedro do Sul,SPS
6633,"[242202860, 1415630835, 1415630836, 1466081283, 1466196212, 1466196216]",40.78761184545454,-8.112858036363638,São Pedro do Sul,SPS
6634,[242273600],37.81368466666667,-25.588559905555556,Ribeira Grande,RGR
6635,"[242768839, 1314183535, 1314183536, 1315565601, 1315565602, 1315589548]",38.79928632105263,-9.350903389473684,Sintra,SNT
6636,"[242868127, 1013912745, 1013912746, 1013912761, 1056542739]",38.70347884090909,-8.948050204545453,Montijo,MTJ
6637,[243100280],40.43316202631579,-8.462052873684211,Anadia,AND
6638,[243139360],39.694311725,-8.291691315000001,Ferreira do Zêzere,FZZ
6639,[243304435],40.44484185238095,-8.52703430952381,Anadia,AND
6640,[243404981],40.41839671,-8.466452935,Anadia,AND
6641,[243765214],39.1081516,-7.622417394444445,Fronteira,FTR
6642,"[243810883, 628912403]",39.12838687241379,-7.587690303448276,Fronteira,FTR
6643,[243993332],39.73024191818182,-8.706470086363636,Leiria,LRA
6644,"[244066350, 244066355, 244066358, 244066359, 244962471, 244962475]",41.55423269333333,-8.354302026666668,Braga,BRG
6645,"[244108936, 981847204, 981847205, 981847206]",39.56451398695652,-8.933201943478261,Alcobaça,ACB
6646,[244339574],40.47816402631579,-8.540801305263157,Anadia,AND
6647,[244466493],40.45300754545455,-8.5479561,Anadia,AND
6648,"[244844915, 1120967717, 1120967718, 1377218575, 1546370940]",40.91802498695652,-8.557209869565217,Santa Maria da Feira,VFR
6649,[245055567],37.128915552941166,-8.421582364705884,Lagoa,LGA
6650,"[245104610, 1500248455, 1500248456]",40.74846398076923,-8.651731988461538,Murtosa,MRS
6651,[245173887],40.45789534615384,-8.780737646153847,Mira,MIR
6652,[245182126],40.4574253,-8.80248208095238,Mira,MIR
6653,[245611353],40.42324989999999,-8.565707935,Anadia,AND
6654,[245646962],40.46905342105263,-8.59604852105263,Cantanhede,CNT
6655,[245707543],40.44764969047618,-8.743054842857143,Mira,MIR
6656,[245851244],39.23934822631579,-8.683517884210525,Santarém,STR
6657,"[245915583, 862960432, 862960433]",37.08155304642857,-8.112527464285714,Loulé,LLE
6658,"[245970048, 1536839038, 1536839039, 1536839040, 1536839041]",41.259583490909094,-8.642238086363635,Maia,MAI
6659,[246076794],37.081247366666666,-8.092893333333334,Loulé,LLE
6660,[246076815],37.079276142105265,-8.09161807368421,Loulé,LLE
6661,[246076816],37.08520352272727,-8.099708013636363,Loulé,LLE
6662,"[246184804, 1299839087, 1300360516]",38.7127073263158,-9.350152289473684,Cascais,CSC
6663,[246247560],37.131893173684205,-8.504893815789474,Lagoa,LGA
6664,[246717880],40.19786237368421,-8.278776457894736,Vila Nova de Poiares,PRS
6665,"[246800548, 830602701, 830602702, 1331486618]",39.752428545454556,-8.791145354545455,Leiria,LRA
6666,[246801039],39.751512415,-8.788738935000001,Leiria,LRA
6667,[246801044],39.750436230000005,-8.789539344999998,Leiria,LRA
6668,"[246816467, 1286532798, 1286532799, 1286532800, 1465498488, 1465498489, 1465514891]",41.508215894736836,-8.433829205263157,Braga,BRG
6669,[246816641],41.53156835555555,-8.427854233333335,Braga,BRG
6670,[246845394],39.398637344444445,-9.145580792592593,Caldas da Rainha,CLD
6671,"[246864620, 246864622, 246864624, 246864635]",41.54000779629631,-8.411871533333333,Braga,BRG
6672,[246924038],39.3657202368421,-9.383931847368421,Peniche,PNI
6673,[247041926],41.51441931428571,-8.434191685714287,Braga,BRG
6674,[247260015],40.63601164761904,-8.711516566666667,Ílhavo,ILH
6675,"[248154252, 739815292, 739815293, 739815295, 974559162, 974559165, 974559169, 974559172]",32.777105131999996,-17.219800524,Calheta,CLT
6676,[248213845],41.50221152631579,-8.671962121052632,Barcelos,BCL
6677,[248365612],40.42482248,-8.39310108,Anadia,AND
6678,[248399158],38.87559921052632,-9.05190187368421,Vila Franca de Xira,VFX
6679,[248434994],39.4684655047619,-8.473179580952381,Entroncamento,ENT
6680,[248545782],40.6979889,-8.552154377777777,Estarreja,ETR
6681,[248722721],40.73585241578947,-8.561143157894735,Estarreja,ETR
6682,"[248799884, 1275417659, 1275417660, 1275417720]",38.771673370833334,-9.3448947125,Sintra,SNT
6683,[248808057],38.77639680000001,-9.339496075000001,Sintra,SNT
6684,[248894658],41.35716825,-6.700438063636363,Mogadouro,MGD
6685,[249275507],38.58658922272727,-8.976139354545454,Palmela,PLM
6686,[249390827],41.526983115,-6.966031919999999,Macedo de Cavaleiros,MCD
6687,[249474270],40.75912085833333,-8.603325813888887,Estarreja,ETR
6688,[249594454],41.52035191428571,-8.47512779047619,Braga,BRG
6689,[249648424],38.457367899999994,-8.861612815789472,Grândola,GDL
6690,[249918990],39.75451057368421,-8.866509068421053,Leiria,LRA
6691,[250107038],41.4182293,-7.408507745454545,Murça,MUR
6692,[250233489],38.382355925,-8.63136108125,Alcácer do Sal,ASL
6693,[250234725],38.38355552777778,-8.635895433333335,Alcácer do Sal,ASL
6694,[250234731],38.37699156,-8.637704439999998,Alcácer do Sal,ASL
6695,[250234732],38.37855261666667,-8.637602761111111,Alcácer do Sal,ASL
6696,[250353684],40.053602475,-8.316788424999999,Miranda do Corvo,MCV
6697,[250458688],37.125282983333335,-8.542188925,Portimão,PTM
6698,[250533043],37.12699615652174,-8.542806991304348,Portimão,PTM
6699,"[250585008, 737735245, 781505054, 813624701, 953176922, 953176923]",37.312158357142856,-8.555545261904761,Monchique,MCQ
6700,[250664587],38.84626634736842,-9.342697910526317,Sintra,SNT
6701,[250693571],38.819119472222226,-9.365961588888888,Sintra,SNT
6702,"[250741864, 495411090, 970073184, 970073185]",37.73071294615385,-8.77505763846154,Odemira,ODM
6703,[251066076],39.643861099999995,-8.13868072,Vila de Rei,VLR
6704,[251092824],41.97135529565218,-8.68616683478261,Vila Nova de Cerveira,VNC
6705,[251642452],40.85533252857143,-8.629212228571427,Ovar,OVR
6706,[251697983],37.15519032307692,-8.3162167,Silves,SLV
6707,[252254856],39.240744232000004,-8.680876296000001,Santarém,STR
6708,"[252358307, 1349836801]",41.520892705,-8.577073729999999,Barcelos,BCL
6709,[252455716],38.711014895,-8.961502030000002,Montijo,MTJ
6710,[252553079],41.233550825,-8.179622844999999,Penafiel,PNF
6711,[252576330],41.238312140000005,-8.13629064,Amarante,AMT
6712,[252605707],38.77371929411765,-9.336254635294118,Sintra,SNT
6713,"[252684317, 871180128, 871180129]",38.500605263636366,-8.159222881818181,Montemor-o-Novo,MMN
6714,[252684323],38.49791378947368,-8.154216578947368,Montemor-o-Novo,MMN
6715,"[252696567, 871180135, 871180136, 1268546420, 1268546421]",38.64779769444445,-8.22084868888889,Montemor-o-Novo,MMN
6716,"[252886299, 1042084633, 1042090400, 1042090401]",38.72811228235294,-8.97279095,Alcochete,ACH
6717,"[252886300, 1042084630, 1042090403, 1042090404, 1053482816]",38.73058966000001,-8.97288726,Alcochete,ACH
6718,"[252886301, 1037064952, 1037398766, 1037398767, 1042115342, 1042119094]",38.73266654347826,-8.97232322173913,Alcochete,ACH
6719,"[253201058, 1499346924, 1499346925, 1499346932, 1499595382, 1499595392]",41.452779659090915,-8.537718304545455,Vila Nova de Famalicão,VNF
6720,[253210124],41.454421277777776,-8.555893288888889,Barcelos,BCL
6721,[253359984],40.359391542857146,-7.854614995238096,Oliveira do Hospital,OHP
6722,[253535649],37.96596639705882,-8.87025220882353,Sines,SNS
6723,[253586441],38.021362233333335,-7.81614348888889,Beja,BJA
6724,[253669503],40.814464439999995,-8.495388735,Oliveira de Azeméis,OAZ
6725,[253669791],40.81478830499999,-8.493277175000001,Oliveira de Azeméis,OAZ
6726,[253700103],40.82167882631579,-8.493654305263158,Oliveira de Azeméis,OAZ
6727,[253770523],40.822874347368426,-8.472940284210527,Oliveira de Azeméis,OAZ
6728,"[253785402, 1290426442]",40.14795986190476,-8.863246523809526,Figueira da Foz,FIG
6729,"[253814936, 1539825262, 1539825263, 1539825275]",40.75733727368421,-8.056195810526315,São Pedro do Sul,SPS
6730,"[253814946, 1539825264, 1539825265, 1539825274]",40.75212108947369,-8.049855052631578,São Pedro do Sul,SPS
6731,"[253995081, 1412524678, 1412524679, 1426241988]",41.055059660000005,-8.508252370000001,Vila Nova de Gaia,VNG
6732,[254011175],38.708992926315794,-9.338054089473683,Cascais,CSC
6733,"[254916601, 495454304, 686093637, 686093638, 1083067931, 1345700094]",37.96623064583333,-8.856123695833332,Sines,SNS
6734,[254916604],37.96581262857143,-8.853837231428571,Sines,SNS
6735,"[254916607, 1083067932]",37.964827310000004,-8.857350174999999,Sines,SNS
6736,[255026820],41.572094112,-8.423161984,Braga,BRG
6737,"[255027602, 322497451]",41.57008256129032,-8.42669935483871,Braga,BRG
6738,[255063738],38.72755700909091,-8.975152795454543,Alcochete,ACH
6739,"[255106236, 1019610546, 1019614457, 1019614458, 1037064954, 1037398763, 1428108961, 1428108963]",38.74619195652175,-8.969315773913044,Alcochete,ACH
6740,"[255106248, 1037064953, 1037398764, 1037398765]",38.74439303636364,-8.969594550000002,Alcochete,ACH
6741,"[255406188, 880503091]",39.295935459090906,-7.630513777272726,Crato,CRT
6742,[255512605],39.404861365217386,-9.221114426086954,Óbidos,OBD
6743,[255797135],41.07131598947368,-8.401668684210525,Gondomar,GDM
6744,[256495684],41.31902845500001,-8.101306275,Amarante,AMT
6745,[256520098],41.79520451,-8.459442575,Ponte da Barca,PTB
6746,[256520550],41.80820194210526,-8.402079589473683,Ponte da Barca,PTB
6747,"[256787718, 1305880389, 1305880390, 1305880423]",38.74896275,-9.282530353846154,Oeiras,OER
6748,[257228992],40.79155598947368,-8.533927926315789,Oliveira de Azeméis,OAZ
6749,[257279924],41.21444715,-7.089643205000002,Torre de Moncorvo,TMC
6750,[257387023],41.35157760454546,-7.600311554545456,Sabrosa,SBR
6751,[257739886],39.254465389473694,-8.797730894736844,Santarém,STR
6752,"[257776663, 257776847, 322497448]",41.538628329999995,-8.418363075,Braga,BRG
6753,[257782446],40.660325736842104,-7.926775194736841,Viseu,VIS
6754,[257819596],40.14256230434783,-7.493798365217392,Fundão,FND
6755,[257819600],40.14623544347827,-7.496210669565218,Fundão,FND
6756,[257959282],40.460395919999996,-8.441733150000001,Anadia,AND
6757,[257986916],40.67250065,-8.214858025,Vouzela,VZL
6758,[258032665],37.9532561117647,-8.822744835294118,Sines,SNS
6759,"[258215766, 1284180940, 1284180941, 1284180945, 1319593337]",41.136295257142855,-8.628484528571429,Vila Nova de Gaia,VNG
6760,"[258215853, 750255775, 1081104962]",41.13608458421052,-8.625473221052632,Vila Nova de Gaia,VNG
6761,[258220540],41.13771102121211,-8.629051681818183,Vila Nova de Gaia,VNG
6762,"[258321045, 1290521141, 1306782035, 1306782036, 1306782049, 1306782050]",38.77078242173913,-9.292433495652173,Sintra,SNT
6763,"[258321054, 1068164336, 1306782034, 1306782051, 1306790152, 1306790153, 1317032643]",38.77054814,-9.292206839999999,Sintra,SNT
6764,[258344160],40.172999178947364,-7.484639105263159,Fundão,FND
6765,"[258359677, 1030031014, 1030031015, 1030031016, 1030031017]",41.136869579999995,-8.630161374999998,Vila Nova de Gaia,VNG
6766,"[258752907, 1299887284]",38.728761023809525,-9.341160476190478,Cascais,CSC
6767,[258922288],37.13810090526315,-7.677524605263159,Tavira,TVR
6768,"[258937565, 1347605540, 1347605541]",41.127145855,-8.6381607,Vila Nova de Gaia,VNG
6769,"[258983589, 766803112]",39.73370466666666,-8.783179619047619,Leiria,LRA
6770,[258983596],39.73315896896552,-8.784074834482759,Leiria,LRA
6771,[259022325],37.1389267875,-7.6736701625,Tavira,TVR
6772,[259063220],40.446684781818185,-8.437458954545455,Anadia,AND
6773,[259176050],41.50373931,-8.336226785,Guimarães,GMR
6774,"[259276062, 1275080038, 1275080039, 1275080108]",38.78115975789473,-9.35529872631579,Sintra,SNT
6775,[259829308],42.06750337142857,-8.495539152380953,Monção,MNC
6776,[259843178],41.205096142857144,-7.168264700000001,Torre de Moncorvo,TMC
6777,[259908523],37.96727818181818,-8.846136986363637,Sines,SNS
6778,[260303633],38.7548871952381,-9.396856214285716,Sintra,SNT
6779,"[260483219, 1314946935, 1314946936, 1315096725, 1315096726]",38.78981434,-9.351605254999999,Sintra,SNT
6780,[260555222],38.75216329999999,-8.94318182777778,Alcochete,ACH
6781,[260678112],39.408810626315784,-9.24819212105263,Óbidos,OBD
6782,[260678116],39.404219475000005,-9.242029935,Óbidos,OBD
6783,[260678117],39.404822980000006,-9.244659615000002,Óbidos,OBD
6784,[260678128],39.404489209999994,-9.249168195,Óbidos,OBD
6785,[260678129],39.4096227631579,-9.248186705263157,Óbidos,OBD
6786,"[260840037, 1356944305, 1356944306]",38.63358164736842,-8.906075731578948,Palmela,PLM
6787,"[260904733, 1315208984]",38.80924224615384,-9.274019984615384,Sintra,SNT
6788,[260961587],40.109130710526316,-8.252927189473684,Lousã,LSA
6789,[261148948],37.101336222222216,-8.118949588888889,Loulé,LLE
6790,[261467903],37.05460734,-8.05400128,Loulé,LLE
6791,[261467904],37.06013981875,-8.0511739875,Loulé,LLE
6792,[261467905],37.0566520625,-8.053318412500001,Loulé,LLE
6793,[261491401],37.05539296086956,-8.062779452173912,Loulé,LLE
6794,[261532265],37.060129045000004,-8.06971802,Loulé,LLE
6795,[261969318],37.0336436,-8.00794968888889,Loulé,LLE
6796,[261969379],37.038496683333335,-8.0116835375,Loulé,LLE
6797,[261969387],37.0389817,-8.011646086956521,Loulé,LLE
6798,[262056862],38.67500372631578,-9.171598868421052,Almada,ALM
6799,[262480256],41.56470454761906,-8.399163661904764,Braga,BRG
6800,"[262663332, 1275080032, 1275080033, 1275080111]",38.791207363157895,-9.345915178947369,Sintra,SNT
6801,[262780991],41.42275172307693,-8.369571446153847,Guimarães,GMR
6802,[263482250],38.61516443000001,-9.131594770000001,Seixal,SXL
6803,[263704531],39.76859703030303,-8.779735715151515,Leiria,LRA
6804,"[263800053, 1545846988]",40.834020428571435,-8.580033452380952,Ovar,OVR
6805,[263811830],40.865223824999994,-8.539360115000001,Ovar,OVR
6806,[263811833],40.86556966,-8.53642986,Ovar,OVR
6807,[263817939],40.88383834736842,-8.528097142105262,Ovar,OVR
6808,[263988141],41.334350515,-8.1539622,Felgueiras,FLG
6809,[263999180],41.704741295000005,-8.67659729,Viana do Castelo,VCT
6810,[264001297],41.809239500000004,-8.40174177368421,Ponte da Barca,PTB
6811,[264182587],38.95597535263158,-9.00060947368421,Vila Franca de Xira,VFX
6812,[264203331],39.04454088888888,-8.651778977777777,Salvaterra de Magos,SMG
6813,[264354360],41.72287507647059,-8.72792369117647,Viana do Castelo,VCT
6814,[264485463],41.5105684,-8.41171796875,Braga,BRG
6815,"[264743008, 1485741895, 1485741896, 1485741897, 1485741898, 1485741899, 1485741900, 1528814074, 1528814075]",41.2884141125,-8.3116203625,Lousada,LOU
6816,[264965634],41.442154808333335,-8.4964177,Vila Nova de Famalicão,VNF
6817,"[265327808, 1070340171, 1070349787, 1070349788]",39.75307443414634,-8.801636214634145,Leiria,LRA
6818,[265514895],41.487394904000006,-7.964655060000001,Cabeceiras de Basto,CBC
6819,"[265530085, 1136332139]",41.45011219523809,-7.669916909523811,Vila Pouca de Aguiar,VPA
6820,[265884775],41.7155585952381,-6.8046132904761905,Bragança,BGC
6821,[265890335],41.48029768235294,-7.186389311764706,Mirandela,MDL
6822,[265891378],41.48779892105264,-7.182320121052632,Mirandela,MDL
6823,"[266126670, 1013953000, 1070095139, 1070095140, 1306877901, 1349655988, 1349656009, 1380340036]",38.532062200000006,-8.875384257142855,Setúbal,STB
6824,[266780946],41.59209999999999,-6.9130639090909085,Macedo de Cavaleiros,MCD
6825,"[267027522, 772276090, 772276091, 772276092]",39.75440202,-8.819751607999999,Leiria,LRA
6826,"[267028460, 805903102]",39.750763777272724,-8.814669254545452,Leiria,LRA
6827,"[267069675, 1345716057, 1345716058, 1345716059]",41.67618936842105,-7.377565142105263,Valpaços,VLP
6828,"[267208682, 824700146, 1125524967, 1125524971, 1125524972]",41.27769231818181,-7.705288054545455,Vila Real,VRL
6829,"[267926291, 1089822365, 1089822366]",41.038849768,-8.261196264,Castelo de Paiva,CPV
6830,"[267934583, 701216805, 701216806, 901736236]",32.6846346888889,-16.7983036,Santa Cruz,SCR
6831,[268154304],39.233511331578946,-8.701144173684211,Santarém,STR
6832,[268161442],39.24768681052632,-8.709808678947367,Santarém,STR
6833,"[268203418, 360803260]",41.04121349523809,-8.262495714285714,Castelo de Paiva,CPV
6834,[268216755],41.041963205,-8.268101815,Castelo de Paiva,CPV
6835,"[268467314, 589685611, 589685612, 589685613, 666616924, 666616925, 666616926, 672346633, 672346634, 1160850954, 1160850955, 1160850959]",37.03513313913044,-7.9606360260869575,Faro,FAR
6836,[268653109],39.49015442222222,-8.322994155555556,Constância,CNS
6837,[268653110],39.49311547894736,-8.325015684210527,Constância,CNS
6838,[268653111],39.491604094736836,-8.324762384210528,Constância,CNS
6839,[268653112],39.49269731052632,-8.326471826315787,Constância,CNS
6840,"[269492129, 1022877353, 1022877354, 1022877355, 1022877356, 1022877357, 1022877358]",41.59679521578948,-8.593725778947368,Barcelos,BCL
6841,[269938071],40.21486175,-8.049101454999999,Arganil,AGN
6842,[269938074],40.21524866666666,-8.052128666666666,Arganil,AGN
6843,"[270084278, 362810790, 362810791, 362810792, 1434290204, 1547568559, 1547568561]",40.20384016470588,-8.425194435294118,Coimbra,CBR
6844,"[270159777, 1026104501, 1068949282, 1068949283, 1092193125]",39.74006424347826,-8.812361486956522,Leiria,LRA
6845,[270184245],40.23852138947368,-8.032078778947367,Arganil,AGN
6846,[270765934],38.44564230588236,-8.39337220882353,Alcácer do Sal,ASL
6847,[270977621],41.36825455,-8.48434901875,Santo Tirso,STS
6848,[271115551],38.00076017272727,-8.7418811,Santiago do Cacém,STC
6849,[271369794],38.76078815555556,-9.241755133333333,Amadora,AMD
6850,[271542842],41.370528799999995,-8.5782579,Vila Nova de Famalicão,VNF
6851,"[271917990, 683867454, 1230013757, 1237733992, 1278664091, 1278664101, 1312927861]",38.75026392727273,-9.222414145454547,Amadora,AMD
6852,[272041738],39.83493047368421,-8.896063547368422,Leiria,LRA
6853,[272041745],39.82328230999999,-8.881124605,Leiria,LRA
6854,[272041757],39.829284044999994,-8.880884949999999,Leiria,LRA
6855,"[272041838, 793358907, 793358909, 793358910]",39.85560379583333,-8.889581575,Leiria,LRA
6856,"[272100681, 1551163852, 1551163853]",40.66914667931035,-7.924122720689657,Viseu,VIS
6857,"[272105436, 637889012, 637889019, 637889021]",40.66964979565217,-7.928026039130433,Viseu,VIS
6858,[272710049],41.41104859166667,-8.518428824999999,Vila Nova de Famalicão,VNF
6859,[273147471],39.198747729411764,-8.794952070588236,Cartaxo,CTX
6860,[273191497],37.139066795238094,-8.555506761904761,Portimão,PTM
6861,[273864580],38.733352659999994,-9.450134905000002,Cascais,CSC
6862,[274497760],41.581113455,-8.457897745,Braga,BRG
6863,[274510639],41.58274108421053,-8.47735817368421,Braga,BRG
6864,[274562800],41.2828532173913,-8.30938608695652,Lousada,LOU
6865,"[274892973, 478302827, 478302828, 478302829, 478302832, 478302834]",41.81105836818182,-6.759859522727272,Bragança,BGC
6866,[274894732],41.19539176315789,-8.517436494736842,Valongo,VLG
6867,[274895647],41.25260009583334,-7.284365995833333,Carrazeda de Ansiães,CRZ
6868,[275244624],39.53633727619048,-9.0803316,Nazaré,NZR
6869,[275244636],39.53442447142858,-9.083655557142858,Nazaré,NZR
6870,"[275446793, 899066707, 899066708, 899066709]",39.86892519047619,-8.247911709523809,Figueiró dos Vinhos,FVN
6871,[275517716],41.582026240000005,-6.9419698400000005,Macedo de Cavaleiros,MCD
6872,[275517717],41.578261636363635,-6.945673790909091,Macedo de Cavaleiros,MCD
6873,[275554919],41.90837875769231,-8.562570807692309,Paredes de Coura,PCR
6874,[275701959],39.542367715789474,-8.039135110526317,Mação,MAC
6875,[276233386],41.20798505,-8.281693629999998,Penafiel,PNF
6876,[276656926],38.80358488333333,-9.276009033333333,Sintra,SNT
6877,[276698293],41.68082421818181,-8.785096927272727,Viana do Castelo,VCT
6878,[276698295],41.68108123636364,-8.77942265909091,Viana do Castelo,VCT
6879,[276698303],41.6784706375,-8.776389875000001,Viana do Castelo,VCT
6880,[276698310],41.68033342608697,-8.776210513043479,Viana do Castelo,VCT
6881,[276698313],41.68108397647058,-8.776184094117646,Viana do Castelo,VCT
6882,[276698318],41.682062777272726,-8.776436036363636,Viana do Castelo,VCT
6883,[276698324],41.68340154,-8.779188424,Viana do Castelo,VCT
6884,[276698337],41.681310933333336,-8.764175271428572,Viana do Castelo,VCT
6885,[276698340],41.70464809999999,-8.712972861904762,Viana do Castelo,VCT
6886,"[277457093, 1457640633, 1457640634, 1457640658, 1457640659, 1529755940]",40.479572243478266,-7.978439169565218,Carregal do Sal,CRS
6887,[277457095],40.47699657894737,-7.975378,Carregal do Sal,CRS
6888,"[277670085, 489688872, 489688873, 489688874]",32.655745785,-16.9407852,Funchal,FNC
6889,[277849643],40.179729395652174,-8.39185853478261,Coimbra,CBR
6890,"[277849650, 558913328, 558913329, 558913330]",40.18270173611111,-8.379790344444443,Coimbra,CBR
6891,[278012616],39.793821480000005,-7.792182474999999,Proença-a-Nova,PNV
6892,"[278025372, 875568941, 875568942, 875568943, 1068949285]",39.734670576,-8.823810836000002,Leiria,LRA
6893,[278164197],39.77881941739131,-7.841413621739131,Proença-a-Nova,PNV
6894,[278320378],41.35234554999999,-8.60253269,Vila Nova de Famalicão,VNF
6895,[278320386],41.350390294444445,-8.602532311111112,Vila Nova de Famalicão,VNF
6896,[278361831],41.365957285,-8.364337964999999,Guimarães,GMR
6897,[278742528],39.41384256538461,-9.144713399999999,Caldas da Rainha,CLD
6898,[279252718],41.402622036842104,-8.380501857894737,Guimarães,GMR
6899,[279438723],32.6547518952381,-16.967579066666673,Câmara de Lobos,CML
6900,"[279482045, 609217751, 609217752, 609217754, 609217755]",32.68581909090909,-17.0985296,Ponta do Sol,PTS
6901,"[279482078, 279482079, 279482106]",32.653148613043484,-16.978895860869564,Câmara de Lobos,CML
6902,"[279780627, 1016975006, 1513091242, 1513091243, 1513091247]",39.75678581052631,-8.932314552631578,Marinha Grande,MGR
6903,[279823123],38.962303078947365,-8.81923633157895,Benavente,BNV
6904,"[280512457, 1488944353]",40.62580957894737,-7.888496163157894,Viseu,VIS
6905,"[280512461, 1353802269, 1353895336, 1353895337, 1353895340]",40.62911870000001,-7.882420919047619,Viseu,VIS
6906,"[280521416, 1466721914, 1481097563, 1481097564]",40.30697598695652,-8.547023273913045,Cantanhede,CNT
6907,"[280674146, 1458288510, 1458288511, 1458288549]",40.617967895238095,-8.095534885714287,Tondela,TND
6908,"[280682651, 1537513820, 1537513821]",40.68657792105263,-8.111173657894737,Vouzela,VZL
6909,"[280705543, 1466081270]",40.756051025,-8.070283609999999,São Pedro do Sul,SPS
6910,"[280705544, 1466081271]",40.754252195238095,-8.069995823809524,São Pedro do Sul,SPS
6911,"[280953350, 1466826757]",40.75892335714285,-8.091917142857143,São Pedro do Sul,SPS
6912,[281165383],40.73889050666667,-8.1726637,Oliveira de Frades,OFR
6913,"[281172005, 1539825259, 1539825260]",40.73159973333333,-8.168256804761903,Oliveira de Frades,OFR
6914,[281227421],41.023841514285714,-8.33027017142857,Castelo de Paiva,CPV
6915,[281247501],40.66942350499999,-7.895351805,Viseu,VIS
6916,[281253507],40.65480711363636,-7.905437127272728,Viseu,VIS
6917,[281259120],40.67959613333334,-7.876399490476191,Viseu,VIS
6918,"[281261649, 1545846985, 1545847002, 1545847006, 1547045165]",40.8723979952381,-8.619979538095238,Ovar,OVR
6919,[281448159],39.755125579166666,-7.9283012583333345,Proença-a-Nova,PNV
6920,[281451348],39.74997825454546,-7.920312981818181,Proença-a-Nova,PNV
6921,[281561904],40.191943225,-8.419921969999999,Coimbra,CBR
6922,[281597868],37.090393320000004,-8.17159466,Albufeira,ABF
6923,[281633315],41.442556555555555,-8.141577116666669,Fafe,FAF
6924,"[281893731, 1028757929, 1028757930, 1028757931, 1171544464]",37.064975195,-8.093424975,Loulé,LLE
6925,"[281893738, 1028757933, 1028757934, 1028757936]",37.06612560952381,-8.096455,Loulé,LLE
6926,[281912825],38.738844972,-27.081851552,Praia da Vitória,VPV
6927,[281955433],39.60491426111111,-7.9968453722222215,Mação,MAC
6928,[282014046],40.711473384210514,-7.9004137,Viseu,VIS
6929,"[282014048, 621959714, 621959715]",40.712097615,-7.904513584999999,Viseu,VIS
6930,[282153762],39.6019169631579,-8.982662447368421,Alcobaça,ACB
6931,[282429575],40.0382256625,-8.578545829166666,Soure,SRE
6932,"[282508349, 1222985294, 1222985295, 1222985296]",40.06663394761904,-8.61269491904762,Soure,SRE
6933,[283023324],40.987019784210524,-7.39452547368421,Penedono,PND
6934,"[283054186, 1473901631, 1473901632, 1473901633]",32.679311495238096,-16.94855996666667,Funchal,FNC
6935,"[283054193, 283054206, 283054218, 283054225, 317908543]",32.6585294,-16.91561990526316,Funchal,FNC
6936,"[283054200, 283054202, 283054219, 283054222, 1470216800, 1470216801, 1470216802, 1470216803]",32.723113733333335,-16.773901672222223,Machico,MCH
6937,"[283054203, 283054210, 283054216, 283054223, 1011354474, 1011354477, 1011354479, 1448393431]",32.66508525909091,-16.93645143636364,Funchal,FNC
6938,"[283054208, 283054213, 283054214, 283054221, 1343603025]",32.642466541176475,-16.84962442352941,Santa Cruz,SCR
6939,"[283233328, 1338719884, 1338719885, 1338719886, 1338719887, 1338719889, 1338719890, 1338719891]",40.65611818076923,-7.922887007692307,Viseu,VIS
6940,"[283237502, 637889046, 637889055, 638847286, 1338719915, 1340146821, 1488944357, 1488944360]",40.65957711071428,-7.923384035714284,Viseu,VIS
6941,"[283413630, 1230023482, 1275080077, 1319360673, 1319360677]",38.68705355499999,-9.315696110000001,Oeiras,OER
6942,"[283518772, 621803618, 621803619, 621803621, 1226755383, 1494416387, 1535494104, 1546625134]",40.649280265624995,-7.9121875125,Viseu,VIS
6943,"[284121336, 628957246]",40.10750047142858,-7.483779528571428,Fundão,FND
6944,[284224119],41.635556484210525,-8.14587322631579,Vieira do Minho,VRM
6945,[284302809],37.09990928125,-8.737103275,Lagos,LGS
6946,"[284410060, 1349594493, 1349836533, 1349836539, 1349836545]",38.51862510454546,-8.826242731818185,Setúbal,STB
6947,"[284410695, 1068769559, 1068769560, 1349655972, 1365099488, 1365099489]",38.54203624545455,-8.863391250000001,Setúbal,STB
6948,"[284412042, 1298982812, 1302235273, 1349594479, 1349594480, 1480590607]",38.52267420869566,-8.88675394347826,Setúbal,STB
6949,[284429842],37.089754077777776,-8.7090326,Lagos,LGS
6950,[284432286],37.09865113928572,-8.682278864285713,Lagos,LGS
6951,[284432291],37.097364342105266,-8.682611236842106,Lagos,LGS
6952,[284432292],37.097590975,-8.68152308125,Lagos,LGS
6953,"[284861016, 877303925, 877303926, 1226323725, 1339546061, 1339546062, 1467876529]",40.65974301111111,-7.905730088888888,Viseu,VIS
6954,[284906462],41.38555859999999,-8.091425257142857,Celorico de Basto,CBT
6955,[285191811],40.606450073684215,-8.721722857894738,Ílhavo,ILH
6956,[285484466],40.193903294444446,-8.404628011111113,Coimbra,CBR
6957,[285982407],37.72371011,-25.450655854999997,Vila Franca do Campo,VFC
6958,"[286085496, 1539376686, 1539376687, 1539376688, 1539376689]",41.198675890476196,-8.60911640952381,Matosinhos,MTS
6959,"[286408319, 1468598346, 1468598347, 1532364056, 1532364057, 1532364062, 1532364063]",40.65152416666667,-8.000067333333334,Viseu,VIS
6960,[286646353],40.64981046190476,-7.903027752380952,Viseu,VIS
6961,"[286672529, 623581293, 623581294, 623581295, 623581296, 1546625132]",40.653182781818174,-7.912917730303031,Viseu,VIS
6962,"[287282238, 1349836773]",41.50757381904763,-6.287041633333334,Miranda do Douro,MDR
6963,[288133341],40.531188965,-7.27782457,Guarda,GRD
6964,"[288133342, 629001189]",40.53035873636364,-7.275806599999999,Guarda,GRD
6965,[288290321],39.34085629,-8.939442965000001,Rio Maior,RMR
6966,[288290327],39.34121444210527,-8.936915731578946,Rio Maior,RMR
6967,[288387601],37.137906975,-7.5954614750000005,Tavira,TVR
6968,[288952564],38.54664831904762,-28.64867857619048,Horta,HRT
6969,"[289069625, 1353539509, 1353539510, 1353539511]",40.64714784545455,-7.871236922727272,Viseu,VIS
6970,"[289167892, 1456581629, 1456581630, 1456584363]",40.4276293375,-8.004135133333333,Carregal do Sal,CRS
6971,"[289524972, 1515438507, 1528455668]",39.48080379473684,-8.536221373684212,Torres Novas,TNV
6972,[289757648],39.29093768235294,-8.838937776470587,Rio Maior,RMR
6973,[289757753],39.2960195137931,-8.831176493103449,Rio Maior,RMR
6974,[289817675],40.173233995,-7.609988660000001,Covilhã,CVL
6975,"[290138407, 1322719124, 1322719125, 1322719126, 1323391714, 1323403724]",41.33098403125,-8.49116854375,Santo Tirso,STS
6976,"[290173554, 1349836779]",41.595669613043476,-6.583907308695653,Vimioso,VMS
6977,"[290173555, 1349836780]",41.597821366666665,-6.59302947142857,Vimioso,VMS
6978,[290173566],41.59532776315789,-6.583315889473684,Vimioso,VMS
6979,[290248105],41.34014502,-6.95992851,Alfândega da Fé,AFE
6980,"[290563732, 1456581631, 1456584361, 1456584362, 1457609979, 1457609985, 1457609992]",40.42865388,-8.002662172,Carregal do Sal,CRS
6981,"[290564965, 1456581635, 1456581636, 1456581639, 1456581640, 1457609975, 1457609980, 1457640647]",40.433870424999995,-7.989103005000001,Carregal do Sal,CRS
6982,"[290565752, 1457640648, 1457640649, 1529755941, 1529755942]",40.42845292380952,-7.9822685333333325,Carregal do Sal,CRS
6983,[290640357],38.62713978947369,-9.085838100000002,Seixal,SXL
6984,[290703042],40.15332628181819,-7.497211518181817,Fundão,FND
6985,[290966361],38.9185051368421,-9.227502778947368,Mafra,MFR
6986,[290966362],38.9190156875,-9.226671074999999,Mafra,MFR
6987,[291098873],41.83594491739131,-7.7701020391304345,Montalegre,MTR
6988,[291098877],41.832717245000005,-7.773244920000001,Montalegre,MTR
6989,[291213383],38.381876026315794,-8.634726536842106,Alcácer do Sal,ASL
6990,[291215326],40.659354109090906,-7.916438881818183,Viseu,VIS
6991,"[291520755, 527365083, 1298935672, 1298935673]",38.70301372352941,-9.445189864705881,Cascais,CSC
6992,[291706564],38.19760544500001,-8.76413279,Grândola,GDL
6993,[291706567],38.20277310526316,-8.76485037894737,Grândola,GDL
6994,[291912219],37.987718533333336,-8.810741057142858,Sines,SNS
6995,[291919768],37.96437702333334,-8.798170156666666,Sines,SNS
6996,"[292016893, 806874362, 806874363]",38.01866439999999,-8.691187615,Santiago do Cacém,STC
6997,[292097243],39.42413824285715,-9.234987152380953,Óbidos,OBD
6998,"[292220717, 1499319548, 1499319550]",41.37144435999999,-8.441056835000001,Vila Nova de Famalicão,VNF
6999,[292223059],41.379620011111115,-8.420544444444443,Vila Nova de Famalicão,VNF
7000,[292331274],39.37931524444445,-9.28248062222222,Óbidos,OBD
7001,[292375886],40.94103422105263,-7.502927610526316,Sernancelhe,SRN
7002,[293130376],39.435826166666665,-9.211778022222221,Caldas da Rainha,CLD
7003,[293592810],40.98633224736842,-7.540327547368421,Moimenta da Beira,MBR
7004,[294002797],37.137502976190476,-8.56778432857143,Portimão,PTM
7005,[294765889],41.679856475,-8.77958254,Viana do Castelo,VCT
7006,[294773051],39.22130642631579,-7.685080421052633,Alter do Chão,ALT
7007,[294856379],38.449489823076924,-8.390840107692307,Alcácer do Sal,ASL
7008,[295262219],41.831868423809524,-7.01018459047619,Vinhais,VNH
7009,"[295414254, 1492587817, 1492587818, 1492587819, 1492587820, 1492587821, 1492587822, 1492587823]",41.39189583076923,-8.700020915384616,Vila do Conde,VCD
7010,[295649164],39.102313249999995,-9.125414109999998,Alenquer,ALQ
7011,[295694398],39.46528137894736,-7.943901657894737,Gavião,GAV
7012,"[295734324, 550362824, 550362827]",38.566095694999994,-7.9023606850000006,Évora,EVR
7013,[295864705],40.65869566818182,-7.88225835,Viseu,VIS
7014,[295998905],37.127891240000004,-8.454151925000001,Lagoa,LGA
7015,[295998906],37.125030927777786,-8.453756788888889,Lagoa,LGA
7016,[296075563],41.970517400000006,-8.693934595238094,Vila Nova de Cerveira,VNC
7017,[296170425],38.76230275454545,-9.34289951818182,Sintra,SNT
7018,"[296481664, 1354240501, 1354240521, 1354245138, 1354305324, 1354777200]",39.092570895,-9.254798730000001,Torres Vedras,TVD
7019,[296532345],37.84391511111111,-25.232310755555556,Nordeste,NRD
7020,[296679375],37.16366492105263,-8.538999426315788,Portimão,PTM
7021,[296776853],39.67313076666667,-31.11281773888889,Corvo,CRV
7022,"[297111508, 1498618586]",41.41200937499999,-8.508337520000001,Vila Nova de Famalicão,VNF
7023,[297240751],41.59292376363636,-8.328876159090909,Póvoa de Lanhoso,PVL
7024,"[297359864, 1167424213, 1167424214]",39.819240657142856,-7.488014747619047,Castelo Branco,CTB
7025,[297582520],41.084005057894736,-8.239199978947369,Marco de Canaveses,MCN
7026,"[297583203, 1503477292, 1503477293]",41.100106089473684,-8.21672017368421,Marco de Canaveses,MCN
7027,[297722459],41.105493263157896,-8.2051739,Marco de Canaveses,MCN
7028,"[297743752, 1456556792, 1456556818, 1456556819]",40.496748552173905,-7.896380343478259,Nelas,NLS
7029,"[297745425, 1457640635, 1457640636, 1457640641, 1457640642, 1457640657]",40.46395725263158,-7.972432963157895,Carregal do Sal,CRS
7030,"[297750102, 1169421213, 1302458329, 1422813831, 1528311007, 1528311008]",40.475161894736836,-7.972972910526316,Carregal do Sal,CRS
7031,"[297867592, 1211505944, 1211505945]",37.50963732105264,-8.064817694736842,Almodôvar,ADV
7032,[298483734],39.09416416875,-9.116303675,Alenquer,ALQ
7033,[298483735],38.388508494444444,-7.521885361111113,Reguengos de Monsaraz,RMZ
7034,[298490062],41.081482185000006,-8.238004364999998,Marco de Canaveses,MCN
7035,[298492464],38.88743336500001,-7.128891285,Elvas,ELV
7036,[298530088],41.37272922727272,-7.543239795454546,Alijó,ALJ
7037,"[298632602, 1349836807]",41.54595137142857,-8.782453238095238,Esposende,EPS
7038,[298789141],38.170417895,-8.1495819,Ferreira do Alentejo,FAL
7039,[298839746],41.12727559565217,-8.213964017391303,Marco de Canaveses,MCN
7040,[299015102],40.1050304952381,-8.2996549,Lousã,LSA
7041,"[299164301, 1315362784, 1315362785, 1315366117, 1315366118]",38.75186893913043,-9.271451591304348,Sintra,SNT
7042,[299167389],40.58830023809523,-8.685378785714285,Ílhavo,ILH
7043,"[299261645, 495719034, 1004516689]",38.45969871666666,-9.105474233333332,Sesimbra,SSB
7044,[299268506],39.40886648,-9.220785115000002,Óbidos,OBD
7045,"[299481980, 1338774608, 1338774609]",38.443971294444445,-9.110118727777778,Sesimbra,SSB
7046,[299544564],38.799213725,-9.26099923125,Sintra,SNT
7047,[299544567],38.80436520625,-9.2557507,Sintra,SNT
7048,[299544569],38.8024475375,-9.25553580625,Sintra,SNT
7049,[299544571],38.799677737500005,-9.255461256250001,Sintra,SNT
7050,[299544573],38.79979131875,-9.2581089875,Sintra,SNT
7051,"[299544691, 1330469147, 1330686646, 1330686647, 1334531585]",38.794433940000005,-9.233477279999997,Amadora,AMD
7052,"[299591460, 731220156]",38.752472583333336,-9.172262094444442,Lisboa,LSB
7053,[299909569],38.47524216875,-9.11695845,Sesimbra,SSB
7054,[299924379],40.335876271428575,-8.541500980952382,Cantanhede,CNT
7055,"[300092158, 541853483, 1332913783]",38.53142489,-28.642836331999998,Horta,HRT
7056,[300191240],41.0948566875,-8.25479535625,Marco de Canaveses,MCN
7057,[300191241],41.08918926875,-8.25539156875,Marco de Canaveses,MCN
7058,[300893310],39.2889937125,-7.429175216666667,Portalegre,PTG
7059,[300930408],41.74702232,-8.588451695,Ponte de Lima,PTL
7060,"[300987091, 1452443568, 1452443570, 1452443571, 1452824843, 1452824845]",40.861543578260864,-7.8816345434782615,Castro Daire,CDR
7061,[301730898],41.32025008947368,-8.620510478947368,Trofa,TRF
7062,[301819657],41.381211144999995,-8.492634455,Vila Nova de Famalicão,VNF
7063,[301820801],40.89103286875,-8.485371756249998,São João da Madeira,SJM
7064,[301893258],40.8894565631579,-8.478157968421053,São João da Madeira,SJM
7065,"[302391720, 1009285817, 1009285818, 1009285819, 1009285821, 1009285822, 1485744614, 1488622076, 1557824205]",41.188384658333334,-8.648222733333334,Matosinhos,MTS
7066,"[302624721, 1498010839, 1498618578, 1498618589, 1498618590]",41.40057848571429,-8.51486450952381,Vila Nova de Famalicão,VNF
7067,[302652867],41.332173225,-8.327520683333335,Lousada,LOU
7068,[302694839],41.65521646,-8.431871228,Vila Verde,VVD
7069,"[303083834, 654234968, 654234969, 654234970, 654234971, 654234972, 654234973, 654234974, 654447556, 654447557]",40.586364616,-8.124568668,Tondela,TND
7070,"[303154386, 1458288526, 1458288527, 1458288543]",40.57953651851852,-8.118804533333332,Tondela,TND
7071,[303246955],40.20411356842106,-8.43224122105263,Coimbra,CBR
7072,[303453884],39.660633454999996,-8.81863841,Batalha,BTL
7073,[303572201],41.399054004545455,-8.377016245454545,Guimarães,GMR
7074,"[303707917, 1321669987, 1321669988]",41.373268063157894,-8.380245536842107,Guimarães,GMR
7075,"[304214020, 1388393192, 1388393193, 1388393194]",40.27514440434783,-8.157827878260871,Arganil,AGN
7076,[304313602],41.4020205,-8.369162311764706,Guimarães,GMR
7077,"[304322658, 1498186119, 1498186121]",41.35188086999999,-8.527125934999999,Vila Nova de Famalicão,VNF
7078,"[304464944, 1429453400, 1429453401, 1499334130, 1524616224]",41.36581058181818,-8.511200713636365,Vila Nova de Famalicão,VNF
7079,[305008468],40.89438589565218,-8.497812969565219,São João da Madeira,SJM
7080,"[305069158, 1314055285, 1314055286, 1314055287, 1314055288, 1322719130, 1322719131]",41.33494705625,-8.479337975,Santo Tirso,STS
7081,[305204052],38.76177492631579,-9.348280031578948,Sintra,SNT
7082,[305204059],38.762362949999996,-9.349843520000002,Sintra,SNT
7083,[305205523],38.75276020526316,-9.350598794736843,Sintra,SNT
7084,[305238398],40.4042618095238,-7.8612822190476175,Oliveira do Hospital,OHP
7085,[305690076],39.38719050555556,-9.255698061111111,Óbidos,OBD
7086,[305690078],39.38641134444445,-9.247452888888889,Óbidos,OBD
7087,[305690079],39.384358666666664,-9.246893794444444,Óbidos,OBD
7088,[305690080],39.386966038888886,-9.250872366666666,Óbidos,OBD
7089,"[306046548, 1299162759]",38.70458371304348,-9.405865921739133,Cascais,CSC
7090,[306373093],41.2111135,-8.270463182608696,Penafiel,PNF
7091,[306373354],37.71825093157894,-25.499455384210524,Lagoa,LAG
7092,"[306519516, 1263699592, 1263699593]",41.19698325,-8.1851891,Marco de Canaveses,MCN
7093,[306558004],38.9328365,-8.860759831578946,Benavente,BNV
7094,[307092094],41.68085123913043,-7.6499518956521735,Boticas,BTC
7095,[307306674],41.78212982608696,-8.511701030434782,Ponte de Lima,PTL
7096,"[307806288, 1230042015, 1235876207, 1235876215, 1235876216, 1285367890, 1285367919, 1336970978]",38.746887572000006,-9.30370456,Oeiras,OER
7097,"[308241986, 820787964]",39.945653938095234,-8.79899801904762,Pombal,PBL
7098,[308242220],39.94261807878787,-8.798206787878787,Pombal,PBL
7099,[308381285],40.21166267368421,-8.233333589473682,Vila Nova de Poiares,PRS
7100,[308381295],40.2123315368421,-8.230823642105264,Vila Nova de Poiares,PRS
7101,"[308679994, 859079044, 859079045, 859079046, 1012838570, 1016994283, 1016994284, 1212029324]",41.20996316,-8.683683030000001,Matosinhos,MTS
7102,[308714235],41.17515763809524,-8.131049009523808,Marco de Canaveses,MCN
7103,[308714240],41.17576425000001,-8.13383589,Marco de Canaveses,MCN
7104,[308736565],40.00946130588235,-8.20733757254902,Castanheira de Pêra,CPR
7105,"[308864291, 889402540]",41.149140748,-8.140136567999999,Marco de Canaveses,MCN
7106,[308875202],41.10323167083333,-8.06369883125,Baião,BAO
7107,"[308903132, 358159966, 358159974, 358203386, 358879170, 358889389]",38.54875001111112,-28.620114977777785,Horta,HRT
7108,[308903504],41.666011811764704,-8.376943458823531,Amares,AMR
7109,[308903507],41.663594059999994,-8.370597434999999,Amares,AMR
7110,[308986022],38.93362402999999,-9.33246966,Mafra,MFR
7111,[309142188],40.35058361052632,-7.088507036842105,Sabugal,SBG
7112,"[309215065, 1498186136]",41.33176585263158,-8.563687905263158,Trofa,TRF
7113,[309285527],37.094215774999995,-8.792044635,Vila do Bispo,VBP
7114,[309285528],37.094765555,-8.790965395000002,Vila do Bispo,VBP
7115,[309657276],40.562630225,-8.76749034,Vagos,VGS
7116,"[309691653, 859454116, 859454119, 1381702189, 1381702190, 1381702191]",41.237515940624995,-8.61912358125,Maia,MAI
7117,[309927614],41.04057143684211,-7.426188584210527,Penedono,PND
7118,[309927624],40.99817159473684,-7.406935689473683,Penedono,PND
7119,"[310586783, 987645014, 987645015]",41.46212977619047,-8.496169476190477,Vila Nova de Famalicão,VNF
7120,[310586789],41.46466624761905,-8.501621871428572,Vila Nova de Famalicão,VNF
7121,[310728280],40.239353625,-8.072555425000001,Arganil,AGN
7122,"[311440752, 1028757924, 1028757925, 1028757926]",37.07342245238095,-8.078544690476189,Loulé,LLE
7123,[312198724],40.964144195652175,-7.251845008695651,Mêda,MED
7124,[312325439],38.65215137619048,-28.131402547619047,Velas,VLS
7125,[312426218],42.03014182857142,-8.50499799047619,Monção,MNC
7126,"[313251017, 608114372]",41.765870480000004,-8.58071859,Ponte de Lima,PTL
7127,[313750606],37.111680122222225,-8.150639966666667,Loulé,LLE
7128,[313755932],38.81916738421052,-8.748479663157893,Benavente,BNV
7129,[313973167],41.404425520000004,-8.52510642,Vila Nova de Famalicão,VNF
7130,"[314049296, 1306105942, 1306105948, 1315555502]",38.76516713,-9.25435988,Sintra,SNT
7131,"[314257527, 1230042016, 1235876210, 1235876211]",38.73861094090909,-9.304164613636363,Oeiras,OER
7132,"[314260770, 608114371]",41.766607266666675,-8.582349483333335,Ponte de Lima,PTL
7133,"[314636650, 996307524, 996307525, 996307526]",38.81843039,-9.13108811,Loures,LRS
7134,[314654408],39.90313294583333,-8.283327983333333,Figueiró dos Vinhos,FVN
7135,"[314654418, 899066713, 899066714, 899066715]",39.90302310952381,-8.287651757142859,Figueiró dos Vinhos,FVN
7136,"[314796690, 1463430726]",37.16198124545454,-8.301149640909092,Silves,SLV
7137,"[315053766, 1349970660]",41.08607882727273,-6.808740454545455,Freixo de Espada à Cinta,FEC
7138,[315152999],41.40614223157895,-8.534555731578948,Vila Nova de Famalicão,VNF
7139,[315153001],41.40638506086957,-8.5353029,Vila Nova de Famalicão,VNF
7140,[315153002],41.40579605263158,-8.532982094736843,Vila Nova de Famalicão,VNF
7141,"[315153005, 1498270113]",41.40615463684211,-8.532840163157895,Vila Nova de Famalicão,VNF
7142,"[315317235, 991390998, 991390999]",38.70524916190477,-9.395332128571427,Cascais,CSC
7143,[315506130],39.744433724000004,-7.9198593719999995,Proença-a-Nova,PNV
7144,"[315601901, 1481649980, 1481649981, 1481649982]",37.04327730416667,-7.818293033333333,Olhão,OLH
7145,"[315731142, 315731143, 315731145, 315731146]",32.791928861538466,-17.034295161538463,São Vicente,SVC
7146,"[315925810, 315925817, 1088947584, 1088947587, 1088947590, 1088947592, 1226142743]",32.672222141935485,-16.860228551612902,Santa Cruz,SCR
7147,"[316500199, 386714905, 386714906, 386714907, 386714908, 386714909]",32.64082288,-16.94846996,Funchal,FNC
7148,"[316636531, 1005369358, 1314362062, 1331371023, 1334869201, 1343514948]",38.812886445454545,-9.15654505909091,Loures,LRS
7149,[316795301],41.64767385909091,-8.700005627272729,Viana do Castelo,VCT
7150,[316954420],41.24166760000001,-8.385516395,Paredes,PRD
7151,[316985290],38.73977555,-9.302661791666667,Oeiras,OER
7152,[317174167],38.87172820434782,-9.077883986956522,Vila Franca de Xira,VFX
7153,"[317786530, 1349836798]",41.58127240909091,-8.370318454545457,Braga,BRG
7154,[317809010],41.55313378095237,-8.395271942857143,Braga,BRG
7155,[317941804],41.89351258000001,-8.524952369999998,Paredes de Coura,PCR
7156,[317942370],41.8944805909091,-8.5212059,Paredes de Coura,PCR
7157,"[318017341, 563037472, 563037473, 563037474, 563037475, 563037476, 563037478]",37.02281571428571,-7.963506504761907,Faro,FAR
7158,[318211597],39.763579866666674,-8.19928699047619,Sertã,SRT
7159,"[318214649, 983735788, 983735789, 983735790, 983735791, 983735792, 983735793, 983735794, 983735795, 983735796]",38.878810147500005,-9.065583329999999,Vila Franca de Xira,VFX
7160,[318411923],41.57522397391305,-8.423405656521739,Braga,BRG
7161,"[318478716, 522099005, 1268542701]",38.72320487333333,-7.98270108,Arraiolos,ARL
7162,[318994473],41.71770342272726,-6.80879091818182,Bragança,BGC
7163,[319331797],41.202658099999994,-8.29001393,Penafiel,PNF
7164,[319414252],32.80713334782608,-16.875279291304345,Santana,STN
7165,[319611958],39.04228268695652,-8.647789526086957,Salvaterra de Magos,SMG
7166,"[319659241, 795481495]",39.79126036,-8.65722509,Leiria,LRA
7167,"[319946039, 1230032950, 1230042053, 1230042063, 1278893004, 1278893005]",38.72048052592592,-9.234662422222222,Oeiras,OER
7168,"[320182450, 1230042033, 1235876220, 1235876221, 1304556371, 1307092062]",38.712682336111115,-9.297496447222223,Oeiras,OER
7169,"[320213342, 1230042032, 1235876222, 1235876223, 1285367895, 1285367915, 1335131435, 1345162755, 1345162757]",38.71411929199999,-9.296707348,Oeiras,OER
7170,[320536889],40.935623268421054,-7.5311832368421046,Sernancelhe,SRN
7171,"[320667755, 1529717673, 1529717683, 1529717684, 1529717685]",41.5689429375,-8.4017405375,Braga,BRG
7172,[320684093],41.44970137,-8.561623180000002,Barcelos,BCL
7173,[321517175],41.534649647368425,-8.257897489473685,Póvoa de Lanhoso,PVL
7174,[321524709],39.61025043157894,-8.6702498,Ourém,ORM
7175,[321548691],37.74216147692308,-25.683518407692308,Ponta Delgada,PDL
7176,[321792458],39.33413487068967,-8.938099739655172,Rio Maior,RMR
7177,"[321890196, 1029404703, 1029878902, 1029878903, 1083706489, 1083722977]",38.59906198888889,-9.105081133333332,Seixal,SXL
7178,"[322034724, 1455875968, 1455875969, 1455875972, 1455875973, 1480975811]",40.67624879583334,-7.698450795833334,Penalva do Castelo,PCT
7179,"[322034737, 1470216284, 1470216285, 1470216286]",40.67915737083333,-7.697685858333334,Penalva do Castelo,PCT
7180,[322034781],40.677006089473686,-7.693237747368423,Penalva do Castelo,PCT
7181,[322034782],40.67634285789473,-7.694898842105263,Penalva do Castelo,PCT
7182,[322817593],38.7228955368421,-7.984352552631579,Arraiolos,ARL
7183,[322817779],38.72108638947369,-7.9868676421052625,Arraiolos,ARL
7184,[322818129],38.72359564736842,-7.985469389473685,Arraiolos,ARL
7185,"[323097278, 1252213183]",40.36229695454546,-8.03983935909091,Tábua,TBU
7186,[323869089],40.49580622105264,-7.591987694736842,Gouveia,GVA
7187,"[323898219, 894215193, 894215194, 894215195, 894215196]",40.4890281904762,-7.595760661904762,Gouveia,GVA
7188,"[323903396, 1230027324, 1230042042, 1230042043, 1230042052, 1285367900]",38.717003719999994,-9.237659786666667,Oeiras,OER
7189,[323907946],40.762445889999995,-8.71187878,Murtosa,MRS
7190,[323909825],40.620327305,-8.627289244999998,Aveiro,AVR
7191,[323913790],40.01755273636365,-8.348798931818182,Penela,PNL
7192,[324365654],41.15858275263158,-8.461515652631578,Valongo,VLG
7193,[324782766],39.07747978,-9.255865485,Torres Vedras,TVD
7194,[324786983],39.08109501578947,-9.251321094736843,Torres Vedras,TVD
7195,[324861421],37.20069783684211,-8.55788252631579,Portimão,PTM
7196,[324861431],37.18939989375001,-8.550781925,Portimão,PTM
7197,[324861439],37.19500456111112,-8.560607138888889,Portimão,PTM
7198,[324861520],37.194464645000004,-8.5551508,Portimão,PTM
7199,[325544452],37.1881637,-8.580608665,Portimão,PTM
7200,[326110886],41.36546347894737,-8.546798331578948,Vila Nova de Famalicão,VNF
7201,"[326162432, 1499043134, 1499043135, 1499043151]",41.359254769565226,-8.548608052173913,Vila Nova de Famalicão,VNF
7202,"[326162434, 1498227720, 1498227721, 1498227725]",41.34836431428572,-8.54461432142857,Vila Nova de Famalicão,VNF
7203,"[326162441, 1498227735, 1499043146, 1499043147]",41.377708645,-8.541376925,Vila Nova de Famalicão,VNF
7204,[326162451],38.753201788888894,-8.951620022222222,Alcochete,ACH
7205,[326162455],38.75248287777777,-8.952035233333332,Alcochete,ACH
7206,[326162460],38.754181977777776,-8.951034,Alcochete,ACH
7207,[326313451],38.71535191666667,-9.309679479166666,Oeiras,OER
7208,[326542228],41.78971667368422,-8.583625215789475,Ponte de Lima,PTL
7209,[326649797],38.703586,-9.466874200000001,Cascais,CSC
7210,"[326649809, 1298857414]",38.70123882666666,-9.460515626666668,Cascais,CSC
7211,[326910036],38.486989890476195,-8.898062780952383,Grândola,GDL
7212,"[326998920, 1029878914, 1236028698, 1236028699, 1297771426, 1369606674, 1369606675, 1370864175]",38.465229004545456,-9.097163263636364,Sesimbra,SSB
7213,[327057160],38.4635596,-8.863706436842106,Grândola,GDL
7214,[327057161],38.46390367222222,-8.864698833333334,Grândola,GDL
7215,[327064132],38.45930262857142,-8.861533352380954,Grândola,GDL
7216,[327096969],38.46385776842106,-8.862353715789476,Grândola,GDL
7217,[327099762],38.46279857368421,-8.861251510526316,Grândola,GDL
7218,"[327483446, 1345700646, 1479081271, 1479081272]",38.46383591956522,-8.867538404347824,Grândola,GDL
7219,[327520515],40.32773286086957,-8.525232830434783,Cantanhede,CNT
7220,[327522529],40.32461149,-8.580252055,Cantanhede,CNT
7221,[327581833],40.56877465714285,-8.525424780952381,Águeda,AGD
7222,[327883863],40.32345715454545,-8.672565727272728,Cantanhede,CNT
7223,[328238401],41.54280488500001,-8.45496615,Braga,BRG
7224,[328255289],41.6434795,-8.822141065,Viana do Castelo,VCT
7225,[328287230],40.289934360000004,-8.758931969999999,Figueira da Foz,FIG
7226,[328287234],40.28880160526316,-8.758808989473685,Figueira da Foz,FIG
7227,"[328287689, 1464614997]",40.30945354210527,-8.685127084210524,Cantanhede,CNT
7228,"[328672690, 1529005253, 1529005254]",40.467715135,-7.9781197200000005,Carregal do Sal,CRS
7229,[328893237],40.81489173157894,-7.534826405263157,Aguiar da Beira,AGB
7230,"[328979801, 328988271, 471014003, 471014006, 471014018, 481140242]",41.534665329999996,-8.437457120000001,Braga,BRG
7231,[328979818],41.519990012,-8.466028572,Braga,BRG
7232,[329398415],42.068886457894735,-8.465475942105263,Monção,MNC
7233,[329689827],37.02202707222222,-8.925139905555556,Vila do Bispo,VBP
7234,"[329755925, 537930406, 1337997994, 1337997995, 1337997999, 1342769397]",38.90848006190477,-9.028264571428572,Vila Franca de Xira,VFX
7235,[329972002],37.09384199090909,-8.793443745454544,Vila do Bispo,VBP
7236,"[330094877, 1342476684, 1342476685, 1342476686, 1342476687, 1347998379]",40.69424274000001,-8.476116870000002,Albergaria-a-Velha,ALB
7237,[330095124],41.03874861500001,-8.252760755,Castelo de Paiva,CPV
7238,"[330096715, 1463799350, 1463799351]",40.70433324,-8.17498689,Oliveira de Frades,OFR
7239,"[330097079, 1463799352, 1463799353, 1545478797, 1545478801]",40.700963179999995,-8.165068940000001,Oliveira de Frades,OFR
7240,[330105697],40.9173974631579,-8.443251784210526,Oliveira de Azeméis,OAZ
7241,[330112007],40.90890513,-8.432687685000001,Oliveira de Azeméis,OAZ
7242,[330112011],40.906373775000006,-8.435402825,Oliveira de Azeméis,OAZ
7243,[330165207],40.94416254000001,-8.40341747,Arouca,ARC
7244,"[330295724, 1329043071, 1329043072, 1329043075, 1329043076]",40.757588966666674,-8.33897449047619,Sever do Vouga,SVV
7245,"[330425403, 1007901920, 1007904033, 1007904034, 1007943317, 1008003947]",38.79667420999999,-9.192249515,Odivelas,ODV
7246,"[330442207, 1391015488, 1391015489, 1391015490, 1391015491]",38.79856274090909,-9.197214440909091,Odivelas,ODV
7247,[330450161],41.809282547619055,-6.760056428571429,Bragança,BGC
7248,[330651559],37.18837116842105,-7.422772021052632,Vila Real de Santo António,VRS
7249,[330873751],40.308771368421056,-8.127690005263158,Penacova,PCV
7250,[330873758],40.308906773684214,-8.095427078947367,Tábua,TBU
7251,[330994657],39.9341685263158,-8.786591321052633,Pombal,PBL
7252,[331165543],40.348517584210526,-8.121148242105264,Santa Comba Dão,SCD
7253,[331165552],40.357757799999995,-8.1342763,Santa Comba Dão,SCD
7254,[331243654],40.357559452631584,-8.069892573684209,Tábua,TBU
7255,[331408765],40.90742716956521,-8.498564608695654,São João da Madeira,SJM
7256,[331408875],40.909689105263155,-8.500472078947368,Santa Maria da Feira,VFR
7257,[331866644],41.12117365238095,-8.620005433333333,Vila Nova de Gaia,VNG
7258,[331986622],39.22559893,-7.302970645,Portalegre,PTG
7259,[332484135],39.29066528235294,-7.423883429411766,Portalegre,PTG
7260,[332557989],37.775349325,-25.65246338214286,Ponta Delgada,PDL
7261,[333288448],41.514630395,-8.584681680000003,Barcelos,BCL
7262,[333369173],40.858190921052625,-8.46162905263158,Oliveira de Azeméis,OAZ
7263,[334021753],42.0427987,-8.576780672727272,Valença,VLN
7264,[334021761],42.06443456666666,-8.505698066666666,Monção,MNC
7265,[334681952],38.75255361904762,-27.074626080952385,Praia da Vitória,VPV
7266,[334684308],38.75637627368421,-27.07488978421053,Praia da Vitória,VPV
7267,[335600475],37.72131722380953,-25.429256619047617,Vila Franca do Campo,VFC
7268,[335841603],41.07425058333334,-8.269935177777777,Marco de Canaveses,MCN
7269,[335841608],41.07394963529412,-8.268701458823529,Marco de Canaveses,MCN
7270,[336093406],38.76580860526316,-27.105753273684208,Praia da Vitória,VPV
7271,[336105152],40.75251416666667,-7.8779935142857145,Viseu,VIS
7272,"[336363410, 518879434, 518879435, 1118860786]",41.434619215000005,-8.292542690000001,Guimarães,GMR
7273,[337259103],37.7524025,-25.651197985714287,Ponta Delgada,PDL
7274,[337596132],40.37596111666667,-7.120691694444444,Sabugal,SBG
7275,[337596143],40.372719972,-7.121345564,Sabugal,SBG
7276,[337619916],41.21360344761905,-8.622282942857144,Matosinhos,MTS
7277,[337664746],40.99525217368421,-7.604849731578947,Moimenta da Beira,MBR
7278,"[338614475, 1020374867]",38.65536300434783,-9.038599221739132,Moita,MTA
7279,[338653750],37.08669596818182,-8.030218654545456,Loulé,LLE
7280,[339442438],40.38687331578947,-7.752255621052632,Seia,SEI
7281,[339442457],40.38589754210526,-7.761232657894739,Seia,SEI
7282,[339449406],40.302559094736836,-8.165656594736841,Penacova,PCV
7283,[339585446],40.3211590263158,-8.158703894736842,Penacova,PCV
7284,[339634522],40.388036152631585,-8.069219926315787,Santa Comba Dão,SCD
7285,[339849154],40.47347721052632,-7.633193315789474,Gouveia,GVA
7286,"[340166077, 1457609989, 1457609990]",40.41869873157895,-7.9985985105263175,Carregal do Sal,CRS
7287,"[340166081, 1457609986, 1457609987]",40.41747466842106,-7.999177315789474,Carregal do Sal,CRS
7288,[340302893],40.36236710952382,-8.031227985714288,Tábua,TBU
7289,"[340316464, 1020521833, 1020525455, 1020525456, 1083638061, 1083707245]",38.61184737222223,-9.105781438888888,Seixal,SXL
7290,"[340319714, 1017819725, 1018230728, 1018230759, 1020521834, 1020525454, 1272541749]",38.61152477407408,-9.101781914814815,Seixal,SXL
7291,[340731063],41.43795883,-8.360640925000002,Guimarães,GMR
7292,[341061386],39.92309332777778,-7.242229272222223,Idanha-a-Nova,IDN
7293,[341860664],39.034873676000004,-8.996274016,Alenquer,ALQ
7294,[341860674],39.03878277619047,-8.98974171904762,Alenquer,ALQ
7295,[342691085],40.623073704347824,-8.686138908695652,Ílhavo,ILH
7296,"[342692294, 658633127, 658633128, 658633129]",40.60819671363636,-8.684141668181818,Ílhavo,ILH
7297,"[343330148, 1214114982, 1214114983, 1303249497, 1303249498]",41.19151678095238,-8.536897538095237,Gondomar,GDM
7298,"[343498989, 1486361458, 1486361472, 1486361473]",40.60806329583333,-7.7283216249999995,Mangualde,MGL
7299,[344073321],38.45259155789474,-8.858557289473683,Grândola,GDL
7300,[344152802],40.54782821392405,-8.397422441772154,Águeda,AGD
7301,[344152809],40.55201271012658,-8.404163599999999,Águeda,AGD
7302,[344152817],40.54631100625001,-8.39261173,Águeda,AGD
7303,[344152818],40.55059198375,-8.39663374125,Águeda,AGD
7304,"[344253058, 984119905]",38.78711311578948,-9.176643921052632,Odivelas,ODV
7305,[344287239],41.434843926315786,-8.560032663157894,Barcelos,BCL
7306,"[344296291, 1345106707, 1345106708]",40.576295675,-8.446879200000001,Águeda,AGD
7307,[344367824],39.569674434999996,-8.780010899999999,Porto de Mós,PMS
7308,"[344848734, 952105131, 952105132, 952105133, 1295377250, 1391015456]",38.81405943333333,-9.147953057142857,Loures,LRS
7309,"[345045638, 838377754, 838377755, 838377756]",39.897858925,-8.761213608333334,Leiria,LRA
7310,"[345348955, 433052826, 433052827, 433052828, 433052829, 769773379, 1472578636, 1472578637]",32.6476978962963,-16.939848662962962,Funchal,FNC
7311,"[345350886, 386710515, 386710516, 386710517, 386710518, 386710519, 386710520, 568589918]",32.6514644962963,-16.941115777777775,Funchal,FNC
7312,[345361598],40.21328751538462,-8.433492923076923,Coimbra,CBR
7313,"[345753006, 1042094183, 1042094185, 1042094432, 1042094433, 1365649627, 1365649628]",38.57710653043479,-8.89492267826087,Palmela,PLM
7314,"[346013943, 1017819759, 1097864447, 1097864448, 1330475091]",38.63845933529412,-9.096946441176472,Seixal,SXL
7315,"[346382313, 1315362786, 1315362787, 1315366116]",38.75316144736843,-9.269046368421051,Sintra,SNT
7316,"[346618507, 938619073, 938619074, 938619075, 938619076, 938619077]",38.84340424090909,-9.162250977272727,Loures,LRS
7317,[347634297],38.748107649999994,-9.161879475,Lisboa,LSB
7318,[347683561],40.5827082,-8.591265639393939,Aveiro,AVR
7319,"[348386323, 1030031032, 1030031033, 1030031034, 1030031035, 1030031036]",41.11839332500001,-8.61505985,Vila Nova de Gaia,VNG
7320,"[349588036, 1546370932, 1546370933]",40.889267578947376,-8.551648689473685,Santa Maria da Feira,VFR
7321,[350305590],38.47810595000001,-9.095471575,Sesimbra,SSB
7322,[351035477],38.288114529999994,-8.756392469999998,Grândola,GDL
7323,"[351239038, 1369403186, 1369403187, 1369403188, 1471917116]",38.45557964500001,-9.105782459999999,Sesimbra,SSB
7324,"[351873535, 1013414765, 1013414766, 1013414767, 1013579066, 1013586003]",38.65676178260869,-9.17136123043478,Almada,ALM
7325,"[351929455, 1013441760, 1013574685, 1013574686, 1013579069, 1013586002, 1070116433, 1070116443]",38.65857015,-9.173046325000001,Almada,ALM
7326,[352127150],41.027893250000005,-7.763197245454546,Tarouca,TRC
7327,[353879512],40.63656277368421,-8.713717494736843,Ílhavo,ILH
7328,[354091822],37.1509247409091,-8.552078627272728,Portimão,PTM
7329,[354290794],40.716829705263166,-8.190191942105264,Oliveira de Frades,OFR
7330,[354297610],40.71669515833333,-8.184741604166668,Oliveira de Frades,OFR
7331,[354335024],40.69617507894737,-8.55073597368421,Estarreja,ETR
7332,"[354353696, 1056163775, 1056163776, 1056163777, 1186317082, 1186317083, 1359113332, 1359113333]",41.01006027727272,-8.555262186363638,Santa Maria da Feira,VFR
7333,[354353714],40.91209103181818,-8.591937768181817,Ovar,OVR
7334,[354905412],39.11506925454545,-7.287618554545455,Arronches,ARR
7335,[354949540],41.18870462105263,-8.523680689473684,Gondomar,GDM
7336,[355574084],40.321899476923065,-7.612938551282053,Seia,SEI
7337,[356550906],39.19868229473685,-9.224229999999999,Torres Vedras,TVD
7338,[356761799],39.88870873888888,-7.39265198888889,Castelo Branco,CTB
7339,"[356766642, 692333717]",38.73415092702703,-9.124622635135136,Lisboa,LSB
7340,[356864326],40.53980367000001,-7.035492945,Almeida,ALD
7341,[357004400],40.543041529999996,-7.12574491,Guarda,GRD
7342,"[357491780, 1466319372, 1466319373, 1466319375, 1466319376, 1539825276]",40.75936634375,-8.05767159375,São Pedro do Sul,SPS
7343,"[357842579, 1184226919, 1184226920, 1184226921, 1184226922, 1332905245]",38.52427227142857,-28.67071801428572,Horta,HRT
7344,[358531583],39.10214520476191,-9.288573076190476,Torres Vedras,TVD
7345,[359208453],41.28201941428572,-8.091640671428573,Amarante,AMT
7346,[359208545],41.08856123157896,-6.970600594736842,Freixo de Espada à Cinta,FEC
7347,[359554955],38.81555594444444,-9.471835488888889,Sintra,SNT
7348,[359886624],41.63485320526316,-8.352011868421052,Amares,AMR
7349,[359886626],41.632373695,-8.352013985,Amares,AMR
7350,[360345280],39.047675395,-8.920692625000001,Azambuja,AZB
7351,[360345282],39.05291363333333,-8.918155285714285,Azambuja,AZB
7352,[360345298],39.05009477647059,-8.905313623529413,Azambuja,AZB
7353,[360569022],40.92945818571428,-8.547447214285715,Santa Maria da Feira,VFR
7354,[360837419],38.631451722222224,-8.228350722222224,Montemor-o-Novo,MMN
7355,"[360956827, 362752931, 362752932, 362752938, 1236557731, 1236557732, 1275025317, 1275025318, 1275025337, 1331113371, 1331113372]",38.75268284642857,-9.388593417857143,Cascais,CSC
7356,"[360960590, 1275025311, 1275025313, 1275025314, 1275025338, 1298906523, 1298906526]",38.75587826521739,-9.388477969565216,Sintra,SNT
7357,"[360961848, 879046553, 1416843477, 1416843478, 1416843481]",38.761789561363635,-9.386548027272726,Sintra,SNT
7358,"[360961849, 1275025309]",38.75839239047619,-9.386538095238095,Sintra,SNT
7359,"[360961854, 1275025308]",38.76118139047619,-9.385622442857143,Sintra,SNT
7360,"[361007492, 835885422, 835885423, 991328611, 991328612, 991328613, 1236557735]",38.74228248214286,-9.394889442857144,Cascais,CSC
7361,"[361017181, 991328614, 991368556, 991372696, 991372697, 992531322, 1236557734, 1331113368]",38.74128775714286,-9.394150667857144,Cascais,CSC
7362,"[361017184, 991328609, 1416843482, 1416843483]",38.74084654999999,-9.398744572727274,Cascais,CSC
7363,"[361145718, 1225666597]",41.79961101666667,-6.769290929166666,Bragança,BGC
7364,[361274533],41.09004001578948,-8.652054799999998,Vila Nova de Gaia,VNG
7365,"[361430741, 991328608, 991368555, 991372698]",38.738146500000006,-9.403811757142856,Cascais,CSC
7366,"[361744171, 1021537313, 1021556573, 1021556574, 1064849970]",38.63726438571429,-9.105570066666669,Seixal,SXL
7367,[361769613],38.704288087500004,-9.32483933125,Cascais,CSC
7368,"[362024119, 800905455, 800905456, 800905457]",39.66139038666666,-8.821876526666667,Batalha,BTL
7369,"[362024121, 807373426, 807373427, 807373428, 807373429, 807373430]",39.65944099130435,-8.820154791304347,Batalha,BTL
7370,[362668055],40.12369678947369,-8.860816789473683,Figueira da Foz,FIG
7371,[363152125],38.76292400869565,-9.371184082608696,Sintra,SNT
7372,[364138179],37.120404542307696,-8.557332796153846,Portimão,PTM
7373,"[364346584, 1463234995, 1463234996, 1463234997, 1463234998]",37.11983877857143,-8.543869807142856,Portimão,PTM
7374,"[364797171, 1327826972, 1327826973, 1327826974, 1327826975]",40.19067150909091,-8.420748277272729,Coimbra,CBR
7375,"[364797175, 364797178, 364797184, 364797205, 641678763, 780093483, 780093484, 780403107, 780403108, 781154731]",40.19284023125,-8.42008691875,Coimbra,CBR
7376,"[364797179, 1456382090, 1456382091]",40.196277963333344,-8.43110102,Coimbra,CBR
7377,"[364797185, 364797194, 642367204, 785509171, 785509172, 785509173, 785509174, 902561231]",40.19138404516129,-8.431002987096772,Coimbra,CBR
7378,"[365093463, 991368546, 991372703, 991372704, 1275025322, 1275025327]",38.724019057142854,-9.417196785714285,Cascais,CSC
7379,"[365179184, 549786887, 549786890, 549786891, 549826626, 795658826, 800066673]",38.575665621739134,-7.914442426086957,Évora,EVR
7380,"[365179195, 794677333, 795490710, 795638290, 795639761, 1073540662]",38.5737384375,-7.900856229166666,Évora,EVR
7381,"[365179208, 550361842, 550361843, 550362038, 550362040, 795658827]",38.57339022272726,-7.915492681818182,Évora,EVR
7382,"[365179213, 550361660, 550361662, 550362193, 794677320, 800066658]",38.56723481,-7.916988890000001,Évora,EVR
7383,"[365212493, 549838418, 794677330, 794677331]",38.56832496,-7.9189607749999995,Évora,EVR
7384,"[365212495, 794677329, 800066656, 800066657, 800066665]",38.56718855454546,-7.920893645454546,Évora,EVR
7385,"[365212496, 549841342, 549841345, 794677328, 800066655]",38.56648136363636,-7.922566249999999,Évora,EVR
7386,"[365212508, 549841348, 549841349, 794677323, 794677324, 794677326, 794677327]",38.55932206666667,-7.923656408333334,Évora,EVR
7387,"[365212514, 550363229, 550363230, 699951077, 699951078, 699951079, 699951080, 699951081, 699951082, 699951083]",38.56738347307692,-7.913552953846154,Évora,EVR
7388,[365566776],41.28958077368421,-8.315531552631578,Lousada,LOU
7389,[365598551],41.31134611052632,-8.347936968421052,Paços de Ferreira,PFR
7390,[365912533],38.989189108333335,-9.081599437500001,Arruda dos Vinhos,ARV
7391,[366402776],39.02018281428571,-7.067561619047619,Campo Maior,CMR
7392,"[367103554, 1230018739, 1330721010]",38.756494882608706,-9.249237073913045,Sintra,SNT
7393,"[367152131, 1205235792, 1205235793]",37.07804891,-8.751855185,Lagos,LGS
7394,[367295078],40.041534535000004,-7.502786474999999,Castelo Branco,CTB
7395,[367358386],42.07660691481482,-8.489925218518518,Monção,MNC
7396,[367358936],42.079171419999994,-8.481824505,Monção,MNC
7397,[367869940],40.2815195368421,-8.64866504736842,Montemor-o-Velho,MMV
7398,"[367982639, 1081607284]",38.66473265,-9.25448743888889,Almada,ALM
7399,"[368188275, 1481651317]",37.02980423,-7.916548025,Faro,FAR
7400,"[368202536, 655174022, 655174023, 655174024, 655174025, 655174026, 655174027]",40.466718005000004,-8.09658398,Tondela,TND
7401,"[368964010, 1230023503, 1237733941, 1237733942, 1237733978, 1237733979]",38.710445385,-9.26568504,Oeiras,OER
7402,[369569945],39.61244072000001,-7.7025382150000015,Nisa,NIS
7403,"[369777077, 1455545819, 1455545820, 1455545821, 1455801003, 1455868542]",40.82119842105263,-7.539446394736842,Aguiar da Beira,AGB
7404,"[369859494, 1226243452, 1226243453, 1226243454, 1226243455]",41.13977389130435,-8.634353395652175,Vila Nova de Gaia,VNG
7405,"[370159214, 770768014, 770768015, 770768016]",39.72329346153846,-8.736608661538462,Leiria,LRA
7406,[370297129],37.70662534285715,-8.0842306,Castro Verde,CVR
7407,"[370297653, 483715755, 1081839837, 1081839838, 1081839840, 1348055996]",41.13934738421053,-8.641066531578947,Vila Nova de Gaia,VNG
7408,"[370332333, 370332341, 483715759, 483715760, 1081839841, 1081839842, 1082071537, 1082071538, 1082071539, 1082071540, 1082071541]",41.14228607441861,-8.641704965116277,Vila Nova de Gaia,VNG
7409,"[370438943, 1509148727, 1509148728, 1509148747]",39.07941218333334,-28.008438545833332,Santa Cruz da Graciosa,SCG
7410,[370438948],39.07962911052632,-28.009876694736846,Santa Cruz da Graciosa,SCG
7411,"[370575271, 1498992468]",41.39567539090908,-8.4430857,Vila Nova de Famalicão,VNF
7412,[370576307],41.39806844166667,-8.438809575,Vila Nova de Famalicão,VNF
7413,[370576718],41.39907207619048,-8.437980876190476,Vila Nova de Famalicão,VNF
7414,[370600823],37.15748278275863,-8.743035382758624,Lagos,LGS
7415,[370801111],41.26143029047619,-8.405940628571429,Paços de Ferreira,PFR
7416,[370806027],41.27583532142857,-8.292053985714285,Lousada,LOU
7417,[370990105],40.93949439,-8.49682867,Santa Maria da Feira,VFR
7418,"[371377255, 1560190169]",41.5094135909091,-7.99387725,Cabeceiras de Basto,CBC
7419,"[371579853, 839967693, 1275032953, 1275032954, 1299161772, 1299161787, 1299855449, 1555102467]",38.715349380000006,-9.388695457142859,Cascais,CSC
7420,[371747299],41.36540148695652,-8.208083052173913,Felgueiras,FLG
7421,[371772681],38.946428565,-9.35954287,Mafra,MFR
7422,"[372049874, 1009285829, 1009285830, 1016953416]",41.1929782,-8.6169021,Matosinhos,MTS
7423,"[372091359, 1013950127, 1025048518, 1025048519, 1235792207, 1302230166]",38.52976342380953,-8.891676076190477,Setúbal,STB
7424,[372292353],40.04327063684211,-7.947644126315789,Pampilhosa da Serra,PPS
7425,"[372696378, 1356236679, 1356236680, 1356236681]",41.19362179444445,-8.643057905555555,Matosinhos,MTS
7426,[372720511],37.59707863999999,-8.63557475,Odemira,ODM
7427,"[372882788, 1014509273, 1014509274, 1014509275]",37.65553583333334,-8.759620247619047,Odemira,ODM
7428,[373228072],39.29433185862068,-8.821672589655172,Rio Maior,RMR
7429,[373416966],41.47107551578947,-7.851428578947369,Ribeira de Pena,RPN
7430,[373437993],40.653543494736844,-8.59327667368421,Aveiro,AVR
7431,[374094701],42.0303789,-8.635586494736842,Valença,VLN
7432,[374103142],41.52091073333333,-7.791830461904763,Ribeira de Pena,RPN
7433,[374527675],37.197490790909086,-7.427029050000001,Vila Real de Santo António,VRS
7434,"[374952417, 1499609673, 1499609680]",41.386153,-8.469913988235293,Vila Nova de Famalicão,VNF
7435,[375163902],41.02338337619048,-7.7680819523809514,Tarouca,TRC
7436,[375163905],41.021065556521734,-7.771265660869565,Tarouca,TRC
7437,[375312007],38.70237234210526,-9.182819673684211,Lisboa,LSB
7438,[375576976],39.45571212631579,-8.201832973684212,Abrantes,ABT
7439,[377389468],41.85954935789474,-8.427065,Arcos de Valdevez,AVV
7440,[377389470],41.85750389,-8.426886665000001,Arcos de Valdevez,AVV
7441,"[377517492, 625656771]",32.73666680625,-16.81893856875,Machico,MCH
7442,[377735505],39.277919026086956,-7.566165604347828,Crato,CRT
7443,[377735518],39.27899170476191,-7.5664885857142865,Crato,CRT
7444,"[377877451, 739668810]",37.0043557,-25.158106615789475,Vila do Porto,VPT
7445,"[378014889, 1468108957, 1468108958]",41.01793005789474,-8.547069673684211,Santa Maria da Feira,VFR
7446,[378154215],38.6480819423077,-9.220516465384616,Almada,ALM
7447,[378184513],40.495178419999995,-8.073609555,Tondela,TND
7448,"[378184523, 1459052273, 1459052274, 1459052284]",40.49614793,-8.070679135,Tondela,TND
7449,"[378184533, 1459052275, 1459052276, 1459052282, 1459052283, 1459947247]",40.492862538095245,-8.070263119047619,Tondela,TND
7450,"[378190745, 1431471973, 1431471974]",40.52114196428572,-8.070325985714286,Tondela,TND
7451,[378235249],40.959896655,-8.5858238,Santa Maria da Feira,VFR
7452,[378235315],40.95975193125,-8.6295760625,Ovar,OVR
7453,"[378302006, 1317467753, 1317467754]",38.47661637894736,-28.204491210526317,São Roque do Pico,SRQ
7454,[378379469],41.79999490454546,-8.481256268181816,Arcos de Valdevez,AVV
7455,[378379706],41.798712720000005,-8.478210724,Arcos de Valdevez,AVV
7456,[378386164],41.7944817,-8.473168786363637,Ponte da Barca,PTB
7457,"[379070839, 1561127086, 1561127087, 1561127088, 1561127089]",41.512116725,-8.419813158333334,Braga,BRG
7458,"[379923312, 815670925, 815670926, 1014509280, 1065399599, 1065399600, 1237626695]",37.59854732857143,-8.64558299047619,Odemira,ODM
7459,"[380518838, 1545636215, 1558191927, 1558191928]",40.749978925,-7.996151566666666,Viseu,VIS
7460,"[380518863, 1466319366, 1466319367, 1466319378]",40.80789501428571,-7.963374961904763,São Pedro do Sul,SPS
7461,[380902472],40.39904119473684,-8.22693149473684,Mortágua,MRT
7462,[380902475],40.396517085,-8.232319975,Mortágua,MRT
7463,"[381421912, 741581312, 741581698, 741581699, 1134350067, 1134350072]",41.151941669230766,-8.506534369230767,Gondomar,GDM
7464,"[381722215, 1235323365, 1235323366, 1235323367]",38.96462722380952,-8.983999576190476,Vila Franca de Xira,VFX
7465,[383007072],41.175479800000005,-8.4414126,Paredes,PRD
7466,[383078866],41.1032933625,-7.6138338875,Tabuaço,TBC
7467,[383108125],41.11801425294117,-7.577385858823529,Tabuaço,TBC
7468,[383153183],40.462094294117655,-7.030759817647059,Sabugal,SBG
7469,"[383650514, 383650515]",41.15830962941176,-7.8924122529411775,Mesão Frio,MSF
7470,[383693661],41.27480429,-7.716210575,Vila Real,VRL
7471,[383971795],41.35571791363636,-8.738488404545455,Vila do Conde,VCD
7472,[384006015],38.73374822999999,-9.33206957,Cascais,CSC
7473,[384027406],37.748610359090904,-25.579848404545462,Lagoa,LAG
7474,[384119792],41.089149733333336,-6.808778016666668,Freixo de Espada à Cinta,FEC
7475,[384169185],38.71423234210526,-9.22493527368421,Oeiras,OER
7476,[384375662],41.10319607894736,-7.960273484210525,Resende,RSD
7477,"[384543691, 1455020003, 1455020004, 1475933456]",40.852417405263154,-7.7269376473684215,Vila Nova de Paiva,VNP
7478,"[384878981, 1458288555, 1458288556, 1458288561]",40.539325675,-8.085804175000002,Tondela,TND
7479,"[385186427, 683143577, 683268196, 683268198, 683386447, 683643304, 683643305]",38.73802674375,-9.126656153125,Lisboa,LSB
7480,[385253648],41.84525736875,-8.414406337499999,Arcos de Valdevez,AVV
7481,[385255335],41.84332259999999,-8.415699538461539,Arcos de Valdevez,AVV
7482,[385517524],40.29750661,-8.42695538,Coimbra,CBR
7483,[385517647],40.337673409523816,-8.428721776190477,Mealhada,MLD
7484,[385659917],40.47992599047619,-8.527004342857143,Anadia,AND
7485,[385659930],40.422044285714286,-8.700536780952381,Mira,MIR
7486,[386318716],40.49438132105263,-7.601657347368422,Gouveia,GVA
7487,"[386578584, 859079006, 859079007, 859079008, 859079009, 859079010, 1174333912, 1174429370, 1174429371]",41.16501447428571,-8.639523534285715,Porto,PRT
7488,"[386675005, 527533858]",39.28490952,-9.221656710000001,Lourinhã,LNH
7489,[387030911],42.0753019375,-8.493684983333333,Monção,MNC
7490,"[388246372, 1544044119, 1544044120, 1544044123, 1544044124]",41.76104126315789,-7.808717494736842,Montalegre,MTR
7491,"[389790521, 1278237589, 1278237590, 1278237618, 1298995653, 1298995654, 1338636162, 1338665000]",38.70435140000001,-9.30346542888889,Oeiras,OER
7492,[390096020],40.55649092727273,-8.555021781818182,Oliveira do Bairro,OBR
7493,[391604446],40.55483904347826,-7.245741047826089,Guarda,GRD
7494,"[391786842, 1275080067, 1275080068, 1275080094]",38.70430366875,-9.34039191875,Cascais,CSC
7495,"[391786854, 1300398830, 1300398831, 1300398841, 1301420879, 1301420886, 1301420887, 1301420888, 1347193499, 1347197784]",38.69628160568182,-9.332567186363637,Cascais,CSC
7496,[391908408],39.03202989411765,-9.238923888235293,Torres Vedras,TVD
7497,[391913108],41.417997973684216,-8.444346810526316,Vila Nova de Famalicão,VNF
7498,"[392136604, 1117622705]",40.885097275,-8.454811580000001,Oliveira de Azeméis,OAZ
7499,[392143794],37.9533217875,-8.8568864925,Sines,SNS
7500,"[392182708, 1463413234, 1463413235, 1463413236, 1463413237, 1463413238]",37.100234004166666,-8.681790041666668,Lagos,LGS
7501,[392184569],37.149758174545454,-8.54983581090909,Portimão,PTM
7502,[392376139],41.32563478461538,-7.463339823076922,Alijó,ALJ
7503,"[392468668, 495454292, 495454295, 897049754, 1204682205, 1204682206]",38.06906196136363,-8.783354452272725,Santiago do Cacém,STC
7504,[392664948],37.93017912727273,-7.8705535636363635,Beja,BJA
7505,[392664951],37.93018173,-7.872321575000001,Beja,BJA
7506,[392883478],38.535277195,-9.012078240000001,Setúbal,STB
7507,[392959127],38.669550183333335,-9.166636845833333,Almada,ALM
7508,"[392984234, 1072793833, 1072890509, 1072890510, 1300398829, 1300398840]",38.691284242307695,-9.33193321923077,Cascais,CSC
7509,"[392984236, 631812904, 631812905, 686117380, 686117384, 686117387, 686117390, 1072890508]",38.685826475,-9.331297917857142,Cascais,CSC
7510,"[393267939, 1328110895, 1328110896, 1328110897, 1328110898, 1328110899]",40.24248711052631,-8.433766615789473,Coimbra,CBR
7511,"[393295989, 1299887292, 1300304538, 1300304544]",38.7168134409091,-9.343382509090908,Cascais,CSC
7512,"[393517663, 1013441774, 1013574675, 1013574676, 1272541744]",38.66626346,-9.161235524,Almada,ALM
7513,"[394053351, 394053356]",40.87728238888889,-6.944549811111112,Figueira de Castelo Rodrigo,FCR
7514,[394511996],38.6141567631579,-9.091208931578947,Seixal,SXL
7515,"[394514402, 1090881975, 1235476431, 1235476432]",38.601353459090916,-9.138915595454545,Seixal,SXL
7516,"[394641463, 683822124, 683822125, 683822126, 793630421, 793630436]",38.66659897708333,-9.166563272916667,Almada,ALM
7517,"[394919979, 1013441771, 1013574681, 1013574682]",38.65744357619048,-9.164143528571428,Almada,ALM
7518,"[395678305, 1304838272, 1304838273, 1304838274, 1304838275]",41.19382863478261,-8.403036139130435,Paredes,PRD
7519,[396442332],38.8527876,-9.151361605882352,Loures,LRS
7520,"[396807397, 1013441769, 1013574683, 1013574684]",38.658879462499996,-9.169410874999999,Almada,ALM
7521,"[396867337, 1080877262, 1080877263, 1080877286, 1081036243, 1081267720, 1387356977]",38.66964781739131,-9.23337466521739,Almada,ALM
7522,"[396869865, 1081036242, 1081267721, 1081267722, 1081607282, 1081607283, 1081610177, 1081610178]",38.66642810769231,-9.231337407692306,Almada,ALM
7523,[397003798],40.93404212,-8.24025492,Arouca,ARC
7524,[397511507],40.7716293875,-8.594277995833334,Murtosa,MRS
7525,"[397653343, 1137841166, 1137841167]",38.44578162105263,-9.10572180526316,Sesimbra,SSB
7526,[398159833],39.01068013333334,-7.243822242857143,Elvas,ELV
7527,[398251748],41.294794200000005,-7.611141599999999,Sabrosa,SBR
7528,[398276320],40.234156505,-8.552992275,Coimbra,CBR
7529,[398277795],38.71256600434783,-8.968600578260867,Montijo,MTJ
7530,[398444044],39.75313237368421,-8.859879368421053,Leiria,LRA
7531,"[398562638, 689321026, 689321027, 689321028, 689321029, 689321031, 689321032, 689321034, 689321036]",40.780124308695655,-8.643646260869565,Murtosa,MRS
7532,[398578386],40.63634052631579,-8.45234182631579,Águeda,AGD
7533,[399259361],40.20481311428572,-8.245873728571429,Vila Nova de Poiares,PRS
7534,[399270485],40.11104915789473,-8.251775489473683,Lousã,LSA
7535,[399280781],38.45151594736843,-9.130036947368422,Sesimbra,SSB
7536,[399286003],38.53489090526316,-9.012815778947367,Setúbal,STB
7537,[399286092],38.55464115263158,-9.009417984210526,Setúbal,STB
7538,[399553660],41.536479469565215,-7.068416339130436,Mirandela,MDL
7539,[399785449],40.610504435,-8.464075175,Águeda,AGD
7540,"[400178754, 400178787, 541716001, 541716002, 541716003, 541716004, 556280454, 556280455]",40.641322195,-8.653659020000001,Aveiro,AVR
7541,"[400301961, 1227802741]",41.009436726666664,-8.58664178,Santa Maria da Feira,VFR
7542,"[400642300, 658633131, 658633132]",40.61691364347826,-8.68428985652174,Ílhavo,ILH
7543,"[401627870, 689321017, 689321018, 689321019, 689321020, 689321021, 689321022]",40.774986500000004,-8.646366326315789,Murtosa,MRS
7544,"[401628942, 689321045, 689321046, 689321047, 689321048, 689321049, 689321051, 689321052]",40.782256849999996,-8.640143140000003,Murtosa,MRS
7545,"[401650179, 455504718, 455504720, 586116309]",32.653250675,-16.984587409999996,Câmara de Lobos,CML
7546,[402248126],37.099563386956525,-8.73670623478261,Lagos,LGS
7547,"[402479107, 1102828559]",38.443496525,-7.37971412,Reguengos de Monsaraz,RMZ
7548,[402586227],38.02583745217392,-7.852889730434781,Beja,BJA
7549,[402586234],38.02842713636364,-7.8558274500000005,Beja,BJA
7550,"[402883666, 1314946930, 1314946931, 1315096727, 1315096728]",38.78686066666666,-9.349687108333333,Sintra,SNT
7551,[403093988],38.77834107368421,-9.348906915789472,Sintra,SNT
7552,"[403094010, 1275417665, 1275417666, 1275417715]",38.77898054545455,-9.346005454545452,Sintra,SNT
7553,[404252457],41.37911348095238,-8.373333823809523,Guimarães,GMR
7554,"[404323974, 404323976, 503837985]",40.310724070000006,-8.23590533,Penacova,PCV
7555,[404582518],37.12694055652174,-8.1597013,Loulé,LLE
7556,[404582519],37.11206440869565,-8.105324947826086,Loulé,LLE
7557,[404935427],40.81376861428571,-8.616883007142858,Estarreja,ETR
7558,[405146040],39.8218972,-8.143001044999998,Sertã,SRT
7559,"[405212154, 1463413239, 1463413240, 1463413241, 1463413242]",37.101978985,-8.679461325,Lagos,LGS
7560,"[405650118, 1268549950]",38.778625677777775,-7.414689149999999,Vila Viçosa,VVC
7561,"[405650119, 1268549949]",38.77745144210526,-7.414585684210524,Vila Viçosa,VVC
7562,[405892242],38.77624128235294,-7.419447911764705,Vila Viçosa,VVC
7563,[406141659],38.80001928947368,-9.261001736842106,Sintra,SNT
7564,[406182165],37.1087024875,-8.687886925,Lagos,LGS
7565,[406233321],38.81348913333334,-9.156132679166667,Loures,LRS
7566,"[406280514, 1513091254, 1513091255, 1513091256, 1513091257, 1513091258, 1513091259]",39.693747228,-8.917350524,Leiria,LRA
7567,[406311004],39.6530962,-8.855707752631579,Batalha,BTL
7568,"[406455935, 629108066, 629108067, 629145189, 629145190]",38.78346910952381,-9.093950052380952,Lisboa,LSB
7569,[407506244],39.80556384999999,-8.085324315,Sertã,SRT
7570,"[407590957, 1299161774, 1299161778]",38.72027884736842,-9.387746900000002,Cascais,CSC
7571,[407734119],40.90121575789474,-8.473839468421053,Oliveira de Azeméis,OAZ
7572,[407734122],40.90189391333333,-8.475864746666668,São João da Madeira,SJM
7573,[408751257],41.195635700000004,-8.405190757894735,Paredes,PRD
7574,"[409292092, 683863155, 1125532843, 1125532844]",38.7489872875,-9.218758837500001,Amadora,AMD
7575,"[409797703, 624930348, 624930349, 629108076, 629112975, 629145182, 1356085692]",38.775007459090915,-9.101073200000002,Lisboa,LSB
7576,[410110776],39.8188495,-8.087929585714287,Sertã,SRT
7577,[411594585],39.602824222222225,-9.060497155555558,Nazaré,NZR
7578,"[411700682, 979669893, 979669894, 979669895]",39.59755521923076,-9.056329857692308,Nazaré,NZR
7579,"[411855160, 1306366341, 1306366342, 1306366343, 1306366344]",41.24075124210526,-8.363067610526317,Paredes,PRD
7580,[411859902],41.29059015263157,-8.354880605263158,Paços de Ferreira,PFR
7581,[412089689],39.60934906,-9.05780174,Nazaré,NZR
7582,[412090315],39.61002051111112,-9.05824136111111,Nazaré,NZR
7583,"[412115476, 996371864, 996371865, 996371866, 1070389160]",39.607700478947365,-9.06579842631579,Nazaré,NZR
7584,"[412500880, 846982153, 846982154, 846982155]",39.73464035526315,-8.932510315789472,Marinha Grande,MGR
7585,[412573493],41.5435109263158,-8.592791894736843,Barcelos,BCL
7586,"[412963911, 1002152375, 1002152376, 1002152377]",39.611233016,-9.062448115999999,Nazaré,NZR
7587,[413682925],39.5042030631579,-9.135650173684208,Alcobaça,ACB
7588,[413688328],40.22611255789474,-8.172771800000001,Arganil,AGN
7589,[413704565],39.520803916666665,-9.123853825,Alcobaça,ACB
7590,"[414033479, 1359180626, 1359180627, 1359180628, 1359180629, 1359180630, 1375896659, 1472029826]",41.10886260625,-8.606767546874998,Vila Nova de Gaia,VNG
7591,"[414047887, 631351587, 631351590, 673207769, 673207770]",38.78236972142857,-9.158661857142858,Lisboa,LSB
7592,[415164921],37.08466856190476,-8.032596033333332,Loulé,LLE
7593,"[417408393, 892717701, 892717702, 892717703]",39.98038472105264,-8.218283484210525,Castanheira de Pêra,CPR
7594,[417415085],40.00509862,-8.212332785000001,Castanheira de Pêra,CPR
7595,"[417415095, 741937223, 892711906, 892711907]",40.01483205500001,-8.201743189999998,Castanheira de Pêra,CPR
7596,"[417598388, 689316842, 689316843, 689316844, 689316845, 689316846, 689316847]",40.7736117952381,-8.646230538095239,Murtosa,MRS
7597,"[418797352, 899069665, 899069666, 899069667]",39.916172436000004,-8.617644692,Pombal,PBL
7598,"[419246931, 1314946916, 1314946917]",38.77428518095238,-9.316919866666666,Sintra,SNT
7599,[420340135],41.642363805,-8.428415455,Vila Verde,VVD
7600,[420340143],41.644111152631574,-8.4309522,Vila Verde,VVD
7601,[420342993],41.64315690952381,-8.432662723809523,Vila Verde,VVD
7602,[422448438],37.093727075,-8.674680730000002,Lagos,LGS
7603,"[423892354, 1039427304, 1039427305, 1039427306, 1039427307, 1039427308, 1039427309]",40.521376008695654,-8.083217652173913,Tondela,TND
7604,"[424121877, 1431471945, 1431471946, 1431471947, 1431471948, 1431471949, 1431471950, 1431471951, 1431471952]",40.522764779999996,-8.08379062,Tondela,TND
7605,[425035131],41.46139159090909,-8.448803654545456,Vila Nova de Famalicão,VNF
7606,[425084411],39.40945633157895,-9.170119489473684,Caldas da Rainha,CLD
7607,[425084413],39.40956194999999,-9.17185466,Caldas da Rainha,CLD
7608,[425539580],39.41262001249999,-9.153066749999999,Caldas da Rainha,CLD
7609,[426014691],37.08918273333333,-8.42840851111111,Lagoa,LGA
7610,[426309854],39.414776532,-9.135167828,Caldas da Rainha,CLD
7611,"[426554039, 1321557972]",38.85943738947368,-9.414995968421053,Sintra,SNT
7612,[426617520],40.492894500000006,-8.192176310526316,Tondela,TND
7613,"[427619674, 813996885, 813996886, 813996887]",39.84929803809524,-8.835240414285714,Leiria,LRA
7614,[428019119],39.4270121548387,-9.127667745161293,Caldas da Rainha,CLD
7615,[429051918],41.42138250526316,-8.566486284210526,Vila Nova de Famalicão,VNF
7616,"[429699169, 1482158160, 1482158161, 1482158162]",41.415823550000006,-8.777900395,Póvoa de Varzim,PVZ
7617,"[430019431, 991390984]",38.70782289047619,-9.413893833333333,Cascais,CSC
7618,"[430389057, 1456752822, 1456752824, 1456752825]",38.664134340000004,-9.196819506666666,Almada,ALM
7619,[430600276],39.40653840454546,-9.13962855,Caldas da Rainha,CLD
7620,"[430920916, 1531719765]",38.01050837142857,-8.693260033333331,Santiago do Cacém,STC
7621,"[430920918, 806739930, 806739931]",38.006507781818186,-8.692567045454545,Santiago do Cacém,STC
7622,"[431045017, 996165597, 996165598, 996165599, 1070323190, 1070323194]",39.57258527777777,-8.986183585185186,Alcobaça,ACB
7623,[431458506],41.64706791052631,-8.450931226315788,Vila Verde,VVD
7624,"[432761663, 856978212, 1031704015, 1031704016, 1034626254, 1034626255, 1034626256, 1274536295]",38.965073948598125,-9.405346687850466,Mafra,MFR
7625,[433102886],37.07381691904762,-8.094613614285715,Loulé,LLE
7626,[433174880],39.90136001818181,-7.967514445454547,Oleiros,OLR
7627,[433174890],39.91075087619048,-7.93105331904762,Oleiros,OLR
7628,"[433834737, 981512287, 981512288, 981512289, 981512290, 981512292, 981512293]",32.64798746333334,-16.860427656666666,Funchal,FNC
7629,[433873921],41.532039815789474,-6.97535014736842,Macedo de Cavaleiros,MCD
7630,"[434578165, 1513091239, 1513091240]",39.71801382857142,-8.925023876190474,Marinha Grande,MGR
7631,"[434882580, 1016994266, 1016994267, 1016994268, 1016994269, 1016994270, 1016994271]",41.22106072173914,-8.671018691304349,Matosinhos,MTS
7632,"[434884640, 1016994298, 1016994299, 1016994300, 1016994301, 1016994302, 1016994303, 1016994304]",41.223916289285704,-8.695765689285716,Matosinhos,MTS
7633,"[434896884, 1267689007, 1267689008, 1267689009, 1267689010, 1267689011]",41.17947783142858,-8.57065007142857,Gondomar,GDM
7634,"[434896892, 859507139, 859507140, 859507142, 1014581368]",41.14892247931034,-8.586247237931035,Porto,PRT
7635,"[434897741, 741581307, 741581704, 741581705, 1016528097, 1016528098, 1016528099]",41.18041457727272,-8.58195569090909,Porto,PRT
7636,"[434897747, 584422300, 730848985, 761561721, 761561722, 859079013, 859079014, 1010236993]",41.17801803170732,-8.655470202439025,Porto,PRT
7637,"[434897749, 859507144, 1016537009, 1016537010, 1016537011, 1016537012, 1082399101, 1082399102, 1539002971]",41.14606585,-8.579156170833334,Porto,PRT
7638,[436180416],39.86246155909092,-7.453938477272729,Castelo Branco,CTB
7639,[436192326],40.93011565384616,-8.547067161538463,Santa Maria da Feira,VFR
7640,"[436243617, 813736711, 813736713, 813736714]",39.94097244090909,-8.794171454545456,Pombal,PBL
7641,[436321568],37.108187457894736,-8.353774052631579,Silves,SLV
7642,[436928844],37.11556411818182,-8.117876386363635,Loulé,LLE
7643,"[437219531, 1539504327, 1539504328, 1539504329, 1539504330, 1539504331, 1539504332, 1539504333, 1539504334]",41.37100624782609,-8.732466295652173,Póvoa de Varzim,PVZ
7644,[437453948],37.074142885,-8.847652605,Vila do Bispo,VBP
7645,[437522262],37.08639663809524,-8.82740590952381,Vila do Bispo,VBP
7646,"[437522264, 881970328]",37.09267416363637,-8.81234501818182,Vila do Bispo,VBP
7647,[437687120],38.83510535789474,-9.193451989473683,Loures,LRS
7648,[437687121],38.83691859473684,-9.192405057894737,Loures,LRS
7649,[437775752],40.72859029,-7.26195171,Trancoso,TCS
7650,[437891646],37.1731281368421,-7.519492215789473,Vila Real de Santo António,VRS
7651,"[438475615, 584385613, 584385614, 584385615]",41.19116600952382,-8.65280802857143,Matosinhos,MTS
7652,[438478098],41.53037957142857,-8.763357390476191,Esposende,EPS
7653,[438479404],41.28753646,-8.20431801,Lousada,LOU
7654,[438479406],41.28580132105264,-8.200039284210526,Lousada,LOU
7655,"[438481251, 1354245155]",39.106015875,-9.259211045000002,Torres Vedras,TVD
7656,[438653867],37.11017832857143,-8.096592504761905,Loulé,LLE
7657,"[438658732, 808572474, 814636169]",37.217836726315795,-7.450479589473684,Castro Marim,CTM
7658,"[438662590, 867835631, 867835632, 871079510]",37.04202673636364,-7.929371840909093,Faro,FAR
7659,[438662591],37.041969859090905,-7.925316245454545,Faro,FAR
7660,"[438727649, 830292746, 830516907, 1013574678, 1272541745]",38.66382252857143,-9.162134623809523,Almada,ALM
7661,[438852925],40.058164021052626,-8.646244689473685,Soure,SRE
7662,[439957036],38.876744390000006,-7.17438645,Elvas,ELV
7663,[439957037],38.87536000000001,-7.180542305263157,Elvas,ELV
7664,[439959061],38.87859028636365,-7.146947836363636,Elvas,ELV
7665,[439959068],38.883370355,-7.139958864999999,Elvas,ELV
7666,[439960465],38.888188465,-7.12035903,Elvas,ELV
7667,"[440005218, 440005219]",39.72077458,-8.222397365,Vila de Rei,VLR
7668,[440275771],38.66084096000001,-27.22659515,Angra do Heroísmo,AGH
7669,[440276582],39.45000240740741,-31.130941607407408,Santa Cruz das Flores,SCF
7670,"[440389517, 1019264545, 1019264546, 1019264548, 1019264549, 1019264550, 1188961779]",41.17692192380952,-8.607986447619048,Porto,PRT
7671,[440423405],41.190550834999996,-8.588592620000002,Maia,MAI
7672,"[440442051, 683349362, 683884536]",38.71418646428572,-9.16929465,Lisboa,LSB
7673,[440726633],41.276387639999996,-8.279780490000002,Lousada,LOU
7674,"[440741539, 650613008, 650613011, 650613012, 650613015, 1317472308]",40.570967461904765,-8.17031138095238,Tondela,TND
7675,"[440968831, 1375841143, 1375841149, 1375841153, 1375841154, 1375841163]",38.66713285,-9.0566132875,Barreiro,BRR
7676,"[440968834, 1375841144, 1375841145, 1375841162, 1375870530, 1375870543]",38.66501230454545,-9.05577985909091,Barreiro,BRR
7677,[440983042],41.195165757894735,-8.150873678947368,Marco de Canaveses,MCN
7678,[441077686],38.75116614499999,-8.96006461,Alcochete,ACH
7679,"[441077702, 1019610555, 1019614451, 1019614452, 1271043455, 1271043470]",38.75168287,-8.962468005,Alcochete,ACH
7680,"[441351277, 879574561]",41.165144005263166,-7.779277857894737,Peso da Régua,PRG
7681,"[441353578, 813421067, 813421068, 813421069]",41.30555453181818,-7.733825977272727,Vila Real,VRL
7682,"[441356435, 1120324569, 1120324570, 1120324575]",41.191910422727275,-8.669330572727272,Matosinhos,MTS
7683,"[441490050, 1322719120, 1322719121, 1322719122, 1322719123, 1323391715, 1323403723]",41.32850566363636,-8.49080109090909,Santo Tirso,STS
7684,[441589880],38.65489574594594,-8.988920318918918,Moita,MTA
7685,[441649229],39.88329015789474,-8.842480168421053,Leiria,LRA
7686,[441678458],42.05678426086957,-8.530405860869566,Monção,MNC
7687,"[441774579, 1456275577, 1456275578, 1456293576, 1528301550, 1528301555]",40.60952614230769,-7.778191688461538,Mangualde,MGL
7688,"[441776124, 1431188031, 1431188032, 1431188037, 1486361475]",40.608831688,-7.754858091999999,Mangualde,MGL
7689,[441791100],40.612331726923074,-7.767332061538462,Mangualde,MGL
7690,"[441791105, 770873334, 770873336]",40.61036031538462,-7.77110915,Mangualde,MGL
7691,"[441794320, 1455023541, 1455023542, 1455023545, 1455109887, 1476946025]",40.74296369130435,-7.73307346521739,Sátão,SAT
7692,[442000242],40.35754700476191,-7.78451698095238,Seia,SEI
7693,"[442039772, 867149521, 867149522, 867149523]",40.015062154545454,-8.533759436363637,Soure,SRE
7694,"[442205683, 1455976815, 1455976816, 1455976821, 1455976822, 1486361469, 1486361470]",40.67084454285714,-7.702040614285714,Penalva do Castelo,PCT
7695,"[442205684, 1455976817, 1455976818, 1455976819, 1455976820, 1481196718]",40.67421519166667,-7.702321779166667,Penalva do Castelo,PCT
7696,[442300922],40.41325168181818,-7.710365831818183,Seia,SEI
7697,[442509065],41.37964402380952,-8.758247180952381,Póvoa de Varzim,PVZ
7698,"[442568352, 1218566997, 1218566998, 1218566999]",39.418099824,-9.232942468,Óbidos,OBD
7699,[442648853],37.15688278571428,-7.885407400000001,São Brás de Alportel,SBA
7700,"[442689405, 1331422081]",38.78273986315789,-9.101636489473684,Loures,LRS
7701,[442692196],38.79434297368421,-9.196616768421052,Odivelas,ODV
7702,[442864655],37.05693178181818,-8.059643154545455,Loulé,LLE
7703,[442866048],37.049577533333334,-8.058944055555555,Loulé,LLE
7704,[442868497],37.0512298,-8.057911161111113,Loulé,LLE
7705,[442868510],37.045044555,-8.04688861,Loulé,LLE
7706,[442868514],37.048503123529414,-8.059550176470589,Loulé,LLE
7707,[442873001],37.05198902631579,-8.058286573684212,Loulé,LLE
7708,"[442934856, 1481653513, 1481653514, 1481653515]",37.060717679999996,-8.06268929,Loulé,LLE
7709,[442965173],40.47752435,-7.774230531818184,Seia,SEI
7710,[443065132],37.04714413333333,-8.045882711111112,Loulé,LLE
7711,"[443079827, 443079835, 443079851, 443079860]",32.648313395652174,-16.835757408695653,Santa Cruz,SCR
7712,[443106071],37.03037311578947,-8.020351494736843,Loulé,LLE
7713,"[443114820, 1465421357, 1465421358]",40.724795552631576,-8.175629468421054,Oliveira de Frades,OFR
7714,"[443114828, 1465421349, 1465421350, 1465421351, 1465421352, 1545245111]",40.72824441851852,-8.169717566666668,Oliveira de Frades,OFR
7715,"[443114830, 1539825257, 1539825258]",40.72961772631579,-8.168244552631577,Oliveira de Frades,OFR
7716,[443116439],40.71641802916667,-8.241232004166667,Oliveira de Frades,OFR
7717,[443254241],38.01781199999999,-8.696710605263158,Santiago do Cacém,STC
7718,[443274046],37.15420034545454,-7.876283131818181,São Brás de Alportel,SBA
7719,[443442243],37.091314468421054,-8.116274399999998,Loulé,LLE
7720,[443442245],37.092220315789476,-8.113080389473685,Loulé,LLE
7721,"[443974963, 841133376, 841133377, 841133378]",39.869022959090906,-8.916751913636363,Marinha Grande,MGR
7722,"[445113506, 1222992687, 1222992688, 1222992689]",40.21686301428572,-8.055266342857143,Arganil,AGN
7723,"[446013998, 670193167, 670193168, 670193169, 670193170, 670193171]",39.05510934285714,-7.8900195761904754,Avis,AVS
7724,[446019650],39.64577704285715,-8.530549195238095,Ourém,ORM
7725,"[446726872, 1132447136, 1167089283, 1167089284, 1167089285, 1167089286, 1167089287, 1167089288]",39.80766554583334,-7.521268825,Castelo Branco,CTB
7726,[446857785],39.53451164444445,-8.161169611111111,Sardoal,SRD
7727,[447051544],41.82351967368421,-7.794690378947368,Montalegre,MTR
7728,[447206195],41.158052,-8.206877842105262,Penafiel,PNF
7729,[447466381],38.98831282272727,-8.972234577272728,Vila Franca de Xira,VFX
7730,[447604252],39.469728978947366,-8.55473362631579,Torres Novas,TNV
7731,[448192501],38.802991652631576,-7.451369526315791,Borba,BRB
7732,[448354858],37.12876684285715,-8.583486976190475,Portimão,PTM
7733,"[448532430, 1013950119, 1235792209, 1307787304, 1307787305, 1349587839]",38.53335125,-8.88844002,Setúbal,STB
7734,"[448532431, 1013950120, 1307787306, 1307787307, 1307787308, 1359415366]",38.53491716842105,-8.889946494736842,Setúbal,STB
7735,[448582438],39.06829188571429,-8.873427735714287,Azambuja,AZB
7736,[448696307],40.30696780625,-8.405023737499999,Coimbra,CBR
7737,[448917867],38.47417236060606,-9.108210687878787,Sesimbra,SSB
7738,[448921327],38.47310938571429,-9.106506785714286,Sesimbra,SSB
7739,[449002461],38.53654443888889,-9.001949483333334,Setúbal,STB
7740,[449002479],38.53507328235295,-9.003505405882352,Setúbal,STB
7741,[449002488],38.53599579473684,-9.003469031578948,Setúbal,STB
7742,[449002493],38.53549578529412,-9.00383670882353,Setúbal,STB
7743,[449002496],38.53604306111111,-9.002578538888887,Setúbal,STB
7744,[449112695],38.044786861290326,-7.876866280645162,Beja,BJA
7745,[449254495],40.43300068333333,-7.776487305555555,Seia,SEI
7746,"[449441483, 643196120, 741788901, 743532996, 1120436793]",41.19863093157895,-8.599992947368422,Matosinhos,MTS
7747,[449522187],37.05183237142857,-8.017819552380953,Loulé,LLE
7748,[449552917],37.04381366,-8.014557475,Loulé,LLE
7749,[449560371],37.028551305882345,-8.01532795882353,Loulé,LLE
7750,"[451121447, 1378718663, 1378718664, 1378718706]",41.2182884,-8.692994613636365,Matosinhos,MTS
7751,[452083735],41.20509212105263,-8.58867992631579,Maia,MAI
7752,[452083748],41.20022937368421,-8.583825478947366,Maia,MAI
7753,"[452261785, 524063227, 524063231, 1056235397, 1056235403, 1106613277]",39.409172396428566,-9.133187435714285,Caldas da Rainha,CLD
7754,[452273331],39.810416276,-7.512702340000001,Castelo Branco,CTB
7755,"[452327867, 452327868, 452327869]",32.655261749999994,-16.841650737499997,Santa Cruz,SCR
7756,[452856069],37.10506375,-8.076769086363637,Loulé,LLE
7757,[452934882],39.9988372,-6.87805292,Idanha-a-Nova,IDN
7758,[453109476],37.07294764090909,-8.08879264090909,Loulé,LLE
7759,"[453480084, 453480087, 453480088]",32.64947472857143,-16.978645292857145,Câmara de Lobos,CML
7760,"[453611782, 1151551177, 1151551178, 1151551179, 1151551180]",41.18899919166667,-8.582355620833333,Maia,MAI
7761,"[453721611, 1016953385, 1016953387, 1304465824, 1378342539, 1378342542]",41.2192459137931,-8.62397726551724,Matosinhos,MTS
7762,[453814135],41.16617732105263,-8.685178194736844,Porto,PRT
7763,[454328335],40.39409020714286,-7.809313328571428,Oliveira do Hospital,OHP
7764,"[454582875, 1081638606, 1378717994]",38.677768818749996,-9.20677145,Almada,ALM
7765,"[454770417, 454770419]",40.36149421875,-7.34856439375,Belmonte,BMT
7766,"[454954699, 454954709, 454954720, 454954722]",40.396326583333334,-7.538880300000001,Manteigas,MTG
7767,"[455386917, 1303278703, 1303278704]",41.187174623529415,-8.532105276470588,Gondomar,GDM
7768,"[455474860, 991368493, 991372711, 991372712, 991390979, 992082282]",38.71229748636364,-9.414397886363636,Cascais,CSC
7769,"[456395297, 1359415377, 1359415378]",38.482196800000004,-8.9765659125,Setúbal,STB
7770,"[456671039, 456671040, 456671043, 492183921, 823013588, 823013589, 823013597]",32.67418061071429,-16.973619489285717,Câmara de Lobos,CML
7771,[456671046],32.668553675,-16.9780465625,Câmara de Lobos,CML
7772,"[456841234, 686040393, 686040397, 686040400, 1028757927]",37.0702216,-8.0845526125,Loulé,LLE
7773,[458723783],37.10448765882353,-8.687157894117647,Lagos,LGS
7774,[459071207],40.71568118,-8.25158054,Oliveira de Frades,OFR
7775,[459515419],37.40351866315789,-8.483978015789473,Odemira,ODM
7776,[460379939],40.40554555238096,-6.879401642857142,Sabugal,SBG
7777,[460492301],37.09639377222222,-8.670304727777777,Lagos,LGS
7778,"[460867508, 814007213, 814007214, 814007215, 1068949289]",39.66729171071428,-8.832769921428572,Batalha,BTL
7779,[461036716],41.51372206956522,-8.305187526086957,Guimarães,GMR
7780,[461173482],41.54647377,-8.287354905,Póvoa de Lanhoso,PVL
7781,[461173485],41.54769413157894,-8.287911194736841,Póvoa de Lanhoso,PVL
7782,[461739328],39.298202952000004,-7.45240684,Portalegre,PTG
7783,[462360858],37.010666366666676,-8.936449628571431,Vila do Bispo,VBP
7784,[462418638],41.71122878095239,-8.811645819047621,Viana do Castelo,VCT
7785,[462638888],41.349608242857144,-7.598537214285712,Sabrosa,SBR
7786,[462778052],41.38280180526316,-7.210801489473684,Vila Flor,VFL
7787,[462964775],37.96144674210525,-8.883930831578946,Sines,SNS
7788,[462998176],37.96332908695652,-8.844103147826088,Sines,SNS
7789,[463092333],38.063725914285705,-7.872191642857143,Beja,BJA
7790,[463111248],37.09219937647059,-8.72935901764706,Lagos,LGS
7791,[463689011],38.77292739473685,-9.34534882631579,Sintra,SNT
7792,[465063773],37.015430679999994,-7.985562680000001,Faro,FAR
7793,"[465371353, 1004188645, 1004188646, 1004188647, 1004188648, 1004188649]",38.823816030434784,-9.177282230434782,Loures,LRS
7794,"[465371354, 1004188650, 1004188651, 1004188652, 1314830281, 1314830282]",38.823736700000005,-9.173967916,Loures,LRS
7795,"[468418310, 1429508216, 1432476256, 1432476257, 1432476267, 1432476268]",40.20703333333333,-8.42975974,Coimbra,CBR
7796,[468481777],39.810444100000005,-8.193245489999999,Sertã,SRT
7797,[468754814],38.90925389230769,-9.333935484615385,Mafra,MFR
7798,"[468894749, 490089191, 1284998970, 1284998971, 1286905982, 1308840092, 1308840093]",41.19883419047619,-8.308797985714286,Penafiel,PNF
7799,"[468894755, 1284998976, 1284998977, 1284998978, 1286905978, 1308840094]",41.19521633181818,-8.306154118181816,Penafiel,PNF
7800,"[471334469, 1070025268, 1290433094, 1290433095]",40.148251531999996,-8.84968974,Figueira da Foz,FIG
7801,[472106863],41.50150530454545,-8.490671954545455,Braga,BRG
7802,[472109242],41.81337081428572,-6.758482466666666,Bragança,BGC
7803,[474676834],41.550346740909085,-8.621928295454547,Barcelos,BCL
7804,[475089591],39.30000806842105,-9.236483368421053,Lourinhã,LNH
7805,"[475458814, 1016038998, 1016038999, 1016039042]",38.61354495333333,-9.190072186666667,Almada,ALM
7806,[477361562],38.648750721052636,-9.243632431578947,Almada,ALM
7807,[477879403],41.25662611052632,-8.575583442105264,Maia,MAI
7808,[478410127],39.24299951052632,-9.09790892631579,Cadaval,CDV
7809,[478675543],41.70716410952381,-8.797438919047618,Viana do Castelo,VCT
7810,[480061030],38.19970837307692,-7.798519003846153,Vidigueira,VDG
7811,[480069783],37.83530181739131,-7.963823760869564,Beja,BJA
7812,[480070989],37.83579943478261,-7.965400995652174,Beja,BJA
7813,[480649568],41.593805621739136,-6.91332715652174,Macedo de Cavaleiros,MCD
7814,"[480672088, 1544841307]",40.6181873875,-8.655222070833334,Aveiro,AVR
7815,"[480920303, 1306914490]",41.26917455625,-8.397202,Paços de Ferreira,PFR
7816,[481058140],39.915929986363636,-8.611351881818182,Pombal,PBL
7817,[481360636],39.85625869523809,-8.028151295238095,Sertã,SRT
7818,[481491035],38.20106711666666,-7.802190844444445,Vidigueira,VDG
7819,[481980873],40.90425229,-8.377387389999999,Arouca,ARC
7820,[481980878],40.90706314210526,-8.380671694736844,Arouca,ARC
7821,[483430495],41.12572559,-8.576715080000001,Vila Nova de Gaia,VNG
7822,"[483715751, 750255772, 1030031018, 1030031019, 1030031020, 1030031021]",41.12603628888889,-8.63209973888889,Vila Nova de Gaia,VNG
7823,"[483997921, 1462069011]",37.10307082608695,-7.9992271260869545,Loulé,LLE
7824,"[483997926, 1462069009, 1462069010]",37.10169620476191,-8.002299338095238,Loulé,LLE
7825,[483997935],37.10085071363636,-7.999775336363637,Loulé,LLE
7826,"[483997938, 1462069006, 1462069007, 1462069008]",37.10039439999999,-8.003321539130434,Loulé,LLE
7827,"[483997941, 1462069004, 1462069005]",37.09855812173913,-8.001516091304348,Loulé,LLE
7828,[483997944],37.09931623809524,-7.995939176190476,Loulé,LLE
7829,"[483997946, 1462069002, 1462069003]",37.09736702173914,-7.998554943478261,Loulé,LLE
7830,[484284653],38.80084965,-9.16087171875,Odivelas,ODV
7831,[484680386],38.806775842105274,-9.159407542105262,Loures,LRS
7832,[485823003],39.51401909999999,-9.1404894,Alcobaça,ACB
7833,[488892044],37.82664281875,-25.500647025,Ribeira Grande,RGR
7834,[490058809],37.14283912941177,-7.603641488235294,Tavira,TVR
7835,[491160363],37.12312743333333,-8.223853223809524,Albufeira,ABF
7836,"[492619416, 1465689064, 1465689065, 1465689067]",37.01461077368421,-7.987929368421052,Faro,FAR
7837,"[493236242, 1330683132, 1330683133, 1330683134, 1330683135, 1337980087, 1480600131, 1545847007]",40.86079731363636,-8.633240295454549,Ovar,OVR
7838,"[494246084, 648107154, 648107157, 1458294408, 1458294409, 1458294417]",40.5649288652174,-8.116088930434783,Tondela,TND
7839,[494440116],40.59840894,-8.559941835,Aveiro,AVR
7840,[494440125],40.59437171515151,-8.561462960606061,Aveiro,AVR
7841,[494440132],40.58601540869565,-8.566604604347827,Aveiro,AVR
7842,"[494617059, 1302637149, 1302637165, 1302637166, 1302637175, 1302957406]",38.69991238571428,-9.359928171428571,Cascais,CSC
7843,[494638024],37.08565729090909,-8.316766054545456,Albufeira,ABF
7844,"[494867732, 1204682233]",38.039339352380956,-8.801887161904762,Santiago do Cacém,STC
7845,"[494867741, 1204682228, 1479068139, 1479068140]",38.038121831818174,-8.799617050000002,Santiago do Cacém,STC
7846,[494969247],37.128439730434785,-8.150666947826085,Loulé,LLE
7847,[495168580],37.14881406315789,-8.550887378947367,Portimão,PTM
7848,[495708918],39.54316309,-8.965264925000001,Alcobaça,ACB
7849,"[495719017, 1013608487, 1013619141, 1013619142, 1070116430, 1070116445]",38.633731977419345,-9.142821780645162,Seixal,SXL
7850,"[495719020, 1020521828, 1020525460, 1020525461, 1083706490, 1271342116, 1271342144]",38.59677287619048,-9.051342995238096,Seixal,SXL
7851,"[495719022, 1019431819, 1271342119, 1271342139, 1271342140, 1297795854]",38.589413934999996,-9.054476390000001,Seixal,SXL
7852,"[495719024, 1019431820, 1271342120, 1271342137, 1271342138, 1297795853]",38.568102689999996,-9.06628144,Seixal,SXL
7853,"[495719025, 1029404701, 1029878906, 1029878907, 1271342123, 1271342124, 1370864178, 1370864183]",38.55104348965518,-9.10066412413793,Sesimbra,SSB
7854,"[495719035, 1029404697, 1029878915, 1029878916, 1236028697]",38.46325037826087,-9.100359834782607,Sesimbra,SSB
7855,[496192022],40.644528142105266,-8.64394567894737,Aveiro,AVR
7856,[496201422],39.699184385,-8.984012640000001,Alcobaça,ACB
7857,[497962027],38.693260609999996,-9.351116365,Cascais,CSC
7858,"[497962034, 1072725502, 1300304526, 1300304527, 1302637180, 1302637196]",38.69189451578947,-9.348578678947371,Cascais,CSC
7859,"[498075828, 1137440327]",37.13270968333333,-8.002357733333332,Loulé,LLE
7860,[498094243],37.03682955714286,-7.8965772380952375,Faro,FAR
7861,[498133499],39.7909866,-8.346246347368421,Alvaiázere,AVZ
7862,[498133505],39.79074903478261,-8.34403858695652,Alvaiázere,AVZ
7863,[498135276],39.473346868421054,-8.48357805263158,Entroncamento,ENT
7864,[498135284],39.475888910526315,-8.483602189473686,Entroncamento,ENT
7865,[498987070],38.704852720000005,-7.8978055650000005,Arraiolos,ARL
7866,[499360165],38.1622001,-7.89839353,Cuba,CBA
7867,[499360171],38.1631624047619,-7.899771580952381,Cuba,CBA
7868,[500112170],40.86422546666666,-8.609806833333332,Ovar,OVR
7869,[500112177],40.86438565,-8.609856749999999,Ovar,OVR
7870,[500907462],39.44440069411764,-8.898273741176471,Rio Maior,RMR
7871,[501160779],40.764638587499995,-8.701492245833334,Murtosa,MRS
7872,[501160802],40.76450170714286,-8.70490395357143,Murtosa,MRS
7873,[501160814],40.76457616363635,-8.708536990909092,Murtosa,MRS
7874,[501607869],39.918518815000006,-8.143077680000001,Pedrógão Grande,PGR
7875,"[501691378, 966168829]",39.67322123809524,-8.232567985714287,Ferreira do Zêzere,FZZ
7876,"[502475192, 914274689, 914274690, 914274691]",39.93828050454545,-8.221646804545454,Pedrógão Grande,PGR
7877,[502985426],37.63454916818182,-7.987267759090909,Castro Verde,CVR
7878,[503550445],37.89364090476191,-7.896460938095238,Beja,BJA
7879,[503550446],37.89248669047619,-7.8952382285714275,Beja,BJA
7880,[503590987],37.124631875,-7.6619701125,Tavira,TVR
7881,"[504048527, 804738369]",40.61885386666667,-8.664804571428572,Ílhavo,ILH
7882,[504481026],42.00914175882354,-8.500192682352942,Monção,MNC
7883,[504895385],37.1429655,-8.534378363157895,Portimão,PTM
7884,"[504897815, 1473392777]",38.869349559090914,-7.170884109090909,Elvas,ELV
7885,[505555088],37.08725931875,-7.92811765625,Faro,FAR
7886,[505639468],41.138467425,-8.653616295,Vila Nova de Gaia,VNG
7887,[505639470],41.13629979565218,-8.656322813043479,Vila Nova de Gaia,VNG
7888,[505639471],41.137633484210525,-8.65716354736842,Vila Nova de Gaia,VNG
7889,[505639474],41.13723542380952,-8.651992723809524,Vila Nova de Gaia,VNG
7890,[506026905],40.334943914285724,-8.03907799047619,Tábua,TBU
7891,[506027122],40.82693238,-8.21396219,São Pedro do Sul,SPS
7892,"[506027626, 1458288532, 1458288541, 1458288542, 1462445422, 1462445426]",40.553036625,-8.13238348,Tondela,TND
7893,"[506031424, 1458288533, 1458288540]",40.55080316666666,-8.130495542857142,Tondela,TND
7894,[506032663],39.91834635,-7.905518529166667,Oleiros,OLR
7895,"[506490092, 1011851279, 1011851280, 1011851281]",39.42185068095238,-9.131442338095237,Caldas da Rainha,CLD
7896,[506502998],39.61986335185185,-8.383729374074074,Tomar,TMR
7897,[506503000],39.62457930454545,-8.380611404545455,Tomar,TMR
7898,[506510886],39.276816713636364,-7.428843086363637,Portalegre,PTG
7899,"[506687585, 1119855558, 1119855560, 1119855561]",39.4262199590909,-9.13094384090909,Caldas da Rainha,CLD
7900,[507371213],37.9722315952381,-8.865167266666667,Sines,SNS
7901,"[507612915, 1285367896, 1307092060, 1344884451, 1344884453, 1389031364]",38.720419365217396,-9.293803208695653,Oeiras,OER
7902,[507931013],41.54456126666667,-8.403333855555555,Braga,BRG
7903,[508000984],40.3015567090909,-8.63777175,Cantanhede,CNT
7904,[508025506],38.06156494285715,-8.790097923809526,Santiago do Cacém,STC
7905,"[508109562, 603025759, 1070035543, 1070035544, 1070241947]",41.1559196375,-8.585156158333334,Porto,PRT
7906,"[509105931, 1120967719]",40.918405115,-8.55223857,Santa Maria da Feira,VFR
7907,[509564732],41.28953086999999,-7.7408907849999995,Vila Real,VRL
7908,"[510020765, 1307092068, 1329449470, 1329449471, 1341571219, 1341571220]",38.70882600869565,-9.312826504347825,Oeiras,OER
7909,"[510884943, 1029404702, 1029878904, 1029878905, 1460156074]",38.58985213478261,-9.105470021739132,Seixal,SXL
7910,[511118173],38.55946070454545,-9.097996581818181,Seixal,SXL
7911,[512293416],37.08417579130435,-8.873452830434784,Vila do Bispo,VBP
7912,"[513403942, 1314246240, 1314246241, 1314246242, 1314254797, 1314254798, 1314946914]",38.768382080952385,-9.31354409047619,Sintra,SNT
7913,[513967510],37.148033084210525,-8.561852857894737,Portimão,PTM
7914,[516259439],37.91154808947368,-8.326931589473686,Santiago do Cacém,STC
7915,[516697706],39.741656290476186,-8.805206276190475,Leiria,LRA
7916,"[516865796, 1016159799, 1016161667, 1549005868]",38.650396224,-9.143498767999999,Seixal,SXL
7917,[516911993],40.43072766842105,-8.738944105263158,Mira,MIR
7918,[517038999],41.80469777142858,-8.411027895238096,Ponte da Barca,PTB
7919,[518011902],40.42912320434782,-8.437291482608696,Anadia,AND
7920,"[518543845, 1042422260]",38.75870336190476,-9.219116357142857,Amadora,AMD
7921,"[519159505, 813739621, 813739622, 813739623]",39.951383527272725,-8.785428218181817,Pombal,PBL
7922,"[519170836, 796351738]",39.798299990909086,-8.828656045454546,Leiria,LRA
7923,[519171922],39.02865291578948,-8.976952405263159,Alenquer,ALQ
7924,[519172370],41.2263806,-7.01544475625,Torre de Moncorvo,TMC
7925,[519406969],41.27788356,-8.35103125,Paços de Ferreira,PFR
7926,[519727337],40.21479698947369,-8.441258605263158,Coimbra,CBR
7927,[520022195],39.4882219952381,-9.15685454761905,Caldas da Rainha,CLD
7928,[520129418],41.7950444631579,-8.755942873684209,Viana do Castelo,VCT
7929,[520275844],37.07881416000001,-8.09122359,Loulé,LLE
7930,[520563124],38.58082499,-8.9873703,Palmela,PLM
7931,"[524097758, 1054260398, 1233494144, 1233494145, 1233494146, 1233494147]",37.131953505,-8.666577665,Lagos,LGS
7932,[524150626],38.10350740769231,-8.28007045,Ferreira do Alentejo,FAL
7933,"[524593259, 1020328415]",38.64257224210527,-8.968137273684212,Moita,MTA
7934,"[524714034, 1080891272]",38.648187275,-9.237050260714284,Almada,ALM
7935,"[524890212, 1355513194]",38.656113004761906,-9.024630642857144,Moita,MTA
7936,[525346657],38.847222843750004,-9.13316299375,Loures,LRS
7937,[525478609],37.24316953684211,-8.626356663157894,Portimão,PTM
7938,[525699119],37.36138224444446,-7.570271433333334,Castro Marim,CTM
7939,[525699160],37.35994438421053,-7.598978057894735,Castro Marim,CTM
7940,"[525700944, 628690772, 628690773, 628690774]",38.74601469473684,-9.204365105263157,Lisboa,LSB
7941,"[526263498, 1463688998]",37.13933625,-8.54307227,Portimão,PTM
7942,[527240460],37.71930314615384,-8.789920592307693,Odemira,ODM
7943,"[527530246, 1117624266, 1459374485, 1459374486]",40.894091285714275,-8.48528938095238,São João da Madeira,SJM
7944,[528410923],38.52894183076923,-28.532828592307695,Madalena,MAD
7945,"[528694785, 1547312369]",39.43355479259259,-9.227232525925926,Caldas da Rainha,CLD
7946,"[529678985, 1034635569, 1058717142, 1058717143, 1058724296, 1236557743]",38.964223266666664,-9.4136146,Mafra,MFR
7947,[529714429],40.644427074999996,-8.701357135,Ílhavo,ILH
7948,[530260983],41.103701669230766,-8.592538661538462,Vila Nova de Gaia,VNG
7949,"[530624481, 1120757267, 1120757268, 1120757269, 1164569327, 1164569328]",41.17716142380952,-8.681129514285715,Matosinhos,MTS
7950,[530840104],37.14852346,-8.082187095,Loulé,LLE
7951,[531967166],39.43339845789473,-9.227986800000002,Caldas da Rainha,CLD
7952,[532046954],41.84704832105263,-7.756175810526315,Montalegre,MTR
7953,[532434659],41.716665074999995,-8.664987335,Viana do Castelo,VCT
7954,[532692060],38.206352696774196,-7.791910519354838,Vidigueira,VDG
7955,[532697461],37.12364658333333,-8.197896754166667,Albufeira,ABF
7956,[532817046],41.72879007,-8.783866804999999,Viana do Castelo,VCT
7957,[532929667],41.78625633181819,-6.77892386818182,Bragança,BGC
7958,"[533413193, 1337997973, 1337997974, 1337997978]",38.97542609047619,-8.984820642857143,Vila Franca de Xira,VFX
7959,[533430169],41.6690357,-8.378185629166667,Amares,AMR
7960,[533465882],41.34918437647059,-6.6876885,Mogadouro,MGD
7961,[533485602],38.953222011111116,-9.018853544444447,Vila Franca de Xira,VFX
7962,[533557449],40.21604722,-8.438859615,Coimbra,CBR
7963,"[534155502, 1275417674, 1275417675, 1275417700, 1314209064, 1314222676]",38.80734257142857,-9.33009413809524,Sintra,SNT
7964,"[534159007, 534159008, 534160267]",38.52682179285715,-8.4949639,Alcácer do Sal,ASL
7965,"[534323011, 1054260413, 1463235058, 1463235059]",37.1317281516129,-8.44770247419355,Lagoa,LGA
7966,[535285311],41.307443004999996,-8.341160060000002,Paços de Ferreira,PFR
7967,[535303456],41.23642612857143,-8.357195938095238,Paredes,PRD
7968,[536125117],41.263828569230775,-8.368973630769231,Paços de Ferreira,PFR
7969,[536206388],38.604446829032256,-7.8312295645161285,Évora,EVR
7970,[536206389],38.60493183999999,-7.829991529999999,Évora,EVR
7971,"[537531896, 781138937, 781138938, 781138939]",39.81166029523809,-8.642716323809525,Pombal,PBL
7972,"[537831035, 1349836791]",41.80147533478261,-6.766783791304348,Bragança,BGC
7973,"[537929874, 847992754, 847992755, 847992756, 847992757, 847992758, 847992759]",38.698543257894734,-9.341145257894738,Cascais,CSC
7974,"[539320304, 1299887283, 1300304549]",38.73368631052632,-9.343117142105262,Cascais,CSC
7975,"[539320318, 1299839082, 1300304550]",38.7229537173913,-9.341159008695653,Cascais,CSC
7976,"[539703861, 1337997990, 1337997991, 1337998001]",38.90187109565217,-9.036094869565217,Vila Franca de Xira,VFX
7977,[539881090],39.726951980952386,-8.928895800000001,Marinha Grande,MGR
7978,[540251525],40.86095234210526,-8.614078063157894,Ovar,OVR
7979,[540467756],39.54749178,-8.971947199999999,Alcobaça,ACB
7980,"[540868260, 875568944, 875568945, 875568946, 1068949284, 1352365230]",39.73913597692307,-8.81797493846154,Leiria,LRA
7981,"[540875124, 888011195, 1070323174, 1070323175, 1070323207, 1070340173]",39.749493386666664,-8.80752418,Leiria,LRA
7982,"[541187745, 1275417661, 1307128061]",38.77593027894737,-9.342088294736843,Sintra,SNT
7983,"[541206317, 1025048522, 1025051232, 1025051233, 1235792206, 1302230167, 1302235272, 1349587843]",38.52701334375,-8.893288459375,Setúbal,STB
7984,[542749216],39.45597565714285,-8.470643771428572,Entroncamento,ENT
7985,"[542856486, 1278679555, 1302143533, 1305591023, 1305591024]",38.751357877272724,-9.219564586363639,Amadora,AMD
7986,"[542923974, 1546604871, 1546604876, 1546604877, 1546604878]",40.86090853333334,-8.48474159047619,Oliveira de Azeméis,OAZ
7987,[542923976],40.85230597,-8.477312509999999,Oliveira de Azeméis,OAZ
7988,"[542950975, 1383551653, 1383551654, 1383551658, 1383551659, 1383551670]",41.0990135047619,-7.806873723809523,Lamego,LMG
7989,[543187054],32.69374744210526,-17.091771768421054,Ponta do Sol,PTS
7990,[543195926],40.34129309,-7.132457619999999,Sabugal,SBG
7991,[543793655],39.394909126923075,-8.377182219230768,Chamusca,CHM
7992,[543844159],40.944981029411764,-8.401045776470587,Arouca,ARC
7993,[543844163],40.9468620173913,-8.405392239130434,Arouca,ARC
7994,"[543847824, 1376150646, 1376150647, 1546604855, 1546604856]",40.943013050000005,-8.40651901,Arouca,ARC
7995,[543847826],40.944894590909094,-8.40818501818182,Arouca,ARC
7996,"[543997128, 1289476716, 1289476717, 1289476718, 1303891269]",41.237237784,-8.412856792,Paredes,PRD
7997,[544177096],41.67111088421053,-8.403506036842105,Vila Verde,VVD
7998,[544239783],38.58390424210526,-7.912257910526316,Évora,EVR
7999,"[544316871, 1225218732, 1225218733, 1225218734]",39.87921330499999,-8.963738435,Marinha Grande,MGR
8000,[544387865],39.277177205263165,-9.015658210526317,Cadaval,CDV
8001,[544589022],40.536047614285714,-7.292274276190476,Guarda,GRD
8002,[544795221],40.65885747894737,-8.608427015789474,Aveiro,AVR
8003,"[544813862, 762753333, 762753334, 762753336, 888044826, 888044827, 888044829, 888044830]",39.73403180344827,-8.808644617241379,Leiria,LRA
8004,"[544817011, 544817012, 544817014, 544817016]",37.125265837037034,-8.67261022962963,Lagos,LGS
8005,"[544828040, 544828041, 544828043, 544828045]",37.15398274848484,-8.613764784848485,Portimão,PTM
8006,[545906019],39.75702178571429,-8.926744080952382,Marinha Grande,MGR
8007,[546230746],39.24844034666667,-9.31097086,Lourinhã,LNH
8008,[546640784],39.20331893157895,-8.632854094736842,Almeirim,ALR
8009,[546640785],39.20358393,-8.633343429999998,Almeirim,ALR
8010,"[546708465, 566423161, 566423162, 566423163]",32.64982723000001,-16.957447150000004,Funchal,FNC
8011,[546805884],39.210302825,-8.60802261,Almeirim,ALR
8012,[547035913],41.534891725,-8.433047174999999,Braga,BRG
8013,[547064468],37.07516829545454,-7.836900436363638,Olhão,OLH
8014,"[547259813, 1544670217, 1544670218]",40.668591378571435,-8.607674064285714,Aveiro,AVR
8015,[547288991],41.437148671428574,-8.312143452380953,Guimarães,GMR
8016,[547479956],40.66707579473683,-8.615967994736843,Aveiro,AVR
8017,[547516552],39.754381491304336,-8.925407352173913,Marinha Grande,MGR
8018,[547785183],39.92002321,-8.623817245000001,Pombal,PBL
8019,[547864075],40.67555285000001,-8.615622075000001,Aveiro,AVR
8020,"[547942827, 1544670214, 1544670215]",40.684143342105266,-8.596939231578949,Aveiro,AVR
8021,[547943482],38.05762585,-8.110457641666668,Ferreira do Alentejo,FAL
8022,[547943483],38.058174883333336,-8.110495,Ferreira do Alentejo,FAL
8023,[547943485],38.058617625000004,-8.110155166666667,Ferreira do Alentejo,FAL
8024,[548142567],37.09844014210526,-8.000639989473685,Loulé,LLE
8025,[548142568],37.097817844999994,-7.999426225000001,Loulé,LLE
8026,[548588658],38.829835845,-7.83503454,Arraiolos,ARL
8027,[549005863],38.53479017777777,-28.518847662962962,Madalena,MAD
8028,[549357993],39.43917919090909,-9.208625772727272,Caldas da Rainha,CLD
8029,"[549789607, 549789608, 549816860]",38.575614752,-7.903090392000001,Évora,EVR
8030,[550210914],37.15802029565217,-7.880473765217391,São Brás de Alportel,SBA
8031,[550210915],37.19644197272728,-7.4220428818181805,Vila Real de Santo António,VRS
8032,"[550283193, 1290521140, 1306782037, 1306782038, 1306782048, 1314936397]",38.77224127727273,-9.292363840909092,Sintra,SNT
8033,"[550413861, 1463234969, 1463234970, 1463234971]",37.124253503846155,-8.33586861923077,Silves,SLV
8034,"[551029858, 1051327354, 1051327355, 1290485972, 1290485973]",40.16350689523809,-8.871411695238095,Figueira da Foz,FIG
8035,"[552084651, 552084653, 552084656]",38.581855603125,-7.9119995124999996,Évora,EVR
8036,"[552480880, 1305880426]",38.751337400000004,-9.28435423,Oeiras,OER
8037,"[553105606, 1054260414, 1463235056, 1463235057]",37.12845632727273,-8.420965568181817,Lagoa,LGA
8038,[553313866],39.81863250869565,-7.49308022173913,Castelo Branco,CTB
8039,"[553646560, 1315362780, 1315362781, 1315366120, 1315366121, 1317174797]",38.75126744,-9.276109365,Sintra,SNT
8040,[555173458],40.11139346499999,-7.42805965,Fundão,FND
8041,[555752593],38.72242956363636,-9.44699167272727,Cascais,CSC
8042,"[556037831, 1350349208, 1350349209, 1350349210, 1350349211, 1350349212, 1350349213, 1350349214]",40.64656751388889,-8.634858991666666,Aveiro,AVR
8043,[556847624],40.60544007368421,-8.498791831578949,Águeda,AGD
8044,"[557786652, 1354711570, 1354711571, 1354711572, 1359124850]",41.071824121739134,-8.578801895652173,Vila Nova de Gaia,VNG
8045,"[558068616, 1228206115, 1228206116, 1284229760, 1284229761, 1359124827, 1359124828, 1359124829]",40.99505516000001,-8.53948943,Santa Maria da Feira,VFR
8046,"[558340362, 1355513213, 1355513214, 1355767172, 1355767173]",38.64763772380953,-9.020336795238093,Moita,MTA
8047,"[558564439, 1379393314, 1379393315, 1379393328, 1379393329]",38.60495747272727,-9.162390072727273,Seixal,SXL
8048,[559765518],39.16344894499999,-8.79685637,Cartaxo,CTX
8049,[560499010],40.59063563157895,-8.610650094736842,Aveiro,AVR
8050,[561043927],41.46196996842105,-8.69126685263158,Barcelos,BCL
8051,[561391580],41.18234331052631,-8.622978105263158,Matosinhos,MTS
8052,[562443820],38.745959613043475,-8.973190408695654,Alcochete,ACH
8053,[562533100],41.55718798,-8.781027465,Esposende,EPS
8054,[562533104],41.544351331578945,-8.768862152631579,Esposende,EPS
8055,"[562581538, 1462851922, 1462851940, 1462851941]",40.687712368421046,-8.143538089473685,Vouzela,VZL
8056,"[563037453, 1465689070, 1465689071, 1465689074, 1465689075, 1465689076]",37.023495716666666,-7.970409658333334,Faro,FAR
8057,[563037464],37.02055815925926,-7.963542437037036,Faro,FAR
8058,[563113676],42.059130787499996,-8.27944790625,Melgaço,MLG
8059,"[564738768, 1318906780, 1318906781, 1318906782, 1318906783, 1318906784]",38.81527482608696,-9.395195552173913,Sintra,SNT
8060,"[564739962, 1318906785, 1318906786, 1319112237, 1319112238, 1319121824, 1319228672]",38.814773235,-9.39080345,Sintra,SNT
8061,"[565492387, 1354250339, 1354250340, 1354250344]",39.07550257916667,-9.256117029166667,Torres Vedras,TVD
8062,"[565754189, 1345418996]",39.0825682,-9.262243042857143,Torres Vedras,TVD
8063,"[565763005, 1079883795, 1354240526, 1354240527, 1354250355]",39.08985001578947,-9.261170157894735,Torres Vedras,TVD
8064,"[565769218, 1354240519, 1354245140, 1354245141]",39.09393267272728,-9.256043477272728,Torres Vedras,TVD
8065,"[565847441, 1354240509, 1354240510, 1354240512, 1354240513, 1354240515]",39.101527123809525,-9.242928104761903,Torres Vedras,TVD
8066,"[566319056, 1384351596, 1384351597]",41.0991559,-7.818639195238096,Lamego,LMG
8067,"[567211832, 1385447869, 1385447870, 1385447873, 1385447874, 1401111156, 1401111174]",41.04391907368421,-7.791568784210527,Lamego,LMG
8068,"[567421377, 1054260402, 1463235074, 1463235075]",37.161954996153845,-8.57747108076923,Portimão,PTM
8069,[567562754],41.36490033157895,-8.22367932105263,Felgueiras,FLG
8070,[569137192],40.941506955,-8.449201610000001,Santa Maria da Feira,VFR
8071,[569472324],40.15599507692308,-8.213203738461537,Lousã,LSA
8072,[569472354],40.154826754999995,-8.195245215,Lousã,LSA
8073,[569472393],40.119915795,-8.229313159999998,Lousã,LSA
8074,"[570545039, 570548765, 1013950122, 1013953001, 1013953002, 1302230163, 1307787303, 1380340037]",38.535963425675675,-8.874684852702702,Setúbal,STB
8075,"[570560920, 1070095146, 1070095147, 1070095149, 1070095150, 1245892662]",38.53577051714285,-8.87861184,Setúbal,STB
8076,[571338319],41.37208084210526,-8.2208657,Felgueiras,FLG
8077,"[572484257, 1049559880, 1049559881, 1068769566, 1068769567, 1068769575, 1068769576, 1070095148, 1235792213]",38.538564831578945,-8.877601986842103,Setúbal,STB
8078,"[572813948, 572815819, 572815826, 572815831, 572815843, 572815871]",38.50553577916667,-8.843643934722222,Setúbal,STB
8079,"[574207317, 1498010831, 1498010832, 1498010847]",41.4072111,-8.515335581818182,Vila Nova de Famalicão,VNF
8080,"[574624421, 1513146494, 1513146495, 1513146496, 1513146497, 1513146498, 1513146499, 1513146500, 1513146501]",39.740910122727264,-8.920487631818181,Marinha Grande,MGR
8081,[574869038],41.53701222272727,-8.628521972727272,Barcelos,BCL
8082,"[576096652, 1424429583, 1424429584, 1424429585]",32.6543719625,-16.832634841666664,Santa Cruz,SCR
8083,[576352037],40.603885247368424,-7.293025089473684,Guarda,GRD
8084,"[577499076, 1355123625, 1355123626]",42.0247199375,-8.646801708333333,Valença,VLN
8085,[578185259],41.43340525500001,-8.331807954999999,Guimarães,GMR
8086,"[579384569, 1054260401, 1463235076, 1463235077]",37.16176242941177,-8.593541052941177,Portimão,PTM
8087,[579938731],38.67033185909091,-8.4680374,Vendas Novas,VND
8088,"[582524328, 582524332]",40.21213419375,-8.2379291875,Vila Nova de Poiares,PRS
8089,[582524330],40.2127722125,-8.236170604166666,Vila Nova de Poiares,PRS
8090,"[583817433, 1016567870, 1016567871, 1016567872, 1016573836, 1016573837]",41.19013746153847,-8.661968296153846,Matosinhos,MTS
8091,"[584700266, 948394515, 948394516, 948394517, 1176939888, 1176939889, 1467969896, 1487349764]",32.821667507142855,-16.990215789285713,São Vicente,SVC
8092,[585242616],40.993598049999996,-7.408520341666667,Penedono,PND
8093,[585708550],37.131471445833334,-8.394225937500002,Lagoa,LGA
8094,[585708577],37.10436601,-8.41475889,Lagoa,LGA
8095,[585709906],37.13569216956521,-8.372721130434782,Silves,SLV
8096,[585711073],37.12136460952381,-8.182841395238096,Loulé,LLE
8097,[585711310],37.118516768,-8.138637720000002,Loulé,LLE
8098,[585711808],37.10909765652173,-8.088331065217389,Loulé,LLE
8099,"[588508900, 1028757921, 1028757922, 1028757923]",37.08383600434782,-8.044822839130434,Loulé,LLE
8100,[589167032],37.12277548421053,-8.519369036842106,Lagoa,LGA
8101,[589253229],37.14600824,-8.540728970000002,Portimão,PTM
8102,[590138034],38.05709003636363,-8.785442145454546,Santiago do Cacém,STC
8103,[590138385],38.06595126521739,-8.775449465217392,Santiago do Cacém,STC
8104,[590139787],38.64583282,-8.203525135000001,Montemor-o-Novo,MMN
8105,"[590520033, 1070025271, 1070025970, 1070025971]",40.147128,-8.832776047619047,Figueira da Foz,FIG
8106,[590980092],39.19990933333334,-9.305806447619048,Lourinhã,LNH
8107,"[592053393, 1331453775, 1340380020, 1340380021, 1340380029]",38.84557165625,-9.1006247125,Loures,LRS
8108,"[592053398, 1331453774, 1340380022, 1340380023, 1340380028]",38.84540274375,-9.097104268750002,Loures,LRS
8109,[594379996],38.91347907222222,-8.676805216666665,Benavente,BNV
8110,[595025973],37.04791331,-8.011564345,Loulé,LLE
8111,"[595082106, 607976516]",41.37423910666667,-8.215926426666668,Felgueiras,FLG
8112,"[597687864, 1016953364, 1016953365, 1016953366]",41.20211034736842,-8.644760152631578,Matosinhos,MTS
8113,"[598399301, 1125704530, 1125704531, 1125704534]",40.6802596909091,-8.588292868181819,Aveiro,AVR
8114,"[598399302, 1125704532, 1125704533, 1125704535]",40.68063015909091,-8.586097463636364,Aveiro,AVR
8115,"[599281347, 1430932404, 1430932407, 1430932408]",37.179215919047614,-7.444276871428572,Vila Real de Santo António,VRS
8116,"[600693824, 1480598644, 1480598645]",39.75425255652174,-9.027739404347827,Marinha Grande,MGR
8117,[601155194],39.56377530909091,-8.70683105909091,Batalha,BTL
8118,"[602180297, 602180298, 602180308, 602180309]",38.593501563888886,-9.107475775,Seixal,SXL
8119,[603468403],38.593455497222216,-9.108601655555557,Seixal,SXL
8120,[603492878],37.12086786111111,-7.652150544444443,Tavira,TVR
8121,[604338917],39.49975759,-9.13405801,Alcobaça,ACB
8122,"[604417375, 1352358936, 1352358937, 1352358942]",39.10226355294118,-9.25894254117647,Torres Vedras,TVD
8123,"[604620404, 888437233, 888442317, 888442318, 888821814, 888821815, 1387795233, 1387795239]",39.74132194230769,-8.793034669230767,Leiria,LRA
8124,"[604774388, 1331142651, 1331142652, 1331142653]",40.15834698571429,-8.109168038095238,Góis,GOI
8125,[605097037],41.965469152631584,-8.706006178947368,Vila Nova de Cerveira,VNC
8126,[605306051],39.51683094090908,-8.967599986363636,Alcobaça,ACB
8127,"[605419149, 1307787309, 1307787310, 1307787311]",38.533108095348844,-8.895632653488372,Setúbal,STB
8128,[606836553],40.770223248,-7.0847978320000005,Pinhel,PNH
8129,[606836563],40.773195438095236,-7.061375633333333,Pinhel,PNH
8130,"[607158562, 1297412331, 1297412332]",41.16191256818182,-7.802367459090909,Peso da Régua,PRG
8131,[608405261],37.124693,-8.304330038888889,Albufeira,ABF
8132,[608463533],37.11835578636364,-8.044476945454546,Loulé,LLE
8133,"[609619579, 1042094182, 1042094434, 1042094435, 1042115341, 1042119095]",38.576817542857135,-8.890376828571428,Palmela,PLM
8134,"[609631407, 1317949605, 1349788776, 1349788777, 1523043267]",38.498131557142855,-8.8311732,Setúbal,STB
8135,[609970681],37.88630894761905,-7.893690919047619,Beja,BJA
8136,"[614163037, 899069671, 1381433290, 1381433291]",39.91762222380953,-8.62140419047619,Pombal,PBL
8137,"[614558242, 867835633, 871079508, 871079509, 871079511]",37.089065704166664,-7.913344729166667,Faro,FAR
8138,"[615939441, 1019431821, 1297795850, 1297795852, 1370864195]",38.56732396666666,-9.05511245238095,Sesimbra,SSB
8139,"[616111773, 1299839069, 1299839070, 1299839086, 1302637151, 1341462475]",38.71343095714286,-9.34932600952381,Cascais,CSC
8140,"[616111775, 1072793818, 1302637157]",38.70339034444444,-9.355526750000001,Cascais,CSC
8141,[616347131],40.98944995555556,-7.619638694444443,Moimenta da Beira,MBR
8142,[616347170],41.00045986875,-7.61522286875,Moimenta da Beira,MBR
8143,[616347219],40.993650735,-7.6179076100000005,Moimenta da Beira,MBR
8144,[616347227],40.992994499999995,-7.620252526315791,Moimenta da Beira,MBR
8145,[616347241],40.98607032857143,-7.63345130952381,Moimenta da Beira,MBR
8146,[616347246],40.984164209999996,-7.631877804999999,Moimenta da Beira,MBR
8147,[616594280],41.1891327,-7.009522576923077,Torre de Moncorvo,TMC
8148,[616594378],41.178138407692316,-7.040775446153846,Torre de Moncorvo,TMC
8149,[618359612],37.135088525,-8.56508529,Portimão,PTM
8150,[618557304],41.68248752608696,-8.779405817391305,Viana do Castelo,VCT
8151,"[620108396, 1338719868, 1338719869, 1338719870, 1338719871, 1338719872, 1338719873, 1338719874]",40.649565188888886,-7.919238411111111,Viseu,VIS
8152,"[620108402, 621720179, 629182923, 1338719942, 1338719943, 1338735203, 1348736899]",40.65555120434782,-7.91427036521739,Viseu,VIS
8153,[620644730],38.38953844444445,-8.636645150000001,Alcácer do Sal,ASL
8154,"[621717607, 621717608, 668060858, 668060862, 668060864, 668060868, 1346338238, 1353036398]",40.6647863275862,-7.907805565517243,Viseu,VIS
8155,"[621737174, 1353802282, 1353802283, 1353895329]",40.64088122962963,-7.909643688888889,Viseu,VIS
8156,[621737208],40.62936445789473,-7.911244305263158,Viseu,VIS
8157,"[621959889, 772814712, 772814713, 772814714, 772814715, 772814716, 772814717]",32.82007812173913,-16.97555805652174,São Vicente,SVC
8158,"[623198071, 623198079, 623198080, 623198081, 1341081547, 1341612148]",40.665230785714286,-7.912598282142855,Viseu,VIS
8159,"[623205941, 623205943, 761689549, 761689550, 761689554, 761689555, 1338719928, 1467068736]",40.664854874999996,-7.91598444,Viseu,VIS
8160,"[623224329, 875423204, 875423205, 1222990318]",40.144451495238094,-8.135729085714287,Góis,GOI
8161,[623515994],42.11771819545454,-8.270514300000002,Melgaço,MLG
8162,"[623581297, 954455209, 954455210, 954455211, 954455212, 1500891201]",40.65286187727273,-7.910693095454547,Viseu,VIS
8163,"[624146951, 1314335956, 1467969897, 1467969898, 1467969899, 1467969900, 1467969901, 1467969902, 1467969903, 1467969904]",32.815066015384616,-16.90103121923077,Santana,STN
8164,"[624148551, 1072659311, 1072659319, 1072659320, 1266241406]",41.75137767,-7.477512710000001,Chaves,CHV
8165,[624231770],41.73621209473684,-7.476914263157895,Chaves,CHV
8166,[625098099],38.36148643333334,-8.527739233333332,Alcácer do Sal,ASL
8167,"[625419503, 800905446, 800905447, 800905448, 1068949291, 1068949294, 1068949295]",39.65664209743589,-8.826569833333334,Batalha,BTL
8168,[625696386],41.74809086842105,-8.392791389473684,Vila Verde,VVD
8169,[625919525],39.58314072352941,-8.81937325882353,Porto de Mós,PMS
8170,[626408566],39.233150826086955,-9.098898260869564,Cadaval,CDV
8171,[626439541],41.73599562105264,-7.488126257894737,Chaves,CHV
8172,[627114330],39.459880652631576,-31.1340297,Santa Cruz das Flores,SCF
8173,"[627451701, 1013950118, 1349583621, 1349583622, 1349583626, 1349587840]",38.5329453736842,-8.889072236842106,Setúbal,STB
8174,[628953805],39.78449891904762,-7.569595576190475,Castelo Branco,CTB
8175,"[629182946, 1531514312, 1531514315, 1531514316, 1531514319, 1531514320]",40.61627735,-7.9558278416666655,Viseu,VIS
8176,[629197415],38.80724415789474,-7.459601689473684,Borba,BRB
8177,[629272845],40.828208621052624,-7.423494452631578,Trancoso,TCS
8178,[629907627],41.57752841904762,-8.650847157142858,Barcelos,BCL
8179,[632012293],39.26128379130434,-8.682118886956522,Santarém,STR
8180,"[633747055, 1275792797, 1275792798, 1275792824, 1284514653, 1337560592]",38.762647072727276,-9.239848331818182,Amadora,AMD
8181,[634039482],41.77411812105263,-7.472803989473684,Chaves,CHV
8182,"[634114869, 944603191]",37.04324041333333,-7.965565613333334,Faro,FAR
8183,"[635006724, 1545846969]",40.94294196315789,-8.626521647368422,Ovar,OVR
8184,"[635399536, 1268548814]",38.331315509999996,-7.995621595,Viana do Alentejo,VNT
8185,[635444510],40.039309155,-7.0232929099999994,Idanha-a-Nova,IDN
8186,[635720641],39.49643311904762,-8.855885371428572,Porto de Mós,PMS
8187,[636131788],37.125134445,-7.649003650000002,Tavira,TVR
8188,"[636293782, 1459052288, 1459052289, 1459054507]",40.509370849999996,-8.084901175,Tondela,TND
8189,"[636293786, 1459052286, 1459052287, 1459054508]",40.5069946952381,-8.08402087142857,Tondela,TND
8190,"[636293793, 877297426, 877297427, 1431494264, 1459052285, 1459054509]",40.50207954117647,-8.081834976470589,Tondela,TND
8191,"[636298535, 1431473970, 1459052290, 1459052291, 1459054506, 1459947248]",40.5113834625,-8.085937216666666,Tondela,TND
8192,"[636301018, 877297428, 877297429, 1431473972, 1431473973, 1459052272]",40.503550090909094,-8.080672654545454,Tondela,TND
8193,[637255133],38.739654,-8.075420975,Arraiolos,ARL
8194,"[637571029, 1458288550, 1458288551, 1532364049, 1532364050, 1532364067]",40.625015668,-8.089738896,Tondela,TND
8195,[637957167],40.89192403684211,-8.498888531578949,São João da Madeira,SJM
8196,[637957175],40.8866613909091,-8.49657400909091,São João da Madeira,SJM
8197,[638272969],41.322442930769235,-8.315211115384615,Lousada,LOU
8198,[639052511],41.24710293529411,-8.62111465882353,Maia,MAI
8199,[639116260],39.278342296875,-9.29385875,Lourinhã,LNH
8200,[639389499],40.03884706842105,-7.0165820578947375,Idanha-a-Nova,IDN
8201,"[640834653, 1498776703, 1498783211]",41.43275891764705,-8.416555188235293,Vila Nova de Famalicão,VNF
8202,[641194373],41.36501998095239,-7.5491969476190475,Alijó,ALJ
8203,"[642250626, 888034869, 888034870, 888034871, 888034872, 1070323176]",39.74638262692308,-8.815631965384615,Leiria,LRA
8204,[642303699],38.69621540000001,-9.299149029999999,Oeiras,OER
8205,[642924204],40.94658472631579,-8.503538615789473,Santa Maria da Feira,VFR
8206,[642961768],39.74241733783784,-7.92746102972973,Proença-a-Nova,PNV
8207,[642961776],39.74386540645161,-7.92331179032258,Proença-a-Nova,PNV
8208,[643124399],32.784913389473694,-16.869614894736845,Santana,STN
8209,[643145105],39.747124554545444,-7.9180662303030305,Proença-a-Nova,PNV
8210,"[643450870, 655351474, 655351475, 655351476, 655351478]",40.47134592,-8.033707155,Tondela,TND
8211,"[643515066, 761999306, 761999307, 761999308, 787309908, 787309909]",39.72982047083333,-8.835916395833333,Leiria,LRA
8212,[644502796],38.955518784375,-8.5334938875,Coruche,CCH
8213,[645617487],38.64484084571429,-8.212169917142857,Montemor-o-Novo,MMN
8214,[645617495],38.64450969,-8.209563026666666,Montemor-o-Novo,MMN
8215,[645617505],38.64508413448276,-8.20723055172414,Montemor-o-Novo,MMN
8216,"[645738641, 1531377529, 1531377530, 1531377539, 1531377540]",40.45866182608694,-8.122780965217391,Tondela,TND
8217,[646224088],41.531961373469386,-8.627015081632653,Barcelos,BCL
8218,"[646910433, 1347977142, 1347977143]",38.576186325,-7.779646541666668,Évora,EVR
8219,"[649381803, 727916052, 727916053, 1118448482]",41.18180464545455,-8.654420059090908,Matosinhos,MTS
8220,"[651127811, 772276121, 772276122, 772276123]",39.77407598965518,-8.778527727586207,Leiria,LRA
8221,[651736948],41.207038555,-7.786723165000001,Santa Marta de Penaguião,SMP
8222,[651821193],41.697376225,-8.8364269125,Viana do Castelo,VCT
8223,[651826379],39.81747664736843,-8.635434921052632,Pombal,PBL
8224,[651978198],41.269766725,-8.26427755,Lousada,LOU
8225,[651978231],41.266644157142856,-8.246292947619047,Lousada,LOU
8226,[653130250],40.93828253636363,-8.657272172727273,Ovar,OVR
8227,[653130263],40.93928896363636,-8.656815354545454,Ovar,OVR
8228,[653130272],40.96685226428571,-8.630566214285713,Espinho,ESP
8229,[653130321],40.97752335333333,-8.646598013333335,Espinho,ESP
8230,[653130330],40.978227745,-8.64928747,Espinho,ESP
8231,[653559540],38.651695563333334,-7.544389089999998,Redondo,RDD
8232,[654033750],38.80501228571429,-8.41249759047619,Montemor-o-Novo,MMN
8233,[654641615],37.204268704545456,-7.542068472727274,Vila Real de Santo António,VRS
8234,"[655265966, 1459947243, 1459947244, 1459947246, 1459947249, 1459947250]",40.479689905,-8.048354465,Tondela,TND
8235,"[655277176, 1007447902, 1007447903, 1007447923, 1330469141, 1330469142, 1330686651, 1330686652]",38.788169763636354,-9.226649281818181,Amadora,AMD
8236,"[655277181, 1007447900, 1007447901, 1007447924, 1330469143, 1330469144, 1330686649, 1330686650]",38.79169243913043,-9.228038517391303,Amadora,AMD
8237,[655810775],37.13132563333333,-8.006351395833333,Loulé,LLE
8238,[655827033],37.14614393529412,-8.020981029411764,Loulé,LLE
8239,"[655827041, 923953040, 923953041]",37.144196625,-8.042259682142857,Loulé,LLE
8240,[656065101],38.320124528,-7.862971744000001,Portel,PRL
8241,[656531143],39.49648835263158,-9.154150310526315,Caldas da Rainha,CLD
8242,"[658284374, 1317467761, 1317467762]",38.469281705,-28.202657690000002,São Roque do Pico,SRQ
8243,[658694017],38.43581711428572,-28.080440523809525,Lajes do Pico,LGP
8244,[659656510],41.491084140909095,-8.432518136363635,Braga,BRG
8245,[660254316],39.20297538500001,-9.311235229999998,Lourinhã,LNH
8246,"[660548394, 1016953372, 1016953373]",41.208628575,-8.6330455375,Matosinhos,MTS
8247,[660970646],37.029495525,-7.943318079999999,Faro,FAR
8248,"[661329811, 1347972285, 1347972286]",37.24089567199999,-7.454353591999999,Castro Marim,CTM
8249,"[662049584, 1334528475, 1334528476]",38.78482573684211,-9.241821015789474,Amadora,AMD
8250,[664039421],38.220757104347825,-7.796239160869564,Vidigueira,VDG
8251,[664039424],38.220119700000005,-7.797593695652172,Vidigueira,VDG
8252,[664248981],38.866041435,-8.714394385,Benavente,BNV
8253,[664248983],38.86392787,-8.705530229999999,Benavente,BNV
8254,[664248984],38.865229195,-8.703363899999998,Benavente,BNV
8255,[665129139],39.271601026315786,-8.352425384210527,Chamusca,CHM
8256,[665367714],37.08904642105263,-7.98023834736842,Loulé,LLE
8257,"[666607935, 938619043, 938619044, 938619045, 938619046, 938619047, 938619048, 1235860122]",38.824430220833335,-9.161839829166667,Loures,LRS
8258,"[666947072, 1072793817, 1072890514, 1300360509, 1300360510, 1300360518, 1300360519, 1341462473]",38.70834338,-9.354029220000001,Cascais,CSC
8259,[667455910],40.46003509545455,-7.958758872727274,Carregal do Sal,CRS
8260,[667455913],40.45822111363637,-7.962391731818181,Carregal do Sal,CRS
8261,[667579234],40.73163381249999,-7.557986775,Aguiar da Beira,AGB
8262,"[667914803, 778093407, 778093408, 778093409, 778093410, 778093411, 778093412, 1348174233]",38.9274429,-9.236057675000001,Mafra,MFR
8263,"[667915793, 1031704074, 1031704075, 1031704076]",38.92870887894737,-9.241674457894737,Mafra,MFR
8264,"[668097507, 1420265291, 1420265292, 1420265293, 1420265294]",41.43920101,-8.33079749,Guimarães,GMR
8265,"[668177956, 841057086, 841057087, 841057088]",33.04942064782609,-16.34959322173913,Porto Santo,PST
8266,[668366131],37.13529429090909,-8.01296875909091,Loulé,LLE
8267,"[668676840, 1228262210, 1228262211, 1228262212]",39.36145714347826,-9.121084969565217,Óbidos,OBD
8268,[669440060],37.13004055217392,-8.004629613043479,Loulé,LLE
8269,[669958816],37.05187202999999,-8.055137695,Loulé,LLE
8270,[670190737],39.05280612941177,-7.888377788235293,Avis,AVS
8271,"[670665711, 1338719949, 1338719950, 1338719951, 1345444755]",40.65206626296296,-7.915809774074074,Viseu,VIS
8272,"[671584833, 1109803981, 1109803982, 1109803983]",39.44565917894737,-9.014747421052633,Caldas da Rainha,CLD
8273,[673247222],39.75755650526315,-8.788111968421054,Leiria,LRA
8274,"[673247235, 767992434, 767992435, 767992436]",39.747525200000005,-8.778525866666667,Leiria,LRA
8275,[673390377],40.902514284210525,-8.500991410526316,São João da Madeira,SJM
8276,[673682728],39.62945154444444,-8.677680005555555,Ourém,ORM
8277,"[673682729, 699486148]",39.62710522105264,-8.671479078947366,Ourém,ORM
8278,"[673977786, 1300304545, 1300304546, 1300304548]",38.73727056363636,-9.36096604090909,Cascais,CSC
8279,"[674307495, 1302235274, 1349587849, 1349587851, 1349587852, 1349594485, 1349656016, 1359062747]",38.525281784090915,-8.875019165909091,Setúbal,STB
8280,"[674483841, 1137440332, 1137440333, 1383055440]",37.13306027619048,-8.008731838095239,Loulé,LLE
8281,"[674759834, 1481666566, 1481666567, 1481666568]",37.091284717647056,-8.317469858823529,Albufeira,ABF
8282,[674970539],41.63261288695652,-8.433890508695654,Vila Verde,VVD
8283,"[675603237, 1137440334, 1137440335]",37.13215278,-8.013084854999999,Loulé,LLE
8284,[676243303],39.39887263181817,-9.129940045454545,Caldas da Rainha,CLD
8285,"[676832278, 676832282, 676838000, 676838001, 683255898]",38.77409093235295,-9.155328488235295,Lisboa,LSB
8286,[678420675],38.061645764999994,-8.78204202,Santiago do Cacém,STC
8287,"[679715131, 1193156374, 1193156375]",41.537982652941174,-8.614810676470587,Barcelos,BCL
8288,[680285946],38.70831018888888,-9.459602016666667,Cascais,CSC
8289,[680309247],41.79184652083334,-6.770242591666666,Bragança,BGC
8290,[680353935],41.42592948095238,-8.519178471428571,Vila Nova de Famalicão,VNF
8291,"[680800239, 680802271, 1020521810, 1020521811, 1020525472, 1020525473, 1375841112, 1375841123]",38.65197654545454,-9.065254477272727,Barreiro,BRR
8292,"[680802256, 891081277, 891081278, 891081279, 1375927251, 1375927255]",38.66191493913043,-9.054616539130437,Barreiro,BRR
8293,[680860401],38.76702343157895,-9.339205578947368,Sintra,SNT
8294,"[681501363, 1122860386, 1122860387, 1122860388, 1122860389, 1353774328]",41.26168758636364,-8.707590868181818,Matosinhos,MTS
8295,"[681659294, 1453115661, 1453115662, 1470410256]",40.89556378095238,-7.879331080952381,Castro Daire,CDR
8296,"[681755400, 1467356758, 1467390403, 1467390404]",41.083018429166664,-8.634619641666667,Vila Nova de Gaia,VNG
8297,[681873854],39.40061390454546,-9.138369304545455,Caldas da Rainha,CLD
8298,[682467254],39.18298408421053,-9.329780399999999,Torres Vedras,TVD
8299,"[682707091, 1222989932, 1222989933, 1222989934, 1222989936, 1222989937, 1222989938, 1222989939, 1222989940]",40.125809451612895,-8.235627058064518,Lousã,LSA
8300,"[683250791, 1320159332]",40.36295458666666,-7.861728579999999,Oliveira do Hospital,OHP
8301,"[683251201, 744800158, 744800159, 744800162, 744802305, 744802306]",38.75613979130434,-9.204741930434784,Lisboa,LSB
8302,"[683336590, 1337997942, 1337997945]",38.85670816363636,-9.074315149999999,Vila Franca de Xira,VFX
8303,[683770354],40.427155659090914,-8.545407431818184,Anadia,AND
8304,[683770355],40.426451121739134,-8.546387356521741,Anadia,AND
8305,[683770359],40.42403197142857,-8.544121171428573,Anadia,AND
8306,[683770374],40.424775825,-8.54263609,Anadia,AND
8307,[683770381],40.42050903043479,-8.542719739130433,Anadia,AND
8308,"[683824559, 1021567078, 1021567779, 1021567780, 1023433185, 1081304962, 1081306178, 1208458818]",38.66761111578947,-9.163545715789473,Almada,ALM
8309,"[683831609, 746547219, 758650351, 758650352]",38.73623035238095,-9.213425876190476,Amadora,AMD
8310,[684119957],40.01018026190476,-8.853279619047619,Pombal,PBL
8311,"[684272348, 1013958304]",38.44392732380951,-9.105995900000002,Sesimbra,SSB
8312,[684381989],41.83979274545454,-7.0096314045454555,Vinhais,VNH
8313,[684482516],38.66801222631579,-27.22009001578947,Angra do Heroísmo,AGH
8314,[684482526],38.667797695,-27.220689415,Angra do Heroísmo,AGH
8315,[684484128],38.660366805882354,-27.203755694117646,Angra do Heroísmo,AGH
8316,[684596316],38.669963319230774,-27.221196715384618,Angra do Heroísmo,AGH
8317,"[684950808, 1342482817, 1342482818, 1342482819, 1342482820, 1360670412]",40.68974872222222,-8.481192344444445,Albergaria-a-Velha,ALB
8318,[685739353],41.20603572727273,-8.682025309090909,Matosinhos,MTS
8319,[686011842],39.351579627272734,-9.366644672727274,Peniche,PNI
8320,[686375822],39.733429175,-8.760891629166666,Leiria,LRA
8321,[686421998],37.180014031578956,-7.409740457894736,Vila Real de Santo António,VRS
8322,[686781007],39.36150092380952,-9.382369247619046,Peniche,PNI
8323,[686898355],37.19257863,-8.009841265,Loulé,LLE
8324,[687811227],40.124977445,-8.85775019,Figueira da Foz,FIG
8325,"[687929425, 1042464506, 1278679553, 1302143532, 1305591027]",38.75068618636363,-9.215790818181818,Amadora,AMD
8326,"[688228721, 744800157, 744800163, 1012806948]",38.75408453478261,-9.197410186956521,Lisboa,LSB
8327,"[689316813, 689316821, 689316822, 689316823, 689316824, 689316825]",40.769873389473695,-8.647278994736842,Murtosa,MRS
8328,"[689316826, 689316835, 689316836, 689316837, 689316838, 689316839, 689316840, 689316841]",40.76995174210526,-8.645911157894735,Murtosa,MRS
8329,"[690475539, 1278892986, 1284514611, 1284514612, 1285184519, 1285184537]",38.72513936315789,-9.241317463157895,Oeiras,OER
8330,"[690475541, 1230032946, 1278892987, 1278892988, 1284514609, 1284514610]",38.72568007894736,-9.241389884210525,Oeiras,OER
8331,"[690837307, 1118155525, 1118448498, 1118448499, 1345636321, 1346360163]",41.260169309090905,-8.723976113636361,Matosinhos,MTS
8332,"[690891309, 1275080072, 1275080073, 1275080091, 1302963418, 1302963426]",38.69629037391305,-9.325981082608696,Oeiras,OER
8333,"[691264825, 1037038070, 1037038071, 1037038072, 1037038073, 1037038074, 1037038075, 1037435827]",38.775779574999994,-9.110543145,Lisboa,LSB
8334,[691948788],40.609578521052626,-6.836540705263158,Almeida,ALD
8335,[692208578],40.96706394761905,-8.581211142857143,Santa Maria da Feira,VFR
8336,[693073975],40.35414808947368,-7.857460705263158,Oliveira do Hospital,OHP
8337,"[693747991, 1326314830, 1331422079]",38.786040331578945,-9.111470015789475,Loures,LRS
8338,"[693803588, 1144602106, 1144602107, 1147284823, 1147284824, 1230013773]",38.732894828,-9.216121536000001,Amadora,AMD
8339,[696952795],39.923152800000004,-8.950480668421052,Leiria,LRA
8340,"[697186730, 1278679554, 1305591025, 1305591026]",38.75114601304348,-9.218608378260871,Amadora,AMD
8341,[697305039],40.349970545454546,-7.869948840909092,Oliveira do Hospital,OHP
8342,[697825534],41.75671942380952,-7.465334652380953,Chaves,CHV
8343,[697873596],38.5288173,-7.8950065894736845,Évora,EVR
8344,"[699481617, 743385587, 1426614212, 1426614213]",39.656609380952375,-8.582073114285713,Ourém,ORM
8345,"[699486149, 778450598, 778450599, 778450600, 778720868, 778720869, 778720870, 872758401]",39.62555492916667,-8.665935654166667,Ourém,ORM
8346,[699522734],40.20336530000001,-8.434953213636364,Coimbra,CBR
8347,[699522735],40.19722116818183,-8.436378581818182,Coimbra,CBR
8348,[699522740],40.16425231428572,-8.459827228571429,Coimbra,CBR
8349,[700434007],40.95543944375,-8.556060500000001,Santa Maria da Feira,VFR
8350,[700434008],40.955640008333326,-8.552745758333334,Santa Maria da Feira,VFR
8351,[701043240],41.197118668421055,-8.401711063157894,Paredes,PRD
8352,[701186526],38.694364291666666,-27.063532841666657,Praia da Vitória,VPV
8353,[701187826],38.6881814,-27.084168345000002,Praia da Vitória,VPV
8354,[701187827],38.68924416521739,-27.083334265217395,Praia da Vitória,VPV
8355,"[701823706, 1498227732, 1498227738, 1499043144, 1499043145]",41.38159631904761,-8.53783667142857,Vila Nova de Famalicão,VNF
8356,[703348042],39.25638136842105,-9.326912189473683,Lourinhã,LNH
8357,[703421155],37.94988155625,-7.2952331374999995,Serpa,SRP
8358,"[703848344, 1130692474]",39.4086569952381,-9.136619147619047,Caldas da Rainha,CLD
8359,[704503054],37.82084403478261,-25.52796489130435,Ribeira Grande,RGR
8360,"[705519309, 888034874]",39.743425336,-8.81213274,Leiria,LRA
8361,"[707059381, 1359124821, 1359124822, 1359124823]",40.98056578333333,-8.536266033333334,Santa Maria da Feira,VFR
8362,[708789970],42.02586391,-8.64577556,Valença,VLN
8363,[709291110],39.90872156190476,-8.437382233333333,Ansião,ANS
8364,[710041638],38.01759576842106,-8.693690510526316,Santiago do Cacém,STC
8365,[710044417],38.01721726315789,-8.696940021052631,Santiago do Cacém,STC
8366,"[710314656, 1471636284, 1471636285]",41.75028556363637,-7.464153049999999,Chaves,CHV
8367,"[710676385, 1314187486, 1314187487, 1314191240]",38.80521153,-9.355431915,Sintra,SNT
8368,"[711817369, 1085144438, 1096723588]",38.71829658695652,-9.20058976956522,Lisboa,LSB
8369,"[711836378, 711836379, 711836380, 711836381, 1134187176]",40.17978277857143,-8.675771314285713,Montemor-o-Velho,MMV
8370,"[712289078, 1050996349]",39.212461990476186,-9.342257966666665,Lourinhã,LNH
8371,[712391155],39.79989127500001,-8.093431169999999,Sertã,SRT
8372,[712517278],41.53674740555556,-6.965957166666667,Macedo de Cavaleiros,MCD
8373,[712517285],41.538210750000005,-6.967438625,Macedo de Cavaleiros,MCD
8374,[712517291],41.535832871428575,-6.965682490476191,Macedo de Cavaleiros,MCD
8375,"[714796018, 1509148748]",39.03789908947368,-27.993858894736842,Santa Cruz da Graciosa,SCG
8376,"[717124683, 1315402474, 1315411068]",38.75454648947369,-9.28657009473684,Sintra,SNT
8377,"[717852056, 1176472186, 1176472187, 1176472191, 1176472192, 1176472193]",32.680176942105255,-16.98742984736842,Câmara de Lobos,CML
8378,"[718024634, 763486006, 763486007, 763486008]",39.7056977625,-8.750575312499999,Leiria,LRA
8379,[719022888],39.73109989565217,-8.839642986956523,Leiria,LRA
8380,[719994950],38.758576067999996,-27.10647372,Praia da Vitória,VPV
8381,"[720451160, 739815289, 739815290, 739815291, 969839383, 974559135, 974559140, 974559175]",32.80229624583333,-17.23648597916667,Calheta,CLT
8382,"[720453365, 1301608920, 1329514609, 1329514610]",38.627353044,-9.17838566,Almada,ALM
8383,[722341761],41.169408770000004,-8.542518185000002,Gondomar,GDM
8384,[722469878],39.910205152173916,-8.43697783478261,Ansião,ANS
8385,"[722621214, 851351479, 851351480, 851351481]",39.62690865555555,-8.378750969444443,Tomar,TMR
8386,[722712933],39.75535844545455,-8.80312479090909,Leiria,LRA
8387,[724122248],41.529991095238096,-8.431274214285713,Braga,BRG
8388,[724126960],39.06494886,-9.347348015,Torres Vedras,TVD
8389,"[724455935, 1441887350, 1441887351, 1467074941, 1467074942, 1467074943, 1485424567, 1485424568, 1486100239]",41.42200026111111,-8.667720905555555,Póvoa de Varzim,PVZ
8390,"[724455937, 1349836825, 1353030223, 1353030224, 1353030225, 1544091338]",41.24348123902439,-8.648615199999998,Maia,MAI
8391,[725197633],38.51817828695653,-28.309968873913043,São Roque do Pico,SRQ
8392,"[726984912, 782598534, 782598535, 782598536]",39.77189505652174,-8.775473173913044,Leiria,LRA
8393,"[728209775, 1320103560, 1320103561]",39.73492730909091,-8.848653072727274,Leiria,LRA
8394,[729220901],41.033164521052626,-8.41828234736842,Gondomar,GDM
8395,[729431178],41.53359608260869,-8.496035521739131,Braga,BRG
8396,"[730045134, 1349836800]",41.5320588173913,-8.55075444347826,Barcelos,BCL
8397,[731896945],41.408607568,-7.983133155999999,Celorico de Basto,CBT
8398,[731898436],41.39915911666667,-7.986914870833334,Celorico de Basto,CBT
8399,"[731899593, 876528647]",41.411179635483876,-7.962494196774195,Mondim de Basto,MDB
8400,"[732488814, 1266323867]",41.71465518947369,-7.443928757894736,Chaves,CHV
8401,"[733059830, 805921563]",39.75069073636363,-8.811752154545456,Leiria,LRA
8402,"[733310803, 926406673, 1109157566, 1481666577, 1481666578, 1481666579]",37.09448166666667,-8.187818774074072,Albufeira,ABF
8403,[733783651],37.83371873333333,-25.688252019999997,Ponta Delgada,PDL
8404,[734103130],38.67129491,-27.253946205,Angra do Heroísmo,AGH
8405,"[734172079, 817606089, 817606090, 817647808, 1025552582, 1071283353, 1071283354]",41.30750052380953,-7.756736442857141,Vila Real,VRL
8406,[735361108],37.51062235217392,-8.054558173913044,Almodôvar,ADV
8407,[737204160],40.536786105263154,-6.910677263157894,Almeida,ALD
8408,[737675128],40.44448625,-6.963935490000002,Sabugal,SBG
8409,[738260664],38.98301019473685,-9.41265692631579,Mafra,MFR
8410,[738364777],38.023810275,-7.47604130625,Serpa,SRP
8411,[740150533],39.117507200000006,-9.381031714285713,Torres Vedras,TVD
8412,[741784579],39.450133199999996,-8.54041657,Torres Novas,TNV
8413,"[741937226, 770870781, 892711908, 892711909, 892711910]",40.010881718181814,-8.204245122727272,Castanheira de Pêra,CPR
8414,"[742332737, 1485741901, 1485741902, 1485741903, 1485741904, 1485741905, 1485741906]",41.24146956666667,-8.525610261904763,Valongo,VLG
8415,"[742369323, 880750173]",38.881846728571425,-7.1641744785714305,Elvas,ELV
8416,"[743364399, 773649342, 773649343, 773649344]",39.672504112,-8.677585936,Leiria,LRA
8417,"[743405078, 1297820018, 1385138199, 1385138200]",38.708177622222216,-9.43042781111111,Cascais,CSC
8418,"[743541092, 1106177588, 1106177589, 1174891966]",41.228451100000015,-8.580749755555555,Maia,MAI
8419,"[743670509, 771482708, 771482709, 771482710]",39.85422501290322,-8.835814951612903,Leiria,LRA
8420,[743674458],38.917697757894736,-7.322538931578949,Elvas,ELV
8421,[744598320],38.873667866666665,-7.168176133333333,Elvas,ELV
8422,[744877231],38.88188610526316,-7.164454973684212,Elvas,ELV
8423,[744898438],40.60115834666667,-7.78136854,Mangualde,MGL
8424,"[745102853, 1431188100, 1431188101]",40.595587407142865,-7.757226928571428,Mangualde,MGL
8425,[745365603],41.7504968117647,-7.4285030647058825,Chaves,CHV
8426,"[745395345, 991328627, 1299097311, 1299097312]",38.7187875875,-9.430643729166666,Cascais,CSC
8427,"[746642919, 1275080062, 1275080063, 1275080096]",38.72052362272728,-9.339433968181817,Cascais,CSC
8428,[746808789],40.16270329473685,-7.974984936842105,Arganil,AGN
8429,[747449033],39.24949871,-8.687432869999999,Santarém,STR
8430,[747452438],39.73591383,-8.527288275,Ourém,ORM
8431,"[747507715, 851701433, 851701434, 851701435]",39.6024316,-8.835293763636365,Porto de Mós,PMS
8432,[747873750],39.839710395000004,-8.91225777,Marinha Grande,MGR
8433,"[747921583, 1345162756]",38.687246322727276,-9.30693175,Oeiras,OER
8434,[747942464],39.819634186363636,-8.374934559090907,Alvaiázere,AVZ
8435,[747942480],39.822622775,-8.37763721,Alvaiázere,AVZ
8436,"[747942481, 936897248, 936897249, 936897250, 1468498689]",39.816923844,-8.374220736,Alvaiázere,AVZ
8437,[749406548],40.60680131739131,-7.79042862173913,Mangualde,MGL
8438,"[749406552, 1528301551, 1528301552, 1528301553, 1528301554]",40.608565562500004,-7.789113746875,Mangualde,MGL
8439,[749899880],40.51335375238095,-7.237896814285713,Guarda,GRD
8440,"[749913985, 1189530104]",38.71081112272727,-9.451691472727273,Cascais,CSC
8441,"[750129788, 1349594488, 1349594489, 1349594495, 1349836520, 1349836527]",38.53775058095238,-8.8286907,Setúbal,STB
8442,[751361063],39.842500025,-8.89360581,Leiria,LRA
8443,[751361096],39.847227825,-8.884995669999999,Leiria,LRA
8444,[751741510],38.57375808095238,-7.77650380952381,Évora,EVR
8445,"[752034599, 974376798, 974376799, 974376800]",38.96102810526316,-8.529342321052631,Coruche,CCH
8446,"[752681555, 1030031043, 1030031044, 1030031045, 1030031046, 1030031047, 1354711579, 1354769247]",41.103199660869564,-8.588348778260869,Vila Nova de Gaia,VNG
8447,[753246034],39.144372356521735,-9.29554054347826,Torres Vedras,TVD
8448,[753246040],39.24078552631579,-9.261906989473685,Lourinhã,LNH
8449,[753826145],38.724043405,-9.35927877,Cascais,CSC
8450,[754146736],37.974385552631574,-8.822494642105262,Sines,SNS
8451,"[754699581, 1455023539, 1455023540, 1455023546]",40.74405921428572,-7.732555971428571,Sátão,SAT
8452,[754712455],40.750298465,-7.735375125000002,Sátão,SAT
8453,[754712456],40.75057276,-7.734339430000001,Sátão,SAT
8454,"[754712458, 1455109880, 1455109881, 1455109900]",40.74997982727273,-7.736449977272727,Sátão,SAT
8455,"[754712467, 1455023536, 1455023548, 1455023549]",40.75078936666667,-7.728478595238094,Sátão,SAT
8456,[755339091],40.41798414347825,-8.464719091304348,Anadia,AND
8457,[755396079],38.01450221500001,-7.852693059999998,Beja,BJA
8458,[755396090],38.01594327894737,-7.852610697368422,Beja,BJA
8459,"[755949597, 1079883799, 1528171482, 1528171483]",39.071832156,-9.248742256,Torres Vedras,TVD
8460,[756082641],38.371177373684205,-8.518430494736842,Alcácer do Sal,ASL
8461,[757039162],37.14461397058823,-8.496292405882352,Lagoa,LGA
8462,[757730776],40.199919275,-8.440181890000002,Coimbra,CBR
8463,"[757730789, 954747524, 954747525, 954747526]",39.55101234545455,-8.38958955909091,Tomar,TMR
8464,"[758099854, 905945884, 905945885]",37.391141726315794,-7.4451592368421045,Alcoutim,ACT
8465,[758199608],40.78436196764706,-8.588038714705885,Estarreja,ETR
8466,[758367480],40.75678958,-8.70528087,Murtosa,MRS
8467,[758367482],40.75916138695652,-8.705245186956523,Murtosa,MRS
8468,[758589968],39.804043925,-8.823241309999998,Leiria,LRA
8469,[758825777],37.745047400000004,-25.585563661538465,Lagoa,LAG
8470,[759695733],40.1656931,-8.871673752380952,Figueira da Foz,FIG
8471,[760403503],41.54420125555555,-8.78994652777778,Esposende,EPS
8472,[760667439],41.507789800000005,-8.48820242631579,Braga,BRG
8473,[760689043],37.83487834,-25.686224600000003,Ponta Delgada,PDL
8474,[761313722],41.257125885,-8.66957931,Maia,MAI
8475,"[761440423, 1118155537, 1118155538, 1118448487, 1118448488, 1489866201]",41.1829161,-8.675416900000002,Matosinhos,MTS
8476,"[761581623, 1245892679, 1245892680, 1349596884, 1359345666]",38.52255236818182,-9.022953759090909,Setúbal,STB
8477,"[761588462, 1359177407, 1359177408, 1359345664, 1359378617]",38.536051240909096,-9.021593077272728,Setúbal,STB
8478,[762818035],38.727610950000006,-7.991134305555556,Arraiolos,ARL
8479,"[762994614, 798167387, 798167388, 798167389]",39.70943458695652,-8.833002782608697,Leiria,LRA
8480,[763108362],37.966103931250004,-8.089751525,Aljustrel,AJT
8481,[763478413],38.616589322727265,-9.17820635909091,Almada,ALM
8482,[766301579],39.2765593368421,-9.298116989473685,Lourinhã,LNH
8483,"[766550575, 766568618, 766568619, 766568620]",32.647373575,-16.930129025000003,Funchal,FNC
8484,[767945854],41.69461646818183,-7.657738613636365,Boticas,BTC
8485,[769263923],39.362403192307696,-8.964120630769228,Rio Maior,RMR
8486,[769374310],41.749713890909085,-8.695663245454545,Viana do Castelo,VCT
8487,[769501500],38.9679416,-7.582501094444443,Sousel,SSL
8488,[769934261],40.354547605,-7.851495174999999,Oliveira do Hospital,OHP
8489,"[770112967, 798185804, 798185805, 798185807]",39.730215795,-8.758881929999998,Leiria,LRA
8490,[770681962],40.81610414210527,-7.541448889473685,Aguiar da Beira,AGB
8491,[771088709],38.868782190909094,-9.135026931818182,Loures,LRS
8492,[771088710],38.869601009523805,-9.135500819047618,Loures,LRS
8493,[771088719],38.86930974545454,-9.13360412727273,Loures,LRS
8494,[771088724],38.868551136363635,-9.133184004545456,Loures,LRS
8495,[771088725],38.86779286666666,-9.132745328571428,Loures,LRS
8496,[771088728],38.86704959047619,-9.132274214285717,Loures,LRS
8497,[771147844],40.42529854736842,-8.016054973684213,Carregal do Sal,CRS
8498,[771351417],38.767503605263165,-9.379979694736843,Sintra,SNT
8499,"[772026458, 797137510, 797137511, 1070340169, 1070340170, 1070349786]",39.7586760173913,-8.792341639130436,Leiria,LRA
8500,"[772276088, 888034873, 1070323177, 1070323178, 1070323206, 1070340174, 1171448528, 1352373388]",39.74543078548388,-8.817582751612905,Leiria,LRA
8501,"[772276099, 781817026, 781817027, 781817028, 888017604]",39.76106972608695,-8.82385263478261,Leiria,LRA
8502,"[772276105, 775146758, 775146759, 775146760]",39.786515609090905,-8.82550654090909,Leiria,LRA
8503,"[772276112, 775150263, 775150264, 775150265]",39.79156404615385,-8.83093605,Leiria,LRA
8504,"[772276126, 772276129, 772276131, 772276132]",39.78674184782609,-8.787457391304347,Leiria,LRA
8505,[772997814],37.36020392142858,-8.372558357142855,Silves,SLV
8506,[772999095],39.64164586071429,-8.528627610714285,Ourém,ORM
8507,"[773887019, 779195395, 779195396, 779195397]",39.89342793478261,-8.779846421739132,Leiria,LRA
8508,[773895964],39.68518354545454,-8.894783377272729,Leiria,LRA
8509,[774750954],39.68257708,-8.911577608,Leiria,LRA
8510,"[774979785, 1205366209, 1205366210, 1205366211]",39.369028765,-9.38256669,Peniche,PNI
8511,[775232567],38.99807041304348,-7.071503004347827,Campo Maior,CMR
8512,[775232569],39.021096829166666,-7.078059024999999,Campo Maior,CMR
8513,[775232570],39.011603328571425,-7.078824257142856,Campo Maior,CMR
8514,[775232573],39.00525701851852,-7.080891633333334,Campo Maior,CMR
8515,"[775419027, 888442320, 888821818, 888821819]",39.74332846086957,-8.806534208695652,Leiria,LRA
8516,"[775787678, 841132887, 841132888, 841132889, 1410078992, 1410078993]",39.8514573875,-8.844652358333333,Leiria,LRA
8517,[775826276],40.1774868590909,-8.45313831818182,Coimbra,CBR
8518,[775828514],38.9663560904762,-9.407999366666665,Mafra,MFR
8519,[776007527],39.366789021052625,-9.380721873684212,Peniche,PNI
8520,[776097561],39.91462136666666,-8.950669257142858,Leiria,LRA
8521,"[776331502, 787356728, 787356729, 787356730, 1068949296]",39.627431430769235,-8.852556611538462,Porto de Mós,PMS
8522,[776556619],40.60866749,-7.776168009999999,Mangualde,MGL
8523,"[776872439, 1111828362, 1111828363, 1111828364, 1387776159, 1387776160, 1387776161]",39.74078705555556,-8.802519785185185,Leiria,LRA
8524,"[776872442, 888442319, 888821816, 888821817, 1387797321, 1387797322, 1387797323]",39.741161025,-8.799065732142857,Leiria,LRA
8525,"[777290337, 1545846957, 1545846971, 1546503067, 1546503069, 1546503070]",40.93139672173913,-8.552103243478262,Santa Maria da Feira,VFR
8526,"[777290338, 1490522358, 1490522359, 1490522360, 1490522361, 1490522362]",40.929936294736834,-8.550233589473685,Santa Maria da Feira,VFR
8527,[777330133],39.774711444999994,-7.846994315000001,Proença-a-Nova,PNV
8528,[777403790],39.57331416190477,-8.594837261904761,Ourém,ORM
8529,[778302303],38.792034076190475,-9.321228828571428,Sintra,SNT
8530,[778302305],38.794248495454546,-9.321397886363636,Sintra,SNT
8531,"[778934319, 1460228950, 1465592523, 1465592524, 1465592525, 1465592526, 1465592527, 1465592528]",41.3870382047619,-8.755974471428573,Póvoa de Varzim,PVZ
8532,[782140987],38.675837208695654,-27.207943330434784,Angra do Heroísmo,AGH
8533,[782606870],39.76873571666667,-8.771598908333333,Leiria,LRA
8534,[782666181],38.71992541363637,-27.06338492272727,Praia da Vitória,VPV
8535,[782704385],38.72994189090909,-27.06687515454545,Praia da Vitória,VPV
8536,[782716911],38.734958773684205,-27.068577331578947,Praia da Vitória,VPV
8537,[783057045],38.752361654545446,-27.086300677272728,Praia da Vitória,VPV
8538,[784346424],41.59779841052631,-8.25723740526316,Póvoa de Lanhoso,PVL
8539,[784641806],41.60760377894737,-8.263665978947369,Póvoa de Lanhoso,PVL
8540,[785729848],37.83035512,-25.675667173333338,Ponta Delgada,PDL
8541,"[785972280, 1345106686, 1345106687, 1345106690, 1350349229, 1463995044]",40.63055217619048,-8.65417946190476,Aveiro,AVR
8542,"[787349557, 787349566, 787349567, 787349568]",39.60832114761905,-8.802937833333335,Porto de Mós,PMS
8543,"[787352428, 787356735, 787356736, 787356737]",39.59946879545455,-8.8238464,Porto de Mós,PMS
8544,"[787356733, 800185714, 800185715, 800185716]",39.61190006071428,-8.842947796428572,Porto de Mós,PMS
8545,[787657704],39.69996136785715,-8.788915699999999,Leiria,LRA
8546,"[787692490, 840282282, 840282283, 840282284]",39.93709103636364,-8.859897522727275,Leiria,LRA
8547,[788087620],41.56818345000001,-8.203278635,Póvoa de Lanhoso,PVL
8548,[788568407],40.14067358846153,-7.505120169230769,Fundão,FND
8549,"[789054340, 878427147, 878427148, 965890547, 965890548]",37.87037887083333,-8.164857091666667,Aljustrel,AJT
8550,"[791163826, 791163829, 791163833, 791163840]",37.142229732258066,-8.545581625806452,Portimão,PTM
8551,[792964002],40.13119019,-8.862489279999998,Figueira da Foz,FIG
8552,[793361398],39.86371453125,-8.936922309375,Marinha Grande,MGR
8553,"[794789619, 944603172, 944603173, 944603174, 944603175, 944603176, 944603177]",37.025941984999996,-7.9320120450000005,Faro,FAR
8554,"[794809942, 944603136, 944603137, 944603138, 944603139, 944603140, 944603141, 944603142]",37.01753364090909,-7.927009163636364,Faro,FAR
8555,"[794809943, 944603150, 944603151, 944603152, 944603153, 944603154, 944603155, 944603156]",37.02102021764705,-7.923758605882353,Faro,FAR
8556,[795912262],39.8153205576923,-7.507642942307692,Castelo Branco,CTB
8557,"[796731119, 1455019965, 1455019966, 1455020000]",40.877770136,-7.801591752,Vila Nova de Paiva,VNP
8558,[799004248],39.450190675,-8.84628039,Santarém,STR
8559,"[799241008, 1410331585, 1410331586, 1410331587, 1410331588, 1410331589, 1410331590, 1410331591]",41.24799935151515,-8.619613963636365,Maia,MAI
8560,"[799480444, 1123140652, 1335933863]",41.24869424482759,-8.67601290689655,Maia,MAI
8561,"[800160688, 800905461, 800905462, 800905463]",39.693666885000006,-8.820237215,Batalha,BTL
8562,"[801573985, 1538996776, 1538996777, 1538996778, 1538996779]",41.199510757894735,-8.562891742105263,Maia,MAI
8563,"[801573994, 1117207215, 1117207216, 1137378990, 1341389153]",41.20294841052632,-8.564232726315788,Maia,MAI
8564,"[801913289, 1349594492, 1349594494]",38.52012527727274,-8.82552534090909,Setúbal,STB
8565,[802253172],38.546750105263165,-7.460189299999999,Alandroal,ADL
8566,[802259169],38.54621361904761,-7.478761409523812,Alandroal,ADL
8567,[804328887],40.108182400000004,-8.247898737500002,Lousã,LSA
8568,[804727238],37.03067413333333,-7.936707499999998,Faro,FAR
8569,"[805160975, 1090603314, 1090603315, 1090603316]",41.3105605173913,-7.7443162521739115,Vila Real,VRL
8570,"[805944795, 1166233322]",41.30854915,-7.758580155,Vila Real,VRL
8571,"[806111273, 1178791899, 1178791900, 1178791901]",39.397784952173915,-9.133720913043478,Caldas da Rainha,CLD
8572,[806725474],37.70017403478261,-8.085347947826085,Castro Verde,CVR
8573,[806860201],40.347631957142866,-8.586437485714285,Cantanhede,CNT
8574,[806872326],37.511944619999994,-8.056680896,Almodôvar,ADV
8575,[806960762],40.293797638095235,-7.482525209523808,Covilhã,CVL
8576,[807014931],38.18404734117647,-8.570505070588235,Grândola,GDL
8577,[807165566],38.679647312499995,-8.462368512500001,Vendas Novas,VND
8578,"[807711593, 1282481899, 1282481900, 1283642569, 1283642570]",41.23297467391305,-8.494089734782609,Valongo,VLG
8579,[808094186],39.400178155,-9.152824105,Caldas da Rainha,CLD
8580,[808203244],37.70150839473684,-7.480192047368422,Mértola,MTL
8581,"[808719569, 1456556795, 1456556796, 1456556817]",40.49877621500001,-7.90366458,Nelas,NLS
8582,[808738153],40.49853992173913,-7.894144973913044,Nelas,NLS
8583,"[808834331, 1456556738, 1456556739, 1456556809, 1456556810, 1528520055]",40.52563488636364,-7.920639572727273,Nelas,NLS
8584,"[808910979, 1553363993, 1553363994]",38.55411433888888,-7.905570505555555,Évora,EVR
8585,"[808910999, 1553364151, 1553364152]",38.33531261904762,-8.001556914285711,Viana do Alentejo,VNT
8586,[809977858],41.31168798421053,-7.720512584210527,Vila Real,VRL
8587,[809993249],41.308691145,-7.722939949999999,Vila Real,VRL
8588,[810319719],39.947604705,-8.479440005000003,Ansião,ANS
8589,"[810873915, 1381374980]",39.91881217,-8.61659991,Pombal,PBL
8590,[812372778],38.90610975294118,-9.09145001764706,Loures,LRS
8591,"[813421055, 1017582430, 1017582431, 1017582434, 1017582435]",41.30768027619047,-7.724904752380953,Vila Real,VRL
8592,"[813540626, 813540627]",39.51723149,-8.689862110000002,Alcanena,ACN
8593,[813601425],42.10610251999999,-8.211145939999998,Melgaço,MLG
8594,"[813665454, 1426047844, 1426047845]",41.80407228571429,-8.415042338095239,Ponte da Barca,PTB
8595,"[815430416, 962963099, 962963100, 962963101, 962963102]",33.05915536363637,-16.33373950909091,Porto Santo,PST
8596,[815754452],40.004978576190474,-8.739864890476191,Pombal,PBL
8597,"[815839935, 1525699561]",37.00729709545455,-8.941677845454548,Vila do Bispo,VBP
8598,"[816249152, 1218547819, 1218547820, 1218547822, 1218547823, 1218547824]",39.405607010714284,-9.23952702142857,Óbidos,OBD
8599,[816342711],39.924440425,-8.618650989999999,Pombal,PBL
8600,[816360335],41.59644864761904,-8.2562074,Póvoa de Lanhoso,PVL
8601,[816490290],39.406127619047616,-9.242586042857143,Óbidos,OBD
8602,[816708964],38.0192674,-8.690343171428571,Santiago do Cacém,STC
8603,"[816825851, 1345398857, 1353539533, 1353539534]",40.65607493636364,-7.9038288454545444,Viseu,VIS
8604,[817020002],41.63752722631579,-7.574173300000001,Chaves,CHV
8605,[817020005],41.640145417647055,-7.574657688235294,Chaves,CHV
8606,"[817027115, 817638972, 1025618584, 1025618585, 1025618614]",41.28487750526315,-7.743720978947369,Vila Real,VRL
8607,"[817420212, 1334856517, 1334856518, 1334856519]",38.76325814583333,-9.2034529625,Amadora,AMD
8608,"[817519576, 1299364533, 1299364534, 1299364542]",38.731963365,-9.238526235,Oeiras,OER
8609,[817537872],41.30038699130435,-7.732644873913046,Vila Real,VRL
8610,"[817606072, 817606077, 817606079, 1025552585, 1027689862, 1124487087]",41.31617249473685,-7.766392278947367,Vila Real,VRL
8611,"[817621658, 1097982536, 1097982537, 1097982538, 1097982539, 1097982540]",41.30912521785714,-7.7348216785714285,Vila Real,VRL
8612,"[817638990, 817638997, 817638998, 824700130, 1025618610, 1025618611]",41.285776842105264,-7.7343162526315785,Vila Real,VRL
8613,"[817647799, 1097982531, 1097982532, 1097982533, 1097982534, 1097982535, 1557951479, 1557951480]",41.30958877727273,-7.7352174181818185,Vila Real,VRL
8614,[818140031],41.19209011428571,-8.296280752380952,Penafiel,PNF
8615,"[819657467, 1313856183, 1313856184, 1319691405, 1319691406, 1321458553]",41.34225802727272,-8.467697777272726,Santo Tirso,STS
8616,[820532917],38.6659317,-27.23321179523809,Angra do Heroísmo,AGH
8617,[820791278],41.39067772,-8.30600463,Vizela,VIZ
8618,[821133248],37.93750183870968,-8.38761160967742,Santiago do Cacém,STC
8619,"[821168734, 1062351121]",41.30486007142857,-7.743754557142857,Vila Real,VRL
8620,[821633887],41.190740475,-8.518192315,Gondomar,GDM
8621,"[821878650, 1545828591]",40.64288299583333,-8.743955641666666,Ílhavo,ILH
8622,[822624449],38.299945270833334,-7.698338704166666,Portel,PRL
8623,"[822775629, 1013952996, 1069377097, 1069377098, 1349655990, 1349655997, 1349656015]",38.52884302142858,-8.882086235714285,Setúbal,STB
8624,"[822775657, 1013952995, 1029928999, 1068683877, 1069083651, 1069377096]",38.52887623529413,-8.886279261764706,Setúbal,STB
8625,"[823115912, 1311484261, 1311484262, 1311484263, 1311484264, 1335618480, 1336061974]",41.254617281818184,-8.653964113636365,Maia,MAI
8626,"[823305740, 823305741, 823305742, 823305753]",38.76293396285714,-9.100636377142857,Lisboa,LSB
8627,[824010525],38.65517465666666,-8.575428676666665,Vendas Novas,VND
8628,"[824637197, 1105031710]",41.21587124782609,-7.7842348,Santa Marta de Penaguião,SMP
8629,"[825168706, 1020158979]",38.652453395,-9.005245480000001,Moita,MTA
8630,[825878464],39.30270063500001,-7.433641044999999,Portalegre,PTG
8631,[826508871],41.828844027272716,-7.007721722727274,Vinhais,VNH
8632,[826508873],41.82819320476191,-7.010433776190477,Vinhais,VNH
8633,"[826524254, 1349836793]",41.830139226315794,-7.011811042105262,Vinhais,VNH
8634,[826525729],37.06913938421053,-8.047842426315789,Loulé,LLE
8635,[827201715],41.339679289473686,-7.076305326315789,Vila Flor,VFL
8636,[827606103],37.65451063809524,-7.5974403285714285,Mértola,MTL
8637,"[827855561, 871480641, 871480642, 956337028, 956337029, 956337030]",38.94229024117647,-8.16238915882353,Mora,MOR
8638,[828718241],38.67570517083333,-8.453639791666665,Vendas Novas,VND
8639,[828926005],40.267834890909086,-7.989269540909091,Arganil,AGN
8640,"[829229708, 829229713, 829229714, 829229715, 829229716, 829229717, 974559173, 974559174]",32.81326371785714,-17.24487465357143,Calheta,CLT
8641,[829463341],41.643758331578944,-8.282218357894735,Póvoa de Lanhoso,PVL
8642,[829970897],40.199740176190474,-8.40324987142857,Coimbra,CBR
8643,"[830070042, 1314241829, 1314241830, 1320911618, 1322651106, 1322651109, 1479635253]",41.33837573529412,-8.476570117647059,Santo Tirso,STS
8644,"[830602699, 1109159992, 1109159993, 1109159994, 1109159995, 1109159996]",39.76386606521739,-8.782877986956521,Leiria,LRA
8645,"[831597531, 1356436335, 1356436336, 1356436370, 1356796928, 1356796930]",38.57452419,-8.946694246666668,Palmela,PLM
8646,[832238756],41.58675426842105,-8.287959357894737,Póvoa de Lanhoso,PVL
8647,"[832293029, 892718729, 892718730, 892718731]",39.919765640625,-8.27092453125,Figueiró dos Vinhos,FVN
8648,[832305633],39.054768236,-7.895039690000001,Avis,AVS
8649,[832359456],38.956120659090914,-7.67104805,Sousel,SSL
8650,"[832742802, 832742804, 832742805, 832742806, 832742807]",37.97195977435898,-7.874470428205129,Beja,BJA
8651,[832949863],38.156910707142856,-7.829452310714286,Beja,BJA
8652,[832949864],38.156269699999996,-7.828190082142856,Beja,BJA
8653,"[833034177, 1051347675, 1345106691, 1544841308, 1544841309]",40.62378890357142,-8.650354367857144,Aveiro,AVR
8654,[833601892],39.209415650000004,-9.321119572727273,Lourinhã,LNH
8655,[835342908],41.35059468421053,-8.718209163157894,Vila do Conde,VCD
8656,"[836250172, 963702959, 963702960, 963702961, 1307787297, 1307787298, 1308324448, 1431534534]",38.83821388292683,-8.735502190243903,Benavente,BNV
8657,[837610482],41.32394684,-8.674815325,Vila do Conde,VCD
8658,[837974541],41.16711377894737,-8.305220657894736,Penafiel,PNF
8659,[837974552],41.14683776190476,-8.297321723809524,Penafiel,PNF
8660,[838089731],41.246730424999996,-8.196220355000001,Amarante,AMT
8661,[838089734],41.24736598333333,-8.192615616666666,Amarante,AMT
8662,"[839158203, 1277694935, 1277694936, 1277694982, 1314425211, 1314930440]",38.75152343333333,-9.3030212125,Sintra,SNT
8663,[839324766],37.04896700526316,-8.018668010526318,Loulé,LLE
8664,"[839490659, 1302963423, 1305884513, 1305884542, 1305884543]",38.6935417952381,-9.305298161904764,Oeiras,OER
8665,[839513981],40.024266104999995,-8.6249747,Soure,SRE
8666,[839993407],39.18765732142857,-7.655027967857143,Alter do Chão,ALT
8667,"[841371150, 1193156376, 1193156377]",41.53759430555556,-8.616246494444445,Barcelos,BCL
8668,[841967257],39.4647808546875,-8.46050713125,Vila Nova da Barquinha,VNB
8669,"[842036441, 867840924, 940882192, 940882193, 940882194, 940882195]",39.80368828666667,-8.37687383,Alvaiázere,AVZ
8670,[842036462],39.83603844615385,-8.34923296923077,Alvaiázere,AVZ
8671,[842426302],37.060277090909096,-8.029618318181816,Loulé,LLE
8672,[842426414],37.0736789,-8.107937057142859,Loulé,LLE
8673,"[842752132, 1039584656, 1456556744, 1456556745, 1456556807]",40.553684475,-7.913750304999999,Nelas,NLS
8674,[843220333],41.49927719473684,-7.646189847368421,Vila Pouca de Aguiar,VPA
8675,[843569722],41.79839399047619,-6.779146042857143,Bragança,BGC
8676,"[844358567, 1347193500, 1347197782, 1347197783, 1384934120, 1384934121]",38.69739723181818,-9.336751627272726,Cascais,CSC
8677,"[844358569, 1384934118, 1384934119, 1384934122, 1384934123]",38.696388847826086,-9.337160134782609,Cascais,CSC
8678,[844415267],39.74145214090909,-8.906270640909092,Marinha Grande,MGR
8679,"[844623611, 1068769568, 1068769569, 1068769571, 1068769572]",38.538384111111114,-8.874061383333334,Setúbal,STB
8680,[845189935],39.74237063157894,-8.937825594736841,Marinha Grande,MGR
8681,"[845511443, 1331453760, 1331453782]",38.83813533157894,-9.093207742105264,Loures,LRS
8682,"[845771617, 1349970639]",41.105092012499995,-7.963299356249999,Resende,RSD
8683,"[845987236, 1365457284, 1365457285, 1365457289, 1369195603, 1369195624]",38.57575217333333,-9.023549613333332,Palmela,PLM
8684,"[846213182, 1369195604, 1369195605, 1369195622, 1369195623]",38.5724614631579,-9.035034794736843,Sesimbra,SSB
8685,[846254542],39.617157463157895,-8.550327305263158,Ourém,ORM
8686,[846425318],39.78592493389831,-7.568888272881357,Castelo Branco,CTB
8687,[846425325],39.98720228604652,-7.458951911627907,Castelo Branco,CTB
8688,[846514872],41.157865470588234,-7.894696588235295,Mesão Frio,MSF
8689,"[846867515, 1277694953, 1277694954, 1277694957]",38.705061095,-9.295266465,Oeiras,OER
8690,[846867517],38.70521444761905,-9.292895699999999,Oeiras,OER
8691,[847208943],39.176443034482766,-8.584460468965517,Almeirim,ALR
8692,[847217219],39.20301001923077,-8.613264646153846,Almeirim,ALR
8693,"[847292030, 1065932311, 1222992876, 1222992877, 1222992878]",40.24364700434783,-8.03621534347826,Arganil,AGN
8694,"[847856895, 847856896, 847856897, 847856906]",38.7769252,-9.174857069565217,Lisboa,LSB
8695,"[848006654, 1297412318, 1297423927, 1297423928]",41.16693002142857,-7.79451945,Peso da Régua,PRG
8696,[849065147],39.45926815714285,-8.485822317857142,Entroncamento,ENT
8697,"[851355199, 996159765, 996159766, 996159767]",39.42572371304348,-8.980079539130434,Alcobaça,ACB
8698,"[851373830, 851373837, 854380469]",38.75458657272726,-9.173716095454546,Lisboa,LSB
8699,[851671006],39.73043537,-8.913523074999999,Marinha Grande,MGR
8700,"[851701439, 1070323181, 1070323182, 1070323202]",39.600714037931034,-8.857571627586207,Porto de Mós,PMS
8701,"[851725706, 852572402, 852572403, 852572404]",39.599350130434786,-8.902373482608697,Porto de Mós,PMS
8702,[851872977],37.77428248333334,-8.240332291666666,Ourique,ORQ
8703,[853379364],38.51191784736843,-9.031540857894734,Setúbal,STB
8704,"[854065034, 1365457281, 1365457282, 1365457291]",38.587390213333336,-9.012447638333331,Palmela,PLM
8705,"[854263219, 1349970635]",41.07504559090909,-8.09500968181818,Cinfães,CNF
8706,"[854994604, 907153105, 907153106, 907153108, 907153109, 998413039, 1304446296, 1304446297, 1349828984]",41.247348464,-8.618153032,Maia,MAI
8707,[855820678],41.017708431818185,-7.748979068181819,Tarouca,TRC
8708,"[856013333, 1291350986]",37.20593995,-7.4740959423076925,Castro Marim,CTM
8709,"[856416662, 1375841114, 1375841115, 1375841121]",38.65342162105263,-9.058595373684211,Barreiro,BRR
8710,[856730177],40.99634654,-8.483981000000004,Santa Maria da Feira,VFR
8711,"[856892580, 1554754955]",40.36679764545454,-7.359340003030304,Covilhã,CVL
8712,"[857315999, 1031704014, 1034626257]",38.96690320416667,-9.4058095625,Mafra,MFR
8713,"[857589427, 857589429]",40.38375188125,-8.37642370625,Mealhada,MLD
8714,"[857610037, 1220175453, 1220175454, 1220175455]",39.02628461304347,-8.980035804347827,Alenquer,ALQ
8715,"[857923225, 1278237605, 1278237606, 1278237637, 1285367897, 1285367913]",38.72865556842105,-9.285167642105263,Oeiras,OER
8716,[857970995],39.617733473684204,-8.807903484210527,Porto de Mós,PMS
8717,[858823903],37.07922743684211,-8.110664815789473,Loulé,LLE
8718,"[859079043, 1378718669, 1378718670, 1378718681, 1378761069, 1378864755]",41.211214628,-8.685815395999999,Matosinhos,MTS
8719,"[859079052, 1378718667, 1378718668, 1378718684, 1378761070, 1378761071]",41.213854760000004,-8.683367771999999,Matosinhos,MTS
8720,"[859079055, 1378761072, 1378761073, 1378761074]",41.213407186956516,-8.680632991304348,Matosinhos,MTS
8721,[859454120],41.236397063157895,-8.620786415789473,Maia,MAI
8722,"[859493986, 1119458911, 1119458912, 1119458913, 1119458914, 1119458915]",40.143829672727264,-8.86310576818182,Figueira da Foz,FIG
8723,"[859493997, 1119458916, 1119458917, 1119458918, 1119458920, 1119458921, 1119458922]",40.13510460909091,-8.859102318181819,Figueira da Foz,FIG
8724,[860935285],37.233069705000005,-7.4505992800000005,Castro Marim,CTM
8725,"[860954417, 1125263069, 1125263070, 1125263073]",39.32231574782609,-9.050793586956521,Caldas da Rainha,CLD
8726,[862145698],39.552678404545446,-8.769223413636364,Porto de Mós,PMS
8727,[862153288],39.543435077272726,-8.764863345454545,Porto de Mós,PMS
8728,[862741643],41.70847031333333,-7.494980139999999,Chaves,CHV
8729,[863168052],39.59636977894737,-8.827874331578949,Porto de Mós,PMS
8730,[863269697],38.66149564,-27.24480969,Angra do Heroísmo,AGH
8731,"[863537918, 1490521363, 1490521364, 1490521365, 1490521366, 1490521367, 1490521368, 1490521369]",40.931506258333336,-8.526454512499999,Santa Maria da Feira,VFR
8732,[863806857],39.54409764,-8.96909887,Alcobaça,ACB
8733,"[864496811, 1475933444]",40.84963139523809,-7.737434942857143,Vila Nova de Paiva,VNP
8734,"[864496888, 1455019976, 1455019977, 1455019980, 1455019993]",40.854472957894735,-7.733633852631578,Vila Nova de Paiva,VNP
8735,[864505843],39.5156539,-8.746783269999998,Porto de Mós,PMS
8736,"[864698504, 1475933420]",40.8430699,-7.730338671428572,Vila Nova de Paiva,VNP
8737,"[865201712, 865201713]",39.524416269565215,-8.789282647826088,Porto de Mós,PMS
8738,"[865746028, 1109159989, 1109159990, 1109159991]",39.77143149285714,-8.767513025,Leiria,LRA
8739,[865761084],39.492129678947364,-8.7520372,Porto de Mós,PMS
8740,[865992363],41.204542415789476,-8.539449726315791,Valongo,VLG
8741,[866241778],39.938131775,-7.50693441875,Castelo Branco,CTB
8742,[866476752],39.510257721052625,-8.869293247368422,Porto de Mós,PMS
8743,[866491954],39.50024403333333,-8.872170785714285,Porto de Mós,PMS
8744,[866575659],41.8070289047619,-8.423983357142859,Ponte da Barca,PTB
8745,[866627074],37.09134905555556,-8.234081283333332,Albufeira,ABF
8746,[866627622],37.092287825,-8.235914049999998,Albufeira,ABF
8747,"[867097141, 867149534, 943028558, 943028559]",39.90560339545455,-8.439002354545455,Ansião,ANS
8748,[867104388],38.003390586363636,-8.686399027272728,Santiago do Cacém,STC
8749,"[867113139, 867113144, 867113145]",39.82140948,-8.379630775,Alvaiázere,AVZ
8750,"[867149532, 943028560, 943028561, 1007144924]",39.91385627142857,-8.438785747619047,Ansião,ANS
8751,[870588356],39.75525466842105,-8.800839210526314,Leiria,LRA
8752,"[870743934, 1359078899, 1359078900, 1359113331, 1558379615]",40.99847594166666,-8.530602295833333,Santa Maria da Feira,VFR
8753,[870818480],40.97224367619047,-8.553410057142857,Santa Maria da Feira,VFR
8754,"[870922793, 1465710364, 1465710375, 1465710376, 1466081265, 1466081282]",40.7652984125,-8.063523754166667,São Pedro do Sul,SPS
8755,"[871480640, 954454597, 954454598, 954454599]",38.938673504166665,-8.165792291666667,Mora,MOR
8756,[871911525],40.364187605000005,-8.030815335,Tábua,TBU
8757,[872385973],41.146738404999994,-7.979977665,Baião,BAO
8758,"[872738563, 1012806926, 1012893177, 1012893178, 1278678659, 1278678660]",38.768833566666665,-9.2245375875,Amadora,AMD
8759,"[872840729, 1230414756, 1230414757, 1230414758]",39.78849209230769,-8.74883653076923,Leiria,LRA
8760,"[873087727, 1278673058, 1278673059, 1278673071, 1278678658, 1278678661]",38.76774962272728,-9.226434704545452,Amadora,AMD
8761,[873275470],39.47259220476191,-8.194403447619047,Abrantes,ABT
8762,"[874260473, 1315206545]",38.806102494444445,-9.282720333333334,Sintra,SNT
8763,[874708975],39.680478256,-8.142097891999999,Vila de Rei,VLR
8764,[874709001],39.920920942857144,-8.145469904761905,Pedrógão Grande,PGR
8765,"[875709709, 1016097010, 1016097011, 1016097024, 1016502412, 1024313805, 1024325759]",38.65077349545455,-9.189141718181817,Almada,ALM
8766,[875773788],41.323854497142854,-6.938612231428571,Alfândega da Fé,AFE
8767,[875773789],41.325999452941176,-6.938840285294118,Alfândega da Fé,AFE
8768,[875773802],41.327159099999996,-6.938951516666667,Alfândega da Fé,AFE
8769,[876352904],41.30168294400001,-7.157266140000001,Vila Flor,VFL
8770,[876352905],41.30029711836735,-7.158563651020408,Vila Flor,VFL
8771,"[877297422, 1531211430, 1531211431, 1531211448]",40.41270639565218,-8.125386104347827,Santa Comba Dão,SCD
8772,[877567582],41.27288723,-8.081368485,Amarante,AMT
8773,[877575054],41.27394126842105,-8.08225784736842,Amarante,AMT
8774,[877616194],37.156132375,-7.8894199249999994,São Brás de Alportel,SBA
8775,"[878005888, 1452821948, 1452821949, 1452821950, 1452821951, 1452821952, 1452821953, 1452821954, 1452821955, 1452821956]",40.853501191304346,-7.931054391304347,Castro Daire,CDR
8776,"[878005893, 1433731608, 1433731609, 1433731610, 1433731611, 1433731612, 1452382155, 1452382175]",40.90414698095238,-7.930900614285714,Castro Daire,CDR
8777,"[878005896, 1470216278, 1470216279, 1470216280, 1558080800, 1558080801]",40.910981832,-7.928437123999999,Castro Daire,CDR
8778,[878012356],41.323978909999994,-6.981268435,Alfândega da Fé,AFE
8779,[878427181],37.879343688235295,-8.159691288235294,Aljustrel,AJT
8780,[878432860],41.33059193636364,-7.436618454545456,Alijó,ALJ
8781,[878432861],41.32377201538461,-7.436794069230769,Alijó,ALJ
8782,"[878615637, 1290426446, 1350362644, 1350362646]",40.16354517222222,-8.860994333333334,Figueira da Foz,FIG
8783,"[878617562, 878617563, 1317255426, 1318898714]",38.80767410526316,-9.378030852631577,Sintra,SNT
8784,"[878650154, 931891271, 931891272]",38.78654484999999,-9.178838418181819,Odivelas,ODV
8785,[878660532],41.527806089473685,-7.993829015789472,Cabeceiras de Basto,CBC
8786,[878660535],41.52884376499999,-7.9951340250000005,Cabeceiras de Basto,CBC
8787,[878909738],41.303709141176476,-7.340970826470588,Carrazeda de Ansiães,CRZ
8788,[878909739],41.302737393939395,-7.342111987878789,Carrazeda de Ansiães,CRZ
8789,"[878954571, 878954572, 878954573, 878954574, 878954575, 878954576, 878954577, 878954578, 878954579]",38.965302788461535,-9.407967230769232,Mafra,MFR
8790,"[879574559, 984725771, 1297423921, 1297423922]",41.15591931904762,-7.777303004761906,Peso da Régua,PRG
8791,[880394263],39.02608694615384,-7.068394565384614,Campo Maior,CMR
8792,[880394266],39.01556232258066,-7.0737361258064535,Campo Maior,CMR
8793,"[880399067, 1349970664]",41.26919506486486,-6.755715032432433,Mogadouro,MGD
8794,"[880399070, 1349970663]",41.26743794193548,-6.7544262258064505,Mogadouro,MGD
8795,[880418962],41.42217755263158,-7.990810636842106,Celorico de Basto,CBT
8796,"[880422446, 1271720676, 1271952872]",41.250632771111114,-8.658748868888889,Maia,MAI
8797,[880691625],41.27692796842105,-8.322604163157896,Lousada,LOU
8798,"[880733175, 880733176, 880733177, 880733178]",39.05485957333333,-27.97038152,Santa Cruz da Graciosa,SCG
8799,"[880769157, 1268545515, 1472900911, 1472900912]",38.8493826047619,-7.5855250047619025,Estremoz,ETZ
8800,"[880769184, 880769185]",38.843330637037035,-7.586969159259259,Estremoz,ETZ
8801,"[881367496, 1300304542, 1300304551]",38.71081484736842,-9.344774357894737,Cascais,CSC
8802,[884424306],41.10355164166666,-8.161055383333332,Marco de Canaveses,MCN
8803,[884931325],41.183755764999994,-8.148096275,Marco de Canaveses,MCN
8804,"[885270850, 1305884514, 1305884541]",38.69168632105263,-9.305189589473683,Oeiras,OER
8805,[885832617],41.254241754545454,-8.25766436818182,Lousada,LOU
8806,"[886022841, 946664820]",39.66966000000001,-8.359966095454546,Tomar,TMR
8807,"[886225274, 1271043459]",38.747037230000004,-8.972301004999998,Alcochete,ACH
8808,[886334327],38.66291373333333,-9.161220041666667,Almada,ALM
8809,[887299509],41.535611826086964,-8.609997465217392,Barcelos,BCL
8810,[887605533],41.31121805,-8.113459349999998,Amarante,AMT
8811,[887687753],41.45537945,-8.01756625,Celorico de Basto,CBT
8812,[887842370],40.29249722631579,-7.5015810210526315,Covilhã,CVL
8813,[888738580],40.85853780666666,-7.728134173333332,Vila Nova de Paiva,VNP
8814,"[888738583, 1455019973, 1455019974, 1455019975, 1455019981]",40.8574948095238,-7.737052809523809,Vila Nova de Paiva,VNP
8815,[889285514],39.40883036842106,-9.255029321052632,Óbidos,OBD
8816,"[889396835, 1306914482, 1306914483, 1306914484, 1306914485]",41.274721985,-8.38818269,Paços de Ferreira,PFR
8817,"[889588717, 1020521820, 1020522581, 1020522582, 1020522583, 1020522584, 1020522585]",38.64142462777778,-9.057710822222221,Barreiro,BRR
8818,"[889795334, 985645580, 985645581]",38.88531245000001,-9.193396292857145,Loures,LRS
8819,[889961155],41.28607075000001,-8.229510981818182,Lousada,LOU
8820,[889961157],41.29473474736843,-8.220550073684212,Lousada,LOU
8821,[889963534],41.24961930869565,-8.185996452173914,Amarante,AMT
8822,[889963749],41.29473195,-8.23797701111111,Lousada,LOU
8823,[889963775],41.279582831578956,-8.260833136842104,Lousada,LOU
8824,[889963824],41.27049373333334,-8.223801538095238,Lousada,LOU
8825,[890137487],41.19843683636363,-7.790685854545455,Santa Marta de Penaguião,SMP
8826,[890822900],41.64149482307693,-8.777234415384614,Viana do Castelo,VCT
8827,[890822910],41.64162490454545,-8.76927686818182,Viana do Castelo,VCT
8828,[890964365],41.50446805384615,-7.800571084615385,Ribeira de Pena,RPN
8829,[891004971],41.35574534782609,-8.187969130434784,Felgueiras,FLG
8830,"[891081298, 891081310, 891081311, 891081312, 1020165032, 1355483474]",38.65230186190477,-9.012709619047618,Moita,MTA
8831,"[891351770, 1433731604]",40.900428812499996,-7.9290708937500005,Castro Daire,CDR
8832,"[891351777, 1433731601, 1433731602, 1433731623, 1433731624]",40.89896397368421,-7.924750963157895,Castro Daire,CDR
8833,[892496667],39.29288525909091,-7.65063283181818,Crato,CRT
8834,[892496668],39.29397304347825,-7.6516569304347835,Crato,CRT
8835,"[892712823, 896366257, 896366258, 896366259]",40.00559435,-8.205540008333333,Castanheira de Pêra,CPR
8836,"[892717697, 893704340, 893704341, 893704342]",39.995305373076924,-8.210500203846154,Castanheira de Pêra,CPR
8837,"[892718732, 892718733, 892718734, 892718735]",39.9103405409091,-8.273079836363635,Figueiró dos Vinhos,FVN
8838,"[894651834, 1383551660, 1383551661, 1383551662]",41.097125339130436,-7.806783413043479,Lamego,LMG
8839,"[894708428, 1303015902, 1303015903, 1303015904, 1335995389]",38.707866058823534,-9.26694497352941,Oeiras,OER
8840,"[894741673, 1550427177]",37.02414561875,-7.836167006249999,Olhão,OLH
8841,"[895010453, 1051441743, 1051441744]",40.010521652631574,-8.2069633,Castanheira de Pêra,CPR
8842,"[895493324, 1022617315]",39.10794428571428,-9.365991742857142,Torres Vedras,TVD
8843,[895611899],39.656166389473675,-8.570072131578947,Ourém,ORM
8844,"[895673786, 1513091260, 1513091261, 1513091262, 1513091263]",39.68489269545454,-8.88837971818182,Leiria,LRA
8845,"[895946916, 1467282914, 1467282915, 1467282916, 1467282917, 1467282918, 1467282919]",41.388879270833336,-8.751322341666667,Póvoa de Varzim,PVZ
8846,"[896307126, 1050793047, 1050793048, 1050793049]",39.603686760714275,-9.067384942857144,Nazaré,NZR
8847,"[897135463, 977415790, 977415791, 977415792, 977415793, 977415794]",39.69813486363636,-9.04703755,Alcobaça,ACB
8848,"[897664771, 1383554973, 1383554974, 1383554992]",41.08797969583333,-7.7980537583333325,Lamego,LMG
8849,[897784566],39.476826736842106,-8.49338664736842,Torres Novas,TNV
8850,"[898465829, 898474900, 898482863, 898482864]",38.760896633333324,-9.19749400952381,Lisboa,LSB
8851,"[899030708, 906392364]",39.906289254545456,-8.280345509090909,Figueiró dos Vinhos,FVN
8852,"[899066711, 900542106, 900542107, 900542108]",39.89869775454545,-8.272573,Figueiró dos Vinhos,FVN
8853,[899106644],41.51931247500001,-7.994849754999999,Cabeceiras de Basto,CBC
8854,[899267606],39.82199031363637,-8.3786632,Alvaiázere,AVZ
8855,[900516910],39.898542500000005,-8.27874963809524,Figueiró dos Vinhos,FVN
8856,"[901502863, 901502864, 901502865, 901502869]",38.761604160714285,-9.096246664285713,Lisboa,LSB
8857,[901688737],38.75500232,-27.126207117142854,Praia da Vitória,VPV
8858,[902062882],41.3446531368421,-6.692838210526315,Mogadouro,MGD
8859,"[902311363, 916015120, 916015121, 916015122]",39.913559659090915,-8.14861321818182,Pedrógão Grande,PGR
8860,[902357696],39.42068669642857,-7.711629557142857,Nisa,NIS
8861,"[902954152, 902954153, 902954154, 902954161, 1007608197, 1302043522, 1339145658, 1339145668]",38.781639623333334,-9.097061683333333,Lisboa,LSB
8862,"[902954164, 902954165, 902954166, 902954167, 902954170]",38.77493044333333,-9.095159599999999,Lisboa,LSB
8863,"[904775364, 1014174817, 1014174818, 1296437576]",41.165285983333334,-8.657723588888889,Porto,PRT
8864,"[904785369, 1465421343, 1465421344, 1539825305]",40.731423127272734,-8.174643450000001,Oliveira de Frades,OFR
8865,"[904887783, 1017562716, 1017562717, 1017562718, 1350719965]",41.29954623043478,-7.74703763478261,Vila Real,VRL
8866,[905174283],40.63635256551724,-7.351705868965517,Celorico da Beira,CLB
8867,[906607959],41.68826289999999,-7.672662747058824,Boticas,BTC
8868,[906607970],41.68743345,-7.668643770833332,Boticas,BTC
8869,[906714261],38.97753354736842,-8.803250121052633,Benavente,BNV
8870,[906856564],41.70761242105263,-8.825243452631579,Viana do Castelo,VCT
8871,[907490546],41.090887521875004,-7.679752965625,Armamar,AMM
8872,[907763865],40.56897742272727,-8.568899354545453,Aveiro,AVR
8873,"[907802405, 1301420885, 1301420924]",38.69058576842105,-9.352464636842106,Cascais,CSC
8874,[908417046],41.84278423333333,-7.6704994952380945,Montalegre,MTR
8875,[908463633],41.57742367142856,-8.287342578571428,Póvoa de Lanhoso,PVL
8876,[909105945],40.93838718695652,-8.401594569565217,Arouca,ARC
8877,[909309218],41.48949562777778,-7.98145328888889,Cabeceiras de Basto,CBC
8878,[909377794],40.64889834210526,-7.9130510473684215,Viseu,VIS
8879,"[909657591, 991056067, 991086900]",38.70069980625,-9.378064343750001,Cascais,CSC
8880,"[910127118, 1338719861, 1338719862, 1338867655, 1338867656]",40.64723770909091,-7.914159359090909,Viseu,VIS
8881,[910256926],39.88117205499999,-8.210426680000001,Pedrógão Grande,PGR
8882,"[910883744, 1456556813, 1456556814, 1456565630, 1456565631]",40.506741645000005,-7.899337600000001,Nelas,NLS
8883,[910946522],38.71482880526315,-9.35018677368421,Cascais,CSC
8884,[911024143],40.7321671904762,-8.173058404761903,Oliveira de Frades,OFR
8885,"[911024144, 1465421341, 1465421342]",40.732970705263156,-8.1752902,Oliveira de Frades,OFR
8886,"[911065059, 1539825306, 1539825307]",40.72763442105264,-8.175649773684214,Oliveira de Frades,OFR
8887,[912771048],38.93342247,-9.329816274999999,Mafra,MFR
8888,[913607860],40.87502906190476,-7.803260138095238,Vila Nova de Paiva,VNP
8889,"[913913195, 991328618, 991328619, 991328689, 992288552, 992292915]",38.73064749473684,-9.40486215263158,Cascais,CSC
8890,[914010172],40.9019452724138,-8.501641862068967,São João da Madeira,SJM
8891,[914739360],41.4885413,-8.675735191304348,Barcelos,BCL
8892,[914739369],41.49790574761905,-8.671454395238094,Barcelos,BCL
8893,[914753825],41.493844925000005,-8.665660425000002,Barcelos,BCL
8894,"[915275111, 1347278724]",39.59916278181819,-8.413421918181818,Tomar,TMR
8895,"[915447053, 1013054028, 1013054029, 1013054030, 1013054031, 1013054032, 1013054034, 1016953338]",41.189936912,-8.674643584,Matosinhos,MTS
8896,[915948236],37.0807869,-7.78550360625,Olhão,OLH
8897,[916391614],41.52377931000001,-8.651770425,Barcelos,BCL
8898,[916391621],41.523135735,-8.641661315,Barcelos,BCL
8899,[917480805],38.02479592272728,-7.860624290909092,Beja,BJA
8900,[917882844],37.82492294666667,-25.515083333333333,Ribeira Grande,RGR
8901,[918393564],37.07437289999999,-8.10585630952381,Loulé,LLE
8902,[918955258],37.7746625,-25.562214876000002,Lagoa,LAG
8903,"[919179673, 989354241, 989354242, 989354245]",41.24955266190476,-8.649647876190476,Maia,MAI
8904,[919319138],38.018266014285715,-7.860310749999998,Beja,BJA
8905,[919360953],38.0142834875,-7.8500935375,Beja,BJA
8906,[919605486],38.8121591263158,-9.16390464736842,Loures,LRS
8907,[919695233],39.591377771428576,-9.015179147619047,Nazaré,NZR
8908,"[921622416, 921622417, 921622418, 921622419, 921622421, 984666823, 1123877087, 1176949091]",32.83030390526316,-16.90797867894737,Santana,STN
8909,[923012720],40.468191642857136,-8.206348657142858,Mortágua,MRT
8910,[923015071],40.902559437499995,-8.4998216125,São João da Madeira,SJM
8911,[923015073],40.902475949999996,-8.49902492,São João da Madeira,SJM
8912,[923015076],40.89984812380953,-8.497088247619045,São João da Madeira,SJM
8913,"[924955091, 1068683867, 1068683868, 1069377105, 1069377106]",38.536077231034476,-8.86713653448276,Setúbal,STB
8914,"[924956372, 1025048527, 1025051230, 1025051231, 1068683879, 1069377094]",38.52486310606061,-8.894473496969697,Setúbal,STB
8915,[926407215],37.75280518947369,-25.67823754210526,Ponta Delgada,PDL
8916,[926407216],37.75365094090909,-25.675013445454542,Ponta Delgada,PDL
8917,[926797462],37.77260756896551,-25.651855231034485,Ponta Delgada,PDL
8918,[926797470],37.76868817307692,-25.652051323076925,Ponta Delgada,PDL
8919,"[926830145, 1088308675, 1088308676, 1088308686]",38.8394403,-9.372954573913045,Sintra,SNT
8920,"[926831907, 1031704040, 1053187607]",38.936854973684206,-9.33386117368421,Mafra,MFR
8921,[926857011],38.72350641111112,-9.158234072222221,Lisboa,LSB
8922,[927242013],41.564829515,-7.618020335,Vila Pouca de Aguiar,VPA
8923,[927781458],37.06035830526315,-8.028954736842104,Loulé,LLE
8924,[928722695],39.74194868888888,-8.8183754,Leiria,LRA
8925,"[928748559, 1530393272, 1530393273, 1530393274]",41.656277872000004,-8.807314728,Viana do Castelo,VCT
8926,[929033111],41.53789060526316,-8.493408615789475,Braga,BRG
8927,"[929074030, 1530393275, 1530393276, 1530393277, 1530393278, 1530393279, 1530393280, 1530393281]",41.666799575,-8.809558125,Viana do Castelo,VCT
8928,"[930223975, 1353378518, 1353378519, 1353378520, 1353378521, 1353378522]",41.23116702857143,-8.63109024761905,Maia,MAI
8929,"[930616739, 1120757254, 1120757255, 1120757257, 1120757258]",41.18377967599999,-8.668144572,Matosinhos,MTS
8930,[931729554],37.11653131578947,-8.020712768421053,Loulé,LLE
8931,"[932361763, 1465689068, 1465689069, 1465689073]",37.022225336,-7.975868203999999,Faro,FAR
8932,[932361775],37.02921632380952,-7.974706833333334,Faro,FAR
8933,[932408661],38.01219533235294,-8.708364252941175,Santiago do Cacém,STC
8934,[932667915],41.7177533047619,-8.305422442857141,Terras de Bouro,TBR
8935,"[932964569, 1315595150]",38.78813056,-9.3409826,Sintra,SNT
8936,"[934295512, 1134192798, 1134192799, 1134192802]",38.609524185000005,-9.188124805,Almada,ALM
8937,"[935049316, 1349836794]",41.73925269090909,-7.16178114090909,Vinhais,VNH
8938,[935656212],39.72124637894737,-8.302142278947368,Ferreira do Zêzere,FZZ
8939,"[935657091, 936212847, 936212848, 936212849]",39.73268323809524,-8.304090404761906,Ferreira do Zêzere,FZZ
8940,"[935657381, 936212844, 936212845, 936212846]",39.74315367727272,-8.306894881818183,Ferreira do Zêzere,FZZ
8941,"[936497531, 1013950124, 1013950128, 1025048516, 1025048517, 1349583620]",38.53232765263157,-8.892456836842106,Setúbal,STB
8942,"[937416611, 937416612, 937416614, 970344992, 1009487215, 1009487216, 1319905787, 1339286255]",38.7935425877193,-9.168502140350876,Odivelas,ODV
8943,[937903268],38.93073165789473,-7.574639294736842,Estremoz,ETZ
8944,[937909107],40.724292686666665,-8.184115799999999,Oliveira de Frades,OFR
8945,[938156474],38.95308205,-7.674001060000002,Sousel,SSL
8946,"[939109628, 939109629, 939109630, 939109632, 1312432766, 1312432767, 1312446720, 1312446721]",40.640679978571434,-8.635801410714285,Aveiro,AVR
8947,[939742671],40.023980911428566,-8.820518988571429,Figueira da Foz,FIG
8948,"[939751041, 1230412596, 1230412597, 1230412598]",40.09028342083334,-8.8541602,Figueira da Foz,FIG
8949,[939751052],40.12181911904762,-8.853273371428571,Figueira da Foz,FIG
8950,[940782671],41.68537728571429,-8.817930603571428,Viana do Castelo,VCT
8951,"[940782684, 1530393282, 1530393283, 1530393284, 1530393285, 1530393286]",41.67437516333334,-8.812761716666667,Viana do Castelo,VCT
8952,"[940782685, 1530393287, 1530393288, 1530393289, 1530393290, 1530393291]",41.674440160869565,-8.811820791304347,Viana do Castelo,VCT
8953,"[940865931, 940865933, 940865934, 940865935, 940865936, 1335852067]",38.857173812,-9.069621196,Vila Franca de Xira,VFX
8954,"[940876347, 940876348, 940876349, 940876355, 1299364529, 1299364545]",38.699479305000004,-9.231369255,Oeiras,OER
8955,[941493305],41.327717242105265,-8.612104794736844,Trofa,TRF
8956,[941555939],40.051902147999996,-8.865075316,Figueira da Foz,FIG
8957,[941555948],40.059470704347824,-8.8687905,Figueira da Foz,FIG
8958,"[942903077, 942903084]",38.0186565625,-7.86882863125,Beja,BJA
8959,"[944583859, 1322130232]",36.95872875789474,-25.15212782631579,Vila do Porto,VPT
8960,"[944828427, 944828428, 944828429, 944828430, 944828432, 1524045560]",37.016321215384615,-7.935191965384615,Faro,FAR
8961,[945233174],37.07285326190476,-8.049237852380951,Loulé,LLE
8962,"[945611392, 1009285824, 1009285825, 1009285826, 1009285827, 1009285828]",41.1911667952381,-8.629174623809524,Matosinhos,MTS
8963,[945816726],38.95106976842106,-8.827456736842105,Benavente,BNV
8964,[945831625],38.931162619999995,-8.849270120000002,Benavente,BNV
8965,"[946011611, 946011613]",40.9114538,-8.485126542857142,São João da Madeira,SJM
8966,[951467106],40.880354104761906,-8.564751128571427,Santa Maria da Feira,VFR
8967,[952472287],40.92283636,-8.517539930000002,Santa Maria da Feira,VFR
8968,[954851742],41.443903895,-8.53088069,Vila Nova de Famalicão,VNF
8969,"[956031433, 1557882775, 1557882776]",41.179783452173915,-8.693615243478263,Matosinhos,MTS
8970,"[956152211, 1326187890]",38.7872271047619,-9.2201722,Odivelas,ODV
8971,"[956193838, 1132447131]",40.527256771428576,-7.279577342857142,Guarda,GRD
8972,"[956672117, 1311104240, 1311104241, 1311303832, 1322314881]",41.27778736190477,-8.284435395238097,Lousada,LOU
8973,[957070731],41.440259444999995,-8.494521259999999,Vila Nova de Famalicão,VNF
8974,"[957611194, 1006957279, 1006963516, 1014174815, 1014174816]",41.16137955263157,-8.667275910526318,Porto,PRT
8975,[957856142],41.80722916842105,-8.861981300000002,Caminha,CMN
8976,[958125265],41.43678439,-8.53868907,Vila Nova de Famalicão,VNF
8977,[959702166],41.453672644444445,-8.500063872222222,Vila Nova de Famalicão,VNF
8978,"[961034087, 961034088, 961034089, 961034090, 961034095, 1017121220, 1284180954]",41.176652265,-8.611791210000002,Porto,PRT
8979,[961663956],38.75529569230769,-9.208990834615385,Amadora,AMD
8980,[962375992],40.76162684285715,-8.573867109523812,Estarreja,ETR
8981,"[962749740, 1359124824, 1359124825, 1359124826]",40.988357804761904,-8.537440885714286,Santa Maria da Feira,VFR
8982,[963705876],39.24835039,-8.590160739999998,Alpiarça,APC
8983,[964001204],37.08350060625,-7.791004956249999,Olhão,OLH
8984,[964724829],41.760049349999996,-8.582115530000001,Ponte de Lima,PTL
8985,[965085563],39.76684002105262,-9.004233157894737,Marinha Grande,MGR
8986,"[965106167, 965106168, 979671473, 979671474, 1236135839, 1236135845]",39.587353916666665,-9.015166270833333,Nazaré,NZR
8987,"[965587622, 1190850082, 1190850083, 1190850084, 1190850085, 1190850086, 1190850087]",41.44026352758621,-8.332445034482758,Guimarães,GMR
8988,"[965657286, 991280457, 991280458, 991280482, 991280483]",38.698569615,-9.434795175000001,Cascais,CSC
8989,"[965863716, 1498280956, 1498280957, 1498280975, 1498611653, 1498611662]",41.400168321052625,-8.52317252631579,Vila Nova de Famalicão,VNF
8990,"[966035113, 1411828256, 1411828257, 1411828258, 1411828259, 1411828260, 1411828261, 1411828262]",41.239495414285706,-8.656233814285715,Maia,MAI
8991,[967770694],41.42311021578947,-8.534402084210527,Vila Nova de Famalicão,VNF
8992,"[967963881, 1418316353, 1418316354, 1418316355, 1418316356]",41.53701122714285,-8.623278317142857,Barcelos,BCL
8993,[968887618],39.4151426263158,-9.233630352631579,Óbidos,OBD
8994,[968904313],39.413453221052634,-9.238022694736841,Óbidos,OBD
8995,[968930429],39.414910984210536,-9.236386784210527,Óbidos,OBD
8996,"[969251755, 1290521129, 1339286264, 1339286265, 1410869069]",38.815836746774195,-9.185590758064516,Loures,LRS
8997,"[969263701, 1007901940, 1007904025, 1007904026, 1338290668, 1338290669, 1338290673, 1338290674]",38.80436849500001,-9.186367361666667,Odivelas,ODV
8998,"[969839387, 974559122, 974559123, 974559126, 974559127, 974559130, 974559131, 974559132]",32.80881295416666,-17.239805945833332,Calheta,CLT
8999,[970695456],38.69789583947369,-9.229251960526318,Oeiras,OER
9000,[970938123],38.86983357272727,-9.085209904545453,Vila Franca de Xira,VFX
9001,"[970946935, 1001267301, 1001267302, 1001267303]",38.86612886666667,-9.095491340740741,Vila Franca de Xira,VFX
9002,"[971169466, 971169469, 1387794669, 1387794670]",39.736726000000004,-8.794116670833333,Leiria,LRA
9003,"[971374636, 1162650414]",37.935535665,-7.591238625000001,Serpa,SRP
9004,[971657966],37.13822207916667,-8.028336495833333,Loulé,LLE
9005,[973060684],38.5964527,-9.052195557142856,Seixal,SXL
9006,"[974694755, 1378669120, 1378669121]",37.18125818947368,-7.498152736842105,Castro Marim,CTM
9007,[976078153],39.24291771111111,-9.335976955555557,Lourinhã,LNH
9008,[977009151],41.16162097826088,-8.646344352173912,Porto,PRT
9009,"[977984525, 977984526, 977984527, 977984528, 977984529, 1424429594]",32.65857462105262,-16.825611484210526,Santa Cruz,SCR
9010,"[979718347, 996165600, 996165601, 996165602, 1070323189, 1070323195]",39.569638114285716,-8.987101967857143,Alcobaça,ACB
9011,[980092768],41.53522277692308,-7.7889874038461535,Ribeira de Pena,RPN
9012,[980612330],41.476530815000004,-8.34170906,Guimarães,GMR
9013,"[980728796, 980728802, 991056063, 991056064, 991086902, 1298845988]",38.704407486363635,-9.380546613636362,Cascais,CSC
9014,[980751706],38.555225526315795,-9.086341805263158,Sesimbra,SSB
9015,"[980751711, 1016746075, 1016753830, 1016753831, 1080804409, 1080804434]",38.555624857894735,-9.086999357894735,Seixal,SXL
9016,"[980999027, 1166233319, 1166233320, 1166233321]",41.30825948,-7.7584730550000005,Vila Real,VRL
9017,[981316391],39.157832205,-8.788827455,Cartaxo,CTX
9018,"[981460134, 981461891, 981461892, 1308324441, 1308324442, 1308324443, 1308324444]",38.92015420999999,-8.877229115,Benavente,BNV
9019,"[981460136, 981460145, 981460146, 981460147, 981460148, 1308324446, 1308324447]",38.912759375,-8.85433393,Benavente,BNV
9020,[981461898],38.92159724,-8.881669454999999,Benavente,BNV
9021,"[983735823, 984723946, 984723947, 984723948, 984723949, 1235860123, 1340379971]",38.86304191304348,-9.103060665217393,Vila Franca de Xira,VFX
9022,[984982537],40.48075224347826,-8.428216586956522,Anadia,AND
9023,"[985817149, 985817156, 985817157, 985817158, 1001267305, 1225507937]",38.86666465625,-9.09612225625,Vila Franca de Xira,VFX
9024,[986116044],41.05311302380952,-8.635017423809524,Vila Nova de Gaia,VNG
9025,[986482926],40.50955213636364,-8.43202865,Águeda,AGD
9026,[986642305],39.90953165185184,-7.45942792962963,Castelo Branco,CTB
9027,[986846029],41.20435390454545,-8.27659159090909,Penafiel,PNF
9028,[986848031],41.181845595238094,-8.306901204761903,Penafiel,PNF
9029,[987049936],41.262918424999995,-7.577927745000001,Sabrosa,SBR
9030,"[987237586, 1271342125, 1271342126, 1271342127, 1329774869, 1329774878]",38.56253968421053,-9.07378685263158,Seixal,SXL
9031,"[987692379, 1016428783, 1016430176, 1016430177, 1079348380, 1301608917]",38.61118372272727,-9.17885359090909,Almada,ALM
9032,[987731258],41.751439455,-8.697280414999998,Viana do Castelo,VCT
9033,[987804011],40.23395165238096,-8.673112623809525,Montemor-o-Velho,MMV
9034,[987813486],40.576180269999995,-8.578782775,Aveiro,AVR
9035,[988982712],41.3932852263158,-8.310767799999999,Vizela,VIZ
9036,[989357193],41.38827366666667,-8.262829295238095,Vizela,VIZ
9037,[990175757],37.08152915,-8.91379595,Vila do Bispo,VBP
9038,[990280117],37.19206856315789,-7.420362452631578,Vila Real de Santo António,VRS
9039,"[991033455, 991033456, 991033461, 991033462]",38.69623803636364,-9.368441613636362,Cascais,CSC
9040,"[991033457, 991033458, 991033459, 991033460]",38.69571151428571,-9.366748610714286,Cascais,CSC
9041,"[991033463, 991033464, 991033465, 991033470, 991086896]",38.695490736,-9.364911560000001,Cascais,CSC
9042,"[991056052, 991056053, 991086904, 991086905, 1299855445, 1299855454]",38.70472975,-9.386567745833334,Cascais,CSC
9043,"[991056085, 991056087, 991086897, 991086898]",38.69710898333334,-9.372256488888889,Cascais,CSC
9044,"[991086921, 991086925, 991328616, 991328617, 991328690, 991368558, 991368559, 991372693]",38.73315875652174,-9.397079486956523,Cascais,CSC
9045,"[991102998, 991103007, 992270056, 992270057, 1299864396, 1299864398]",38.731184161111116,-9.439851522222222,Cascais,CSC
9046,[991103027],38.701507328571424,-9.420115735714285,Cascais,CSC
9047,[991112106],37.111557871428566,-8.434138333333332,Lagoa,LGA
9048,[991169460],37.92006762941177,-8.132769829411766,Aljustrel,AJT
9049,"[991348929, 991348938, 1298857428, 1298857429]",38.70437426,-9.44898065,Cascais,CSC
9050,"[991348939, 991348944, 1298857426, 1298857427]",38.70593190000001,-9.453362328571428,Cascais,CSC
9051,"[991368485, 991368491, 992275618, 992275619, 992298823, 1275025323]",38.71072611818182,-9.417931990909091,Cascais,CSC
9052,"[991368513, 991368523, 991372708, 991372709, 992275617, 992298824]",38.71496714137931,-9.4175584,Cascais,CSC
9053,"[991368557, 991372695, 992531323, 1236557733]",38.741539,-9.393524784210523,Cascais,CSC
9054,"[991368572, 991390997, 992082253, 992082254]",38.710233834782606,-9.39945783478261,Cascais,CSC
9055,"[991372713, 991372722]",38.70829616818182,-9.415954695454545,Cascais,CSC
9056,"[991372723, 991372730, 992086268, 992086269]",38.703499538888885,-9.41910933888889,Cascais,CSC
9057,"[991390985, 991390988, 1298838750]",38.71760780625,-9.410131437499999,Cascais,CSC
9058,[992082274],38.7140466,-9.411275794736843,Cascais,CSC
9059,"[992266166, 1125040633]",38.71896165454545,-9.441369104545453,Cascais,CSC
9060,"[992642293, 1235323352, 1235323353, 1235323354, 1346042567, 1346042572]",38.97634116190476,-8.979230419047619,Vila Franca de Xira,VFX
9061,"[993521396, 1431384597, 1431384598, 1431805633, 1431805634, 1467636063, 1467650129]",41.01436537391304,-8.633478178260868,Espinho,ESP
9062,"[993685939, 1232478033]",37.77834884285715,-25.731277104761904,Ponta Delgada,PDL
9063,[993695185],39.33921126818182,-8.92898528181818,Rio Maior,RMR
9064,"[993788705, 1415581427]",38.71520183333333,-9.286789628571428,Oeiras,OER
9065,"[993794920, 1275080059, 1275080060, 1275080098]",38.72710309642857,-9.338088164285713,Cascais,CSC
9066,"[993794929, 993794932, 1275080029, 1275080058, 1275080099, 1275080100]",38.72788685,-9.33531547142857,Cascais,CSC
9067,"[993798659, 1275417663, 1275417664, 1275417716, 1307128037, 1307128058]",38.77868958333333,-9.341785016666668,Sintra,SNT
9068,"[993805340, 993805341, 993805342, 993805343, 993805346, 993805349]",38.78729099545455,-9.14963123636364,Lisboa,LSB
9069,"[993805983, 993805984, 993805985, 993805986, 993805987, 993805994]",38.78802494,-9.145257249999998,Lisboa,LSB
9070,[993984511],38.78239317083333,-9.145172070833333,Lisboa,LSB
9071,[994109038],40.61626251,-8.434757845,Águeda,AGD
9072,"[994845990, 1499595394]",41.46289742380952,-8.546228952380952,Vila Nova de Famalicão,VNF
9073,[995273510],41.393056685714285,-7.987601685714284,Celorico de Basto,CBT
9074,[995439143],40.45504754761905,-8.550252004761907,Anadia,AND
9075,"[995801129, 1546505887]",40.89725965625,-7.60071545,Sernancelhe,SRN
9076,"[995801133, 1546004938, 1546004939]",40.89676518095238,-7.4965063333333335,Sernancelhe,SRN
9077,"[996001243, 1546004947, 1546004948, 1546004958]",40.90124159047619,-7.47900876190476,Sernancelhe,SRN
9078,[996096971],40.349970066666664,-8.699845177777776,Cantanhede,CNT
9079,"[996656513, 1498254402, 1498270112, 1498270116, 1498270117]",41.406738442105265,-8.525669547368421,Vila Nova de Famalicão,VNF
9080,"[996675815, 996675816, 996675845, 996675853, 1341571218]",38.70371755000001,-9.323315631818183,Cascais,CSC
9081,"[996675817, 996675836]",38.707264516666655,-9.327028466666667,Cascais,CSC
9082,"[996675819, 996675820, 996675834, 996675835, 1299887273, 1300288199, 1300288202, 1300398838, 1300398846]",38.71099417647059,-9.3299768,Cascais,CSC
9083,"[996675829, 1299839079, 1300288205]",38.730962295,-9.323570794999998,Cascais,CSC
9084,"[996675857, 996675858, 1275080071, 1275080092, 1301420897, 1301420899]",38.699348535999995,-9.335622176,Cascais,CSC
9085,[997815084],40.622284519047625,-8.499361747619046,Albergaria-a-Velha,ALB
9086,[997996254],41.46860458695652,-8.276519230434783,Guimarães,GMR
9087,[997996263],41.46020855,-8.288614272727274,Guimarães,GMR
9088,[998402037],38.019040537500004,-8.69353689375,Santiago do Cacém,STC
9089,"[998780432, 1553434529, 1553434530, 1553434534, 1553434535]",40.890168342857145,-7.749994847619048,Vila Nova de Paiva,VNP
9090,"[998780438, 1553434522, 1553434523, 1553434536]",40.895527287499995,-7.7422833625,Vila Nova de Paiva,VNP
9091,"[999035424, 1322719117, 1322719118]",41.319758835,-8.497170640000002,Santo Tirso,STS
9092,"[1000897133, 1000897141, 1000897142, 1000897143]",39.670516288888884,-8.994781377777777,Alcobaça,ACB
9093,[1003478580],41.18620542222222,-8.26199571111111,Penafiel,PNF
9094,"[1004790708, 1456556771, 1456556772, 1456556777, 1456556828, 1456556829]",40.52886038888889,-7.853219433333333,Nelas,NLS
9095,[1004877790],38.75057199285714,-9.150282285714285,Lisboa,LSB
9096,[1004877795],38.7490079625,-9.14928368125,Lisboa,LSB
9097,[1005996067],37.74624711,-25.641717059999998,Ponta Delgada,PDL
9098,"[1006893044, 1006893045, 1006893047, 1006893075, 1042464482, 1230013771]",38.73868795,-9.21089563888889,Amadora,AMD
9099,"[1006893048, 1006893049, 1006893050, 1006893080, 1042464481, 1230013772]",38.736521125,-9.212132219999999,Amadora,AMD
9100,"[1006893055, 1006893056, 1006893057, 1006893062]",38.73770724375,-9.20819661875,Amadora,AMD
9101,[1007466685],41.178796757142855,-8.296654285714286,Penafiel,PNF
9102,"[1007505472, 1230042070, 1278892997, 1278892998, 1284514599]",38.723393052380956,-9.225269399999998,Oeiras,OER
9103,"[1007760876, 1291072731, 1292176545, 1292176546]",38.893025972727266,-9.035325731818183,Vila Franca de Xira,VFX
9104,[1007819618],38.6324952625,-8.9736684,Palmela,PLM
9105,"[1007901911, 1007901919, 1007904035, 1007904036]",38.79502357,-9.18685806,Odivelas,ODV
9106,"[1007943308, 1007943311, 1008003950, 1009398474, 1009398475, 1009399757]",38.800223938461535,-9.205024057692306,Odivelas,ODV
9107,"[1007943318, 1007943323, 1008003945, 1008003946]",38.79653200384615,-9.196292680769231,Odivelas,ODV
9108,"[1007943327, 1007943328, 1008003939, 1008003940, 1008781340, 1008781341, 1008788463, 1008788464]",38.78620675925926,-9.19334042962963,Odivelas,ODV
9109,"[1008764860, 1008764869, 1008765841, 1008765842]",38.78371696666667,-9.1848595125,Odivelas,ODV
9110,"[1008958414, 1193665905, 1289448833, 1329615046, 1329615047, 1329615049, 1329615051, 1337179135, 1338290666, 1338290667, 1338290675, 1339697048]",38.806947720000004,-9.1874639325,Odivelas,ODV
9111,[1010084363],40.23880124615384,-8.439093823076924,Coimbra,CBR
9112,[1010094524],40.20091640555556,-8.40752727777778,Coimbra,CBR
9113,[1010222538],40.17685021428571,-8.67927241142857,Montemor-o-Velho,MMV
9114,"[1010721889, 1425673656, 1425673657, 1425673658, 1507159357, 1507159359]",40.671232260869566,-7.88812067826087,Viseu,VIS
9115,"[1011687303, 1114716028, 1114722723, 1236557728]",38.79879137142858,-9.387806904761906,Sintra,SNT
9116,[1011732019],40.1545816631579,-8.858749010526315,Figueira da Foz,FIG
9117,[1011917544],37.10609337619048,-8.363127719047618,Silves,SLV
9118,[1013367164],38.794891820000004,-9.189747440000001,Odivelas,ODV
9119,"[1013368926, 1013368929, 1013380722, 1081620228]",38.671039827777776,-9.165642172222224,Almada,ALM
9120,"[1013368930, 1013368955, 1013380720, 1013380721, 1013583327, 1013586004, 1013586005]",38.67168075,-9.160463464285714,Almada,ALM
9121,"[1013368931, 1013368963, 1330534557]",38.677459725000006,-9.15377269,Almada,ALM
9122,"[1013379305, 1013379306, 1013380727, 1013380728, 1091132411, 1236285907]",38.67262705625,-9.174306237500002,Almada,ALM
9123,"[1013414770, 1013414787, 1013807095]",38.65156387647058,-9.159966699999998,Almada,ALM
9124,"[1013414771, 1272541753]",38.65306448333334,-9.16687119,Almada,ALM
9125,"[1013414824, 1013414829, 1084460211, 1084460215, 1330534558, 1330534560]",38.67313690833333,-9.1547356,Almada,ALM
9126,"[1013434960, 1013434961, 1013435000, 1013435002, 1023415688]",38.659801390625,-9.2027779875,Almada,ALM
9127,"[1013434965, 1013434966, 1013434967, 1013434989, 1013434998, 1016097019, 1081607276, 1081610187, 1329774901]",38.64761955517242,-9.202234568965517,Almada,ALM
9128,"[1013435021, 1412214840, 1412214841, 1450890701]",38.67476301052631,-9.16797017368421,Almada,ALM
9129,"[1013437858, 1013437859, 1013437860, 1013437862, 1013437863, 1013437873]",38.73629721111111,-9.201269185185184,Lisboa,LSB
9130,"[1013439251, 1013439252, 1013439253, 1013439264]",38.71814570869565,-9.199132952173912,Lisboa,LSB
9131,"[1013441775, 1013441793, 1013574673, 1013574674, 1081304963, 1081306177]",38.66781437727273,-9.162272704545455,Almada,ALM
9132,"[1013586006, 1013586007, 1023425592, 1081620227]",38.674667427777784,-9.162055222222222,Almada,ALM
9133,"[1013617409, 1013619154, 1278651957, 1278651958]",38.62024583478261,-9.087817291304347,Seixal,SXL
9134,"[1013617411, 1013617417, 1013619151, 1013619152, 1017819744, 1018230758]",38.618696305,-9.10288245,Seixal,SXL
9135,"[1013617418, 1013617420, 1013619149, 1013619150, 1020526194, 1020526197, 1090881986, 1235476425]",38.618534187499996,-9.105542408333333,Seixal,SXL
9136,"[1013617421, 1013617426, 1013619147, 1013619148, 1016746082, 1016753822]",38.61563532916667,-9.1098663375,Seixal,SXL
9137,"[1013617427, 1013617428, 1016746083, 1016753821, 1017664726]",38.61899663571428,-9.115173521428572,Seixal,SXL
9138,"[1013617429, 1013617430, 1013619145, 1013619146, 1235476426, 1379393320, 1379393325, 1393269773]",38.62171827142858,-9.110353232142858,Seixal,SXL
9139,"[1013617434, 1013617435, 1017648504, 1550139333]",38.63012594761905,-9.11794100952381,Seixal,SXL
9140,"[1013619131, 1013619132, 1013619133, 1013619140, 1016159797, 1016161670, 1016428797, 1016430164]",38.639992021428576,-9.150150549999998,Seixal,SXL
9141,"[1014094209, 1049958190, 1051963347, 1125145310]",38.72638432272727,-9.412106627272728,Cascais,CSC
9142,"[1014108345, 1051963348]",38.71277368095239,-9.404909866666667,Cascais,CSC
9143,[1014418519],41.793146705,-6.782127605000001,Bragança,BGC
9144,[1014418542],41.782780466666665,-6.7831534611111115,Bragança,BGC
9145,"[1015405018, 1348736892, 1348736893, 1349107277, 1349107278]",40.64290283478261,-7.898266617391304,Viseu,VIS
9146,"[1016038991, 1016038992, 1016039053, 1016039055, 1016097012, 1016097021, 1016502411, 1016504212]",38.646742424137926,-9.199066851724139,Almada,ALM
9147,"[1016039000, 1016039037]",38.572267100000005,-9.195131988888889,Almada,ALM
9148,[1016039028],38.5666887375,-9.19275326875,Almada,ALM
9149,"[1016239735, 1016239753, 1016239754, 1016239755, 1016239756, 1016239757]",41.31236258421053,-7.764774500000001,Vila Real,VRL
9150,"[1016423319, 1016423324, 1016423896, 1016423897, 1312927844, 1329521734]",38.60058925,-9.177913205,Almada,ALM
9151,"[1016746065, 1370864193]",38.55910129166667,-9.0555754125,Seixal,SXL
9152,"[1016746071, 1016746074, 1460158816]",38.54922774166667,-9.063957345833332,Seixal,SXL
9153,"[1016746078, 1016746080]",38.581345983333335,-9.097300372222222,Seixal,SXL
9154,"[1016753835, 1368506070, 1368506071, 1368506072]",38.547331699999994,-9.066893406666669,Seixal,SXL
9155,"[1016753854, 1016753855, 1016753858]",38.56432277142857,-9.03728668095238,Sesimbra,SSB
9156,"[1016835599, 1016835600, 1016835617, 1016835618, 1023415686, 1023415691]",38.6635141275,-9.191146849999999,Almada,ALM
9157,"[1016953330, 1016953333, 1016953334, 1016953335, 1016953336, 1016953337]",41.18635156111112,-8.678065516666669,Matosinhos,MTS
9158,"[1016994273, 1378864756, 1378864757]",41.21834035714286,-8.674525609523808,Matosinhos,MTS
9159,"[1016994293, 1378761065, 1378761066, 1378761067, 1378761068]",41.22336145,-8.684052970833333,Matosinhos,MTS
9160,"[1017362952, 1356436344, 1356436345, 1356436363]",38.59540352916667,-8.983183783333333,Palmela,PLM
9161,"[1017362964, 1356436346, 1356436347, 1356436361, 1356436362]",38.59592077083333,-8.979759516666666,Palmela,PLM
9162,"[1017605583, 1356436342, 1356436343, 1356436350, 1356436358, 1356436359, 1356436364, 1356436365]",38.5944682,-8.989061373333332,Palmela,PLM
9163,"[1017605619, 1356436340, 1356436341, 1356436366, 1356436367]",38.58557871600001,-8.971790368,Palmela,PLM
9164,[1017819719],38.611963284615385,-9.101166607692308,Seixal,SXL
9165,"[1017819728, 1017819729, 1017819730, 1017819743]",38.616887545000004,-9.09842463,Seixal,SXL
9166,"[1017819746, 1017819747, 1017819760, 1017819761, 1020521831, 1020525458]",38.62633404,-9.083518065,Seixal,SXL
9167,"[1017819762, 1017819764, 1018230757]",38.62087225263158,-9.098961026315788,Seixal,SXL
9168,[1018249545],38.599436195,-9.09413717,Seixal,SXL
9169,"[1018287649, 1018287656, 1018349542, 1018349543, 1020521829, 1020521830, 1020525459]",38.608003144444446,-9.073697074074074,Seixal,SXL
9170,"[1019420800, 1019420801, 1381806279]",38.5593380875,-9.03787554375,Sesimbra,SSB
9171,"[1019610544, 1019610545, 1019614459, 1019614460]",38.74511255769231,-8.971750792307692,Alcochete,ACH
9172,"[1019610549, 1019610550, 1019614455, 1019614456, 1271043466, 1271059600, 1271059603]",38.749237396153845,-8.963599184615383,Alcochete,ACH
9173,[1019797616],38.709913288888885,-8.897490838888888,Alcochete,ACH
9174,[1019797628],38.70685953809524,-8.927720733333333,Montijo,MTJ
9175,"[1020151989, 1020151997, 1020165029, 1020165030, 1375841116, 1375841117, 1375841119, 1375841120]",38.65647237857143,-9.059560785714284,Barreiro,BRR
9176,"[1020151990, 1020152007, 1020165027, 1020165028, 1375870529, 1375870537]",38.655474766666664,-9.064444850000001,Barreiro,BRR
9177,"[1020152008, 1020152013, 1020165025, 1020165026, 1024730740, 1236540535]",38.65124072272727,-9.07084048181818,Barreiro,BRR
9178,[1020155774],38.656038599999995,-9.058926211111112,Barreiro,BRR
9179,"[1020158970, 1298894691, 1302230160]",38.65704696111111,-8.995606483333335,Moita,MTA
9180,[1020311389],38.54154511000001,-7.910114309999999,Évora,EVR
9181,[1020311390],38.54478257,-7.907045216666666,Évora,EVR
9182,"[1020360185, 1020360186, 1020360204, 1020360208, 1330475069, 1330475071]",38.654800075000004,-9.047653604166667,Barreiro,BRR
9183,"[1021506274, 1021506275, 1021506278]",38.72428924242424,-9.193701927272727,Lisboa,LSB
9184,[1021654939],40.901417800000004,-8.421887569999999,Oliveira de Azeméis,OAZ
9185,[1022338766],40.905147818181824,-8.49982440909091,São João da Madeira,SJM
9186,[1022338768],40.90552009523809,-8.499367647619048,São João da Madeira,SJM
9187,"[1023043460, 1023043468, 1023043469, 1023043470, 1023043471, 1023043472]",41.63367986315789,-8.59408277368421,Barcelos,BCL
9188,[1023656999],38.65877052105264,-9.053605584210526,Barreiro,BRR
9189,"[1023657007, 1330475070]",38.65546434736842,-9.051726078947368,Barreiro,BRR
9190,[1024637802],38.73031927368421,-27.065791378947367,Praia da Vitória,VPV
9191,"[1024716590, 1024716591, 1024716592, 1024716593]",38.6352442375,-9.152105770833332,Seixal,SXL
9192,"[1024716596, 1230044008, 1230044009]",38.634892647826085,-9.152563273913042,Seixal,SXL
9193,"[1024716598, 1024716599, 1409824651]",38.636344823076925,-9.16315306923077,Seixal,SXL
9194,"[1024716600, 1024716601]",38.63932586190476,-9.161464233333334,Seixal,SXL
9195,"[1024730742, 1024730744, 1236540530, 1375841124]",38.64246208695653,-9.052756417391304,Barreiro,BRR
9196,"[1024730747, 1024730758, 1083722975, 1083722976]",38.65746247619048,-9.07100068095238,Barreiro,BRR
9197,"[1025048510, 1025048511, 1025048515]",38.53952576818182,-8.889770422727274,Setúbal,STB
9198,"[1025521716, 1027263961, 1027263963, 1134192803, 1134192804, 1134192806, 1134192807]",38.629747800000004,-9.198857085,Almada,ALM
9199,[1025691225],38.648716863157894,-7.5479294,Redondo,RDD
9200,[1025817538],40.210177936363635,-7.5286115681818195,Covilhã,CVL
9201,[1026125139],38.6239444,-9.069987138095238,Seixal,SXL
9202,"[1026954988, 1096131415, 1096131416, 1096131417, 1096131418, 1096131419, 1096131420, 1096131421, 1124897430]",38.847868000000005,-9.16225828095238,Loures,LRS
9203,"[1027325702, 1027325703, 1027325706, 1027325707, 1027325742]",38.71958888636363,-9.184951322727272,Lisboa,LSB
9204,"[1027325705, 1027325741, 1128066399]",38.71992578260869,-9.183118491304347,Lisboa,LSB
9205,"[1028757911, 1028757918, 1028757919, 1028757920]",37.07743653043478,-8.057412613043478,Loulé,LLE
9206,"[1029102946, 1530393297, 1530393298, 1530393299, 1530393300, 1530393301]",41.68061709545455,-8.806962513636362,Viana do Castelo,VCT
9207,[1029108104],40.922438379999996,-8.575849386666667,Santa Maria da Feira,VFR
9208,"[1029418728, 1546370937, 1546370938, 1546370939]",40.91422594736842,-8.528419647368422,Santa Maria da Feira,VFR
9209,[1030603461],41.20269221851851,-8.28393668148148,Penafiel,PNF
9210,[1031144984],41.76157534782608,-8.579571713043476,Ponte de Lima,PTL
9211,"[1031188536, 1284998954, 1284998955, 1284998956, 1303891231]",41.20291118181818,-8.328788818181819,Paredes,PRD
9212,"[1031188539, 1284998965, 1284998966, 1284998967, 1284998968]",41.202070395238096,-8.316160519047619,Penafiel,PNF
9213,"[1031188546, 1284998957, 1284998958, 1284998960, 1288764602]",41.20372308947369,-8.325459447368422,Paredes,PRD
9214,"[1031704038, 1031704039, 1345285106, 1345285115]",38.93683134,-9.33580559,Mafra,MFR
9215,[1032398949],40.54205831153846,-8.391483423076922,Águeda,AGD
9216,[1032853805],41.344762213636365,-6.966445200000001,Alfândega da Fé,AFE
9217,[1032859330],40.40094092,-8.23504049,Mortágua,MRT
9218,[1032868343],40.39981383333334,-8.214402023809525,Mortágua,MRT
9219,[1034151494],41.37091632380952,-8.288283233333331,Vizela,VIZ
9220,[1034287174],40.58800803999999,-8.131713074999999,Tondela,TND
9221,[1034554774],40.91040334285714,-8.576393923809523,Santa Maria da Feira,VFR
9222,"[1034626243, 1274536301, 1274536302, 1274536303, 1345285123]",38.945164237499995,-9.35325254375,Mafra,MFR
9223,"[1034626246, 1274536298, 1274536299, 1274536300]",38.944730039999996,-9.352524800000001,Mafra,MFR
9224,[1034841049],41.10212786999999,-7.89832477,Resende,RSD
9225,[1035994997],41.188708877272724,-8.56932288181818,Gondomar,GDM
9226,[1036971735],40.41462988571428,-8.443760680952384,Anadia,AND
9227,"[1037058815, 1037058816, 1037060919, 1037060920]",38.74921325357143,-8.935500524999998,Alcochete,ACH
9228,"[1037064949, 1037064950, 1037398768, 1037398769, 1270464844, 1270464848]",38.730713845000004,-8.9426126,Alcochete,ACH
9229,[1037400648],40.93992480526316,-8.585898968421054,Santa Maria da Feira,VFR
9230,"[1037424957, 1490521370, 1490521371, 1490521372, 1490521373, 1490521374, 1490521375, 1490521376, 1490521377]",40.92934928928571,-8.511545774999998,Santa Maria da Feira,VFR
9231,[1037451068],39.912336115,-8.639457014999998,Pombal,PBL
9232,[1038027808],40.77695541052632,-7.057545594736841,Pinhel,PNH
9233,[1038027811],40.77548651363636,-7.057568222727273,Pinhel,PNH
9234,[1038713222],39.325595733333344,-8.926313961904762,Rio Maior,RMR
9235,"[1039052238, 1039052239, 1039052241, 1335852074, 1335852075, 1342769387, 1342769393]",38.88713376333333,-9.045898616666667,Vila Franca de Xira,VFX
9236,"[1039052243, 1039052249, 1335852072, 1335852073, 1342769388, 1342769392]",38.885620721428566,-9.047862428571428,Vila Franca de Xira,VFX
9237,"[1039182611, 1291072738, 1331453745, 1331453746, 1331453767, 1335852063]",38.850996558333335,-9.074711779166668,Loures,LRS
9238,"[1039210600, 1456275579, 1456275580, 1456293574, 1456293575, 1456486615]",40.605122590476185,-7.782993580952381,Mangualde,MGL
9239,"[1039218316, 1545828598]",40.55929415,-8.7530259,Vagos,VGS
9240,[1039468960],40.16446653809523,-8.837940609523812,Figueira da Foz,FIG
9241,"[1040207166, 1278237608, 1278237609, 1278237635]",38.73688155769231,-9.279029334615386,Oeiras,OER
9242,"[1041158970, 1072681730, 1072681731, 1072681732, 1345705942]",41.74790031333334,-7.4854637266666675,Chaves,CHV
9243,[1041158978],41.74686551052631,-7.485965321052631,Chaves,CHV
9244,[1041475460],39.469853452631575,-8.488783805263157,Entroncamento,ENT
9245,[1041475462],39.46922212105263,-8.485510415789474,Entroncamento,ENT
9246,"[1043634590, 1043634591, 1043634603, 1245892656]",38.54150606,-8.885262344000001,Setúbal,STB
9247,"[1043658901, 1043658902, 1043658903, 1043658904, 1043658913, 1069083650]",38.53077545714285,-8.885692817857143,Setúbal,STB
9248,[1044483241],40.217064535999995,-8.439239944,Coimbra,CBR
9249,"[1044773606, 1056687914, 1056687915, 1056687916, 1070053802, 1070241937]",39.4986562,-9.09228848064516,Alcobaça,ACB
9250,"[1045522645, 1090881972, 1235476437, 1235476438]",38.592176461538465,-9.150582080769231,Seixal,SXL
9251,[1046043054],40.13752978947368,-8.465443484210525,Coimbra,CBR
9252,[1046160675],37.1379610125,-8.54761681875,Portimão,PTM
9253,[1046186044],37.144613594999996,-8.484551450000001,Lagoa,LGA
9254,[1046186048],37.14458028,-8.488123225,Lagoa,LGA
9255,[1046187270],37.107800895238086,-8.469893971428572,Lagoa,LGA
9256,"[1046410903, 1090881966, 1235476441, 1235476442, 1312927848]",38.584159121052636,-9.170688610526314,Almada,ALM
9257,"[1047099023, 1306782026, 1306782027, 1306782058, 1315411036]",38.75812960869565,-9.277809391304347,Sintra,SNT
9258,[1047450831],40.36167429444445,-7.349348983333333,Belmonte,BMT
9259,"[1050815291, 1072725501, 1300304528, 1300304529, 1300304560]",38.692428054545466,-9.346444309090911,Cascais,CSC
9260,[1050825500],39.261329381818186,-9.074631745454546,Cadaval,CDV
9261,[1051175696],40.76078991111111,-7.357815088888888,Trancoso,TCS
9262,[1051180506],40.62685715909091,-7.417537472727273,Celorico da Beira,CLB
9263,[1051180516],40.627879771428574,-7.4191821,Celorico da Beira,CLB
9264,[1051189543],40.526290023076925,-7.20565923076923,Guarda,GRD
9265,[1051903247],37.089949614285715,-8.883446028571427,Vila do Bispo,VBP
9266,"[1051963385, 1051963386]",38.700859462500006,-9.377375656249999,Cascais,CSC
9267,[1052005999],40.319527505714284,-8.797767528571427,Cantanhede,CNT
9268,[1052008021],40.424281434375004,-8.720868946875,Mira,MIR
9269,[1052072952],40.17140547894737,-8.437638631578945,Coimbra,CBR
9270,"[1052693283, 1193108806, 1193108807, 1193108808, 1193108809, 1193156386, 1361459851]",41.5223942945946,-8.62799398918919,Barcelos,BCL
9271,[1052861076],41.45388393499999,-8.209543729999998,Fafe,FAF
9272,[1053461205],38.861646527272725,-9.150748727272727,Loures,LRS
9273,"[1053701493, 1339286256, 1339286257, 1339286262, 1339697045]",38.814003833333345,-9.187268357142855,Odivelas,ODV
9274,[1054361645],42.02273757142856,-8.642053342857142,Valença,VLN
9275,"[1054539061, 1054727882, 1054727883, 1054727884, 1381486614]",41.0084902952381,-8.638013185714286,Espinho,ESP
9276,"[1054543588, 1224897125, 1224897126]",41.02031784,-8.57637111,Vila Nova de Gaia,VNG
9277,[1055098300],37.16498695,-8.427899380000001,Silves,SLV
9278,[1055098302],37.1676235375,-8.428135075,Silves,SLV
9279,[1055098304],37.164248345454546,-8.429170145454547,Silves,SLV
9280,[1055341362],40.601225445,-8.667959125,Ílhavo,ILH
9281,[1055424267],40.99248785263158,-8.626658400000002,Espinho,ESP
9282,[1055477468],40.926829184999995,-8.25026464,Arouca,ARC
9283,"[1055540567, 1308840101, 1308840102, 1308840103, 1308840104, 1311878384]",41.17589730434782,-8.350801573913042,Paredes,PRD
9284,[1056039099],40.073345563636366,-8.735929550000002,Soure,SRE
9285,"[1056115516, 1320159352]",40.6178468264706,-6.841637070588236,Almeida,ALD
9286,"[1056115521, 1320159351]",40.6196555,-6.843396090625,Almeida,ALD
9287,[1056159721],39.04500022727273,-8.995522127272729,Alenquer,ALQ
9288,[1056494666],40.550970813043484,-8.41644507826087,Águeda,AGD
9289,[1056542740],38.7090423409091,-8.895663886363637,Alcochete,ACH
9290,[1056544494],38.68334817857143,-8.612258471428571,Montijo,MTJ
9291,"[1056757540, 1428644364, 1428644365]",41.041974228571426,-8.580350090476193,Vila Nova de Gaia,VNG
9292,"[1056855161, 1270467434, 1297771424, 1297771425, 1324613966, 1324613976]",38.47123871818182,-9.086235,Sesimbra,SSB
9293,[1057570980],40.21209177058824,-8.252882470588235,Vila Nova de Poiares,PRS
9294,"[1057759645, 1330721008, 1330721009, 1333299570]",38.753381499999996,-9.2550502,Sintra,SNT
9295,"[1058218806, 1385641564]",41.05779095999999,-8.256858025000001,Castelo de Paiva,CPV
9296,[1058590162],38.94075418999999,-9.337685409999999,Mafra,MFR
9297,[1060059358],41.2772111263158,-8.38205577368421,Paços de Ferreira,PFR
9298,[1061107751],40.00918247142857,-8.806757366666668,Pombal,PBL
9299,"[1062394592, 1062394593, 1062394594, 1062394600]",41.56533092380952,-8.387623404761904,Braga,BRG
9300,"[1062940940, 1544670220, 1544670221, 1544670222, 1544670223, 1544670224]",40.658665264,-8.6154549,Aveiro,AVR
9301,"[1063317883, 1305880394]",38.739720095833334,-9.2888137375,Oeiras,OER
9302,[1063683090],38.867090749999996,-9.176999669999999,Loures,LRS
9303,"[1065399537, 1065399542, 1106452763]",37.52515205333334,-8.786671306666667,Odemira,ODM
9304,[1065536844],38.798625036842104,-9.381586363157894,Sintra,SNT
9305,"[1066285287, 1066285290]",38.56748266923077,-9.057809046153846,Seixal,SXL
9306,"[1069316777, 1069316782, 1069316783, 1069316784, 1069316785, 1069316786]",38.70342515238095,-9.274448514285714,Oeiras,OER
9307,"[1070097994, 1354711566, 1354711567, 1354769254, 1471989718, 1472000428]",41.066909160869564,-8.576086839130435,Vila Nova de Gaia,VNG
9308,"[1070097995, 1354711568, 1354711569, 1354769253, 1354773620, 1358885961]",41.06735525238095,-8.576301614285715,Vila Nova de Gaia,VNG
9309,"[1070106823, 1290147341, 1290241144, 1290241145, 1302029302, 1302029303, 1302029304]",38.472887025000006,-9.101637133333332,Sesimbra,SSB
9310,[1070269093],37.13099731578948,-8.359023610526316,Silves,SLV
9311,"[1071785481, 1126072187]",41.144824729999996,-8.53880745,Gondomar,GDM
9312,"[1072232317, 1313354994, 1313354995, 1313354996, 1313589925, 1313589926, 1323391705, 1472048901]",41.33949418333333,-8.4815849875,Santo Tirso,STS
9313,"[1072725491, 1072725492]",38.68999395294118,-9.333385076470588,Cascais,CSC
9314,"[1072793819, 1072793826, 1072890512, 1072890513, 1301420875, 1301420923]",38.69793969444444,-9.353016322222224,Cascais,CSC
9315,"[1072841288, 1072841289, 1072841290, 1072841291, 1072841292, 1072890522, 1298845995, 1298846002]",38.73493426176471,-9.388524,Cascais,CSC
9316,"[1073103642, 1466081260, 1466081261]",40.78880068636364,-8.114354877272726,São Pedro do Sul,SPS
9317,[1073693284],41.170169978947364,-7.798353805263159,Peso da Régua,PRG
9318,[1073908887],41.7786332,-6.781829515000001,Bragança,BGC
9319,[1073934514],39.82051018,-7.517278585,Castelo Branco,CTB
9320,[1073934523],39.8174969625,-7.518076999999999,Castelo Branco,CTB
9321,[1074494992],41.30794730526316,-7.72712322631579,Vila Real,VRL
9322,[1074500316],41.3090737631579,-7.726905789473683,Vila Real,VRL
9323,[1074880632],40.45859332272728,-7.808211399999999,Oliveira do Hospital,OHP
9324,[1075067931],39.93700002,-8.370789863999999,Penela,PNL
9325,[1075067932],39.937334526923074,-8.371883034615385,Penela,PNL
9326,"[1075238184, 1075238189, 1075238190, 1075238192]",39.80323414210526,-8.866750573684211,Leiria,LRA
9327,[1075494656],41.40717333846154,-7.452669715384615,Murça,MUR
9328,"[1076164369, 1076164370, 1076164371, 1076164372, 1431384599]",41.000948284,-8.638120528,Espinho,ESP
9329,"[1076164375, 1076164376, 1076164377, 1076164378, 1359078887, 1359113341]",41.00397921,-8.638198185,Espinho,ESP
9330,[1076628699],41.51721151,-8.74619795,Esposende,EPS
9331,[1076700654],41.426164245,-8.160637179999998,Fafe,FAF
9332,[1076863641],39.817198875,-7.506266079999999,Castelo Branco,CTB
9333,"[1077856307, 1077856309, 1077856310, 1176949073, 1176949074]",32.82540988214286,-16.946619585714284,Santana,STN
9334,"[1078466942, 1353378523, 1353378524, 1353378525]",41.234650879545455,-8.636696459090908,Maia,MAI
9335,[1078541272],40.305637478947375,-8.166085042105262,Penacova,PCV
9336,[1078780164],41.397170571428575,-8.760378657142857,Póvoa de Varzim,PVZ
9337,[1078780170],41.39941318181818,-8.761438127272728,Póvoa de Varzim,PVZ
9338,[1078780176],41.40239874545455,-8.75802169090909,Póvoa de Varzim,PVZ
9339,"[1079879135, 1079883814, 1528171475, 1528171476]",39.034877308333336,-9.275707208333332,Torres Vedras,TVD
9340,"[1079883792, 1350437946, 1350437967]",39.09134851,-9.264296885000002,Torres Vedras,TVD
9341,[1080003993],40.72777748235294,-7.913355764705881,Viseu,VIS
9342,[1080003994],40.72841524545454,-7.918772933333333,Viseu,VIS
9343,"[1080469771, 1307128042, 1307128043, 1307128050, 1307128051, 1307128055]",38.784056250000006,-9.318918340909091,Sintra,SNT
9344,"[1080863588, 1381806280, 1381806281]",38.55958551578947,-9.03712042631579,Sesimbra,SSB
9345,"[1080884387, 1080884388, 1080884401, 1083615725, 1083615726, 1083615727]",38.60553239583333,-9.186113020833334,Almada,ALM
9346,"[1080885474, 1080885475, 1089702911]",38.60790945714285,-9.198740485714287,Almada,ALM
9347,"[1080918454, 1312029075]",41.15116642631579,-8.583167410526315,Porto,PRT
9348,"[1081041630, 1081041631, 1081041632, 1081041633, 1081041637, 1081868351, 1082615079, 1193819377]",38.64601852857144,-9.233944557142859,Almada,ALM
9349,[1081083618],38.70559349999999,-9.40263334,Cascais,CSC
9350,"[1081104963, 1359325146, 1359325147, 1359325148, 1411674199, 1411674200]",41.13747075882353,-8.619827094117648,Vila Nova de Gaia,VNG
9351,"[1081104972, 1346945192, 1346945193]",41.13414439545455,-8.60413715,Vila Nova de Gaia,VNG
9352,[1081540927],38.762418352631585,-9.344799242105264,Sintra,SNT
9353,"[1081653190, 1081653191, 1081653192, 1236285910]",38.673014679411764,-9.175795544117646,Almada,ALM
9354,[1082255543],40.746002204999996,-8.449266609999999,Albergaria-a-Velha,ALB
9355,[1082921539],39.82702343809523,-7.4815219666666675,Castelo Branco,CTB
9356,"[1082952311, 1480607344, 1480607345]",40.95838882631578,-8.653432421052633,Ovar,OVR
9357,"[1083061678, 1083067906, 1083067914, 1526468406, 1526468407]",37.96082127407408,-8.873219866666666,Sines,SNS
9358,"[1083067886, 1083067890]",37.95475518823529,-8.859049317647061,Sines,SNS
9359,"[1083067925, 1083067926, 1083067938, 1083067939]",37.95989800384615,-8.85794746153846,Sines,SNS
9360,[1083254607],42.02695309565217,-8.63284715652174,Valença,VLN
9361,"[1083402076, 1083402077, 1083402078, 1083402087, 1246449551, 1246449558]",38.53969949615385,-9.025985576923077,Setúbal,STB
9362,"[1083402106, 1083402107]",38.5578443375,-9.01448000625,Setúbal,STB
9363,"[1083406727, 1299019466]",38.5507568125,-9.047687725,Sesimbra,SSB
9364,[1083469713],41.3850113125,-8.5906557375,Vila Nova de Famalicão,VNF
9365,[1083640746],38.619909823076924,-9.119919576923076,Seixal,SXL
9366,[1083687074],38.626051149999995,-9.113237349999999,Seixal,SXL
9367,"[1083722969, 1083722972]",38.594025776,-9.044670972,Barreiro,BRR
9368,"[1083732903, 1083732909]",38.623408338461545,-9.215689815384614,Almada,ALM
9369,"[1083732904, 1083732911]",38.614913258333324,-9.210523766666666,Almada,ALM
9370,"[1083732905, 1083732913]",38.61104924166667,-9.207838941666667,Almada,ALM
9371,"[1083732906, 1083732915]",38.609431754545454,-9.206055454545456,Almada,ALM
9372,"[1083781355, 1502427869, 1502427870, 1502427871, 1502427872, 1502427873]",41.316808190476195,-8.576347076190476,Trofa,TRF
9373,"[1083894722, 1083894723, 1083894724, 1083894725, 1083894726]",40.58598492,-8.404014100000001,Águeda,AGD
9374,"[1083902041, 1498220432, 1498220433, 1498220441]",41.354901375,-8.579060174999999,Vila Nova de Famalicão,VNF
9375,"[1084130918, 1498186113, 1498186128]",41.35719837826086,-8.545279265217392,Vila Nova de Famalicão,VNF
9376,"[1084130920, 1498186114, 1498186115, 1498186127]",41.3578354631579,-8.542627431578945,Vila Nova de Famalicão,VNF
9377,"[1084264239, 1090881984]",38.619642286363636,-9.125335790909089,Seixal,SXL
9378,[1084356124],39.04995046818181,-7.64910659090909,Fronteira,FTR
9379,"[1084422739, 1084422740, 1084422741, 1084422742]",38.74533085882353,-8.93001655882353,Alcochete,ACH
9380,"[1084604079, 1084604080, 1084604081, 1084604090, 1301603949, 1315458526]",38.646033821052626,-9.174804942105263,Almada,ALM
9381,[1084692061],40.783784240909085,-8.59714703181818,Estarreja,ETR
9382,[1084702963],40.779126149999996,-8.592691104166667,Estarreja,ETR
9383,"[1084704719, 1084704720, 1084704721, 1084704728]",38.63562936842106,-9.228003215789476,Almada,ALM
9384,"[1084704729, 1084704730, 1084704731, 1084704740]",38.626706273913044,-9.218484152173913,Almada,ALM
9385,"[1085399132, 1085399133]",38.618116254545455,-9.212637027272727,Almada,ALM
9386,"[1085708956, 1085708957, 1085708958, 1236540529]",38.652186812,-9.036745424,Moita,MTA
9387,"[1085708959, 1085708960, 1085708961, 1085708962, 1085708963, 1085708969, 1236540536]",38.650824661538465,-9.040261169230769,Moita,MTA
9388,"[1085708987, 1355483484, 1355483485, 1355483488, 1355483489, 1355513206, 1355513212, 1367664951, 1367664956]",38.64080042413792,-9.005840686206895,Moita,MTA
9389,"[1085882797, 1085936301, 1085936302, 1085936303, 1245892658, 1245892663]",38.5414536,-8.876005122222223,Setúbal,STB
9390,"[1085882809, 1349583618]",38.54632517499999,-8.898265604999999,Setúbal,STB
9391,"[1085906964, 1537535395]",40.66069461428571,-8.212134419047619,Vouzela,VZL
9392,"[1085919096, 1085919103, 1085936299, 1085936300, 1349587848, 1349655959, 1349655966]",38.521913542424244,-8.865154896969697,Setúbal,STB
9393,[1088196260],41.20911147307692,-8.270612284615384,Penafiel,PNF
9394,"[1089822359, 1089822360, 1349970632, 1349970633]",41.04534874444444,-8.273002805555555,Castelo de Paiva,CPV
9395,"[1090262173, 1090262177, 1090262178, 1090262179, 1118646517]",41.30950079545455,-7.738392954545453,Vila Real,VRL
9396,"[1090857045, 1280586359, 1280586360]",41.20780430000001,-8.552257905000001,Valongo,VLG
9397,"[1090881974, 1558202292, 1559013124, 1559013125, 1559013126, 1559013127, 1559013128, 1559013129, 1559013130, 1559013131]",38.59777515681817,-9.140377502272727,Seixal,SXL
9398,"[1090881987, 1090881989, 1235476423, 1235476424, 1379393321, 1379393324]",38.62049800666667,-9.106408776666667,Seixal,SXL
9399,[1091003925],38.98653323125,-9.017522612499999,Vila Franca de Xira,VFX
9400,"[1091148328, 1097859718]",38.605001083333335,-9.084955894444446,Seixal,SXL
9401,[1091199222],41.671150446666665,-7.957812633333333,Montalegre,MTR
9402,[1091954656],39.17902624090909,-8.246704586363636,Ponte de Sor,PSR
9403,"[1092110077, 1092110086, 1092110087, 1092110088, 1312446729]",40.637857436842104,-8.658564836842105,Aveiro,AVR
9404,"[1092557280, 1349655968, 1349655969, 1349655978, 1349788736, 1349788754]",38.54407583809523,-8.853961223809524,Setúbal,STB
9405,[1093780457],39.41410051052631,-8.493359315789476,Golegã,GLG
9406,[1094616818],41.79077097142857,-8.591363885714285,Ponte de Lima,PTL
9407,[1095879325],37.82777931052632,-25.143921121052628,Nordeste,NRD
9408,"[1096091041, 1345606639, 1345606640, 1345606641]",41.686186836842104,-7.725473126315789,Boticas,BTC
9409,[1096348808],41.846305563157884,-7.637946731578947,Montalegre,MTR
9410,[1096445777],38.751251171428564,-8.936072814285716,Alcochete,ACH
9411,[1096803807],41.91675649375,-8.777898953125,Vila Nova de Cerveira,VNC
9412,"[1096857099, 1255326408, 1255326409, 1255326410]",39.26870845789474,-9.162981852631578,Bombarral,BBR
9413,"[1097424322, 1292176549, 1377426781]",38.88996732121211,-9.034855669696968,Vila Franca de Xira,VFX
9414,"[1097626495, 1337997981]",38.96345359523809,-8.986673571428572,Vila Franca de Xira,VFX
9415,"[1097626531, 1331453739, 1334861166, 1334861176, 1334861177, 1334861178]",38.8313676904762,-9.101198528571429,Loures,LRS
9416,"[1097626615, 1235323359, 1235323360, 1235323361, 1337997972, 1337997979, 1337998108]",38.97485887931034,-8.980484737931034,Vila Franca de Xira,VFX
9417,"[1097768568, 1097768569, 1561894124]",41.835570311764705,-7.743699917647058,Montalegre,MTR
9418,[1098346674],41.242370984210524,-7.568861184210527,Sabrosa,SBR
9419,"[1098646387, 1263517465, 1263517466, 1263517467]",39.42407720476191,-8.96094361904762,Alcobaça,ACB
9420,[1098646388],39.4228281,-8.95564940952381,Alcobaça,ACB
9421,"[1098646391, 1263517474, 1263517475, 1263517476]",39.435430690476196,-8.956108466666668,Alcobaça,ACB
9422,"[1098646396, 1263518270, 1263518271, 1263518272]",39.40624954074074,-8.961796777777776,Alcobaça,ACB
9423,"[1098646398, 1263518273, 1263518274, 1263518275]",39.391045134782615,-8.959992786956521,Rio Maior,RMR
9424,[1098928248],39.46514487619048,-7.93711147142857,Gavião,GAV
9425,[1099906672],39.36567873333334,-9.375114638095239,Peniche,PNI
9426,[1100615025],39.412921121052634,-7.455707968421052,Castelo de Vide,CVD
9427,"[1100959806, 1349594500, 1349788755]",38.53943916,-8.847519373333334,Setúbal,STB
9428,[1101392701],38.615630286666665,-9.099716384444445,Seixal,SXL
9429,"[1102261034, 1102261035, 1102261036, 1102261037, 1102261038, 1102261053]",38.76990893125,-9.125867365625,Lisboa,LSB
9430,"[1103601050, 1275080066, 1300288201, 1300360512, 1300398842, 1300398843]",38.71092517391304,-9.33831066956522,Cascais,CSC
9431,"[1103937994, 1535166980, 1535166981, 1535166982, 1535166983, 1535166984, 1535166985, 1535166986, 1535166987]",41.258998986363636,-8.599854854545454,Maia,MAI
9432,"[1104041035, 1104041051, 1104041052, 1106122804]",41.259865290625,-8.60893715625,Maia,MAI
9433,"[1104041049, 1535166988, 1535166989, 1535166990, 1535166991, 1535166992, 1535166993]",41.25976197599999,-8.60709368,Maia,MAI
9434,[1104690162],37.11727868888889,-8.243824477777778,Albufeira,ABF
9435,[1104694050],37.132614514285706,-8.667494738095238,Lagos,LGS
9436,"[1104925812, 1498186111, 1498186112, 1498186129]",41.35518457692307,-8.547711088461538,Vila Nova de Famalicão,VNF
9437,"[1104925817, 1498186101, 1498186102, 1498186132]",41.344781537500005,-8.548216487500001,Trofa,TRF
9438,[1104925818],41.345414085714296,-8.545494457142858,Trofa,TRF
9439,"[1105147031, 1466281834, 1466281835, 1466281842, 1466281843, 1539396788]",40.77165555238095,-8.215323580952381,São Pedro do Sul,SPS
9440,[1105192311],39.345230742105265,-7.9007379368421065,Gavião,GAV
9441,"[1105378327, 1307128046, 1314351949, 1314351950]",38.786702769230764,-9.317990396153847,Sintra,SNT
9442,"[1105746049, 1524429739, 1524429740, 1524429741, 1524429742]",37.030131310526315,-7.92424222631579,Faro,FAR
9443,[1105861061],39.207489468000006,-8.609812792,Almeirim,ALR
9444,[1106658505],41.574833260000005,-8.35794685,Braga,BRG
9445,[1106896798],39.453665994999994,-9.181029474999999,Caldas da Rainha,CLD
9446,"[1108918701, 1306877899, 1306877903, 1306877906]",38.53260650555555,-8.86522703888889,Setúbal,STB
9447,"[1108918702, 1306877900, 1306877904, 1306877905]",38.533248025,-8.866225455000002,Setúbal,STB
9448,"[1109874847, 1334958391, 1334958392, 1334958402]",38.80296790434783,-9.12552235652174,Loures,LRS
9449,[1111657266],39.920957068421046,-8.621604378947367,Pombal,PBL
9450,[1113501286],39.00549521,-7.247973900000001,Elvas,ELV
9451,"[1115324722, 1378734810, 1378734811, 1378734812, 1410331592, 1410331593, 1410331594, 1410331595]",41.25470790000001,-8.6166423,Maia,MAI
9452,[1115455155],38.75530117619047,-9.300230033333332,Sintra,SNT
9453,"[1115605496, 1411828263, 1411828264, 1411828265, 1411828266, 1411828267, 1411828268, 1411828269, 1411828270, 1411828271, 1411828272]",41.244879236842095,-8.62942997368421,Maia,MAI
9454,[1116627761],39.358704715,-9.380381695,Peniche,PNI
9455,"[1117622717, 1546604849, 1546604850, 1546604851, 1547541286, 1547541287]",40.91383322608695,-8.308338217391304,Arouca,ARC
9456,[1118009414],41.577923948000006,-8.270083412,Póvoa de Lanhoso,PVL
9457,"[1118314884, 1118314885, 1118314886, 1118314887, 1118314888]",38.65859471500001,-9.203113400000001,Almada,ALM
9458,[1118605229],41.367208285,-8.74348826,Vila do Conde,VCD
9459,[1118915549],38.82469844736843,-9.213248931578946,Odivelas,ODV
9460,"[1119177118, 1546604852, 1546604853, 1546604854]",40.927598884999995,-8.25990127,Arouca,ARC
9461,[1119349416],41.69475560526316,-8.841284994736844,Viana do Castelo,VCT
9462,[1119460376],40.873786857894736,-8.466310431578947,Oliveira de Azeméis,OAZ
9463,"[1119700986, 1378743605, 1378743610]",41.217705169565214,-8.69689536521739,Matosinhos,MTS
9464,"[1119700997, 1378718661, 1378718662, 1378718707, 1378743609]",41.218744975999996,-8.694165924,Matosinhos,MTS
9465,"[1119702138, 1263517458, 1263517459, 1263517460]",39.383707270833334,-8.961410845833333,Rio Maior,RMR
9466,[1120687339],38.81349453809524,-9.140073876190476,Loures,LRS
9467,"[1120967728, 1490521378, 1490521379, 1490521380, 1490521381, 1490521382, 1490521383, 1490521384]",40.93035097391304,-8.516738617391304,Santa Maria da Feira,VFR
9468,"[1122224353, 1230013756, 1278664090, 1278664102, 1278664103, 1300744244]",38.74872824500001,-9.22512497,Amadora,AMD
9469,[1122570513],37.136756605,-8.008816085000001,Loulé,LLE
9470,[1122755077],41.783807442105264,-7.2193443473684225,Chaves,CHV
9471,[1122755102],41.668356658823534,-7.506873605882354,Chaves,CHV
9472,[1123753532],37.034929364705874,-7.822796635294118,Olhão,OLH
9473,"[1123778698, 1123778885, 1299855448, 1299855450, 1299855451]",38.713601693103456,-9.386776820689654,Cascais,CSC
9474,[1123856856],38.000462657142855,-8.558740885714286,Santiago do Cacém,STC
9475,"[1123954015, 1123954016, 1123954035, 1302143531]",38.74969781363637,-9.21523135909091,Amadora,AMD
9476,"[1123954033, 1123954463, 1330721001]",38.748671259090905,-9.216637586363637,Amadora,AMD
9477,[1123954071],38.707457426315784,-8.961746110526315,Montijo,MTJ
9478,"[1124489312, 1245892677, 1245892678, 1297771420, 1297771421, 1359345669]",38.52028954782609,-9.020146304347827,Setúbal,STB
9479,"[1124832352, 1465710367, 1465710368, 1465710369, 1465710370, 1466319374]",40.75989386521739,-8.060236143478264,São Pedro do Sul,SPS
9480,"[1125076544, 1298845999, 1298846000]",38.71332499047618,-9.422479776190478,Cascais,CSC
9481,[1125090242],41.34975682105263,-8.556289668421053,Vila Nova de Famalicão,VNF
9482,"[1125465785, 1271342121, 1271342122, 1271342136]",38.56196562272728,-9.077374745454547,Sesimbra,SSB
9483,"[1125588717, 1125588719, 1125588720, 1125637640, 1125637641, 1134132876]",41.144025013043475,-8.573548286956523,Porto,PRT
9484,"[1125608141, 1125608148, 1125608149, 1125608150, 1125612762, 1557723741]",41.13217985,-8.537180549999999,Gondomar,GDM
9485,"[1125669000, 1125669003, 1125669004, 1125669005]",40.574856955,-8.444851689999998,Águeda,AGD
9486,[1125827532],38.74962679615385,-9.303027553846153,Oeiras,OER
9487,[1125827533],38.7480173,-9.302900970833333,Oeiras,OER
9488,"[1126069279, 1126069284, 1126069285, 1126069286, 1126069287, 1126069288, 1557719539, 1557721329]",41.14457265,-8.539960305000001,Gondomar,GDM
9489,"[1126069289, 1126367005, 1126367006, 1126367007, 1169591941, 1217325494]",41.14295215263158,-8.541667815789474,Gondomar,GDM
9490,[1126117068],38.716441755,-9.357886985,Cascais,CSC
9491,"[1126524300, 1126524311, 1126524312, 1126524313, 1126524314, 1482567048, 1557727977]",41.12376498181818,-8.524777022727275,Gondomar,GDM
9492,"[1126524317, 1491838181, 1491838182, 1491838183, 1491838184, 1491838185, 1491838186]",41.11375999545455,-8.530377968181819,Gondomar,GDM
9493,[1126855868],38.82668997894737,-9.176126147368421,Loures,LRS
9494,"[1126855879, 1291072741, 1326314834, 1326314835, 1331422047]",38.793798208000005,-9.109588808,Loures,LRS
9495,"[1126874817, 1296475580, 1331383597, 1331383598]",38.8615661,-9.059894766666666,Vila Franca de Xira,VFX
9496,"[1126874818, 1296475581, 1331383595, 1331383596]",38.86054335217392,-9.060584682608694,Vila Franca de Xira,VFX
9497,"[1126874827, 1296475579, 1331383599, 1331383600, 1347277404]",38.86302890689656,-9.058199648275862,Vila Franca de Xira,VFX
9498,"[1126874846, 1296475582, 1331383593, 1331383594]",38.85902111785715,-9.06182130357143,Vila Franca de Xira,VFX
9499,"[1126920211, 1295807899]",38.87667969999999,-9.070841438095236,Vila Franca de Xira,VFX
9500,"[1127328445, 1127328457, 1127328458, 1127574713, 1127574714, 1130730945, 1557726117]",41.12871214545455,-8.520087690909088,Gondomar,GDM
9501,"[1127417785, 1127417786]",38.97335644545454,-9.163816327272727,Arruda dos Vinhos,ARV
9502,"[1127994246, 1331453754, 1331453759, 1331453773, 1331453781]",38.83692443428571,-9.093944137142858,Loures,LRS
9503,"[1128031488, 1128031489, 1128031490, 1128031501]",38.723305537499996,-9.187189833333333,Lisboa,LSB
9504,"[1128299295, 1467691973]",38.87234756,-7.168190579999999,Elvas,ELV
9505,[1128357210],41.25926135499999,-8.276694765,Lousada,LOU
9506,[1128357220],41.26626028095238,-8.287210266666666,Lousada,LOU
9507,[1131055892],41.26470416315789,-7.589348242105263,Sabrosa,SBR
9508,[1131055900],41.264612631578956,-7.586809831578946,Sabrosa,SBR
9509,[1131055912],41.265234527272725,-7.584830013636363,Sabrosa,SBR
9510,"[1132200858, 1289448829, 1289448830, 1289448838]",38.80340194,-9.183634054999999,Odivelas,ODV
9511,[1132615374],41.23889804,-7.304901545,Carrazeda de Ansiães,CRZ
9512,[1133620561],41.03498161538461,-8.270928907692307,Castelo de Paiva,CPV
9513,"[1133967755, 1230042050, 1300734391, 1300734394, 1300734395, 1304556376]",38.71463044,-9.237402620000001,Oeiras,OER
9514,"[1133967762, 1230027291, 1230042047, 1230042048, 1300734390, 1300734396]",38.712267864999994,-9.236632815000002,Oeiras,OER
9515,"[1133967774, 1329348180, 1329348181]",38.703279690476194,-9.24806747142857,Oeiras,OER
9516,"[1134035739, 1134035746, 1134035747, 1134035748, 1134035749, 1134035750]",41.2689073,-7.692883326315789,Vila Real,VRL
9517,[1134109364],38.873873765,-7.185709235,Elvas,ELV
9518,[1134361598],40.71588550526315,-8.47365402105263,Albergaria-a-Velha,ALB
9519,[1134531045],38.80404041578948,-7.454063910526317,Borba,BRB
9520,[1134827745],40.88241622857143,-8.49031930952381,São João da Madeira,SJM
9521,[1134966958],41.11778200476191,-8.518221652380953,Gondomar,GDM
9522,"[1135001735, 1345413344, 1345413345, 1345413346]",41.47291063684211,-7.850738563157893,Ribeira de Pena,RPN
9523,"[1135485090, 1135485099, 1135485100, 1135485101, 1135485102, 1135485106, 1457630597, 1457630598]",41.09428782692308,-8.501923957692307,Gondomar,GDM
9524,"[1135485107, 1135485129, 1135485130, 1135485131, 1135485132]",41.0908505,-8.490092364999999,Gondomar,GDM
9525,"[1135626277, 1178482073]",38.931508369999996,-9.257348789999998,Mafra,MFR
9526,"[1135674521, 1489749140, 1489749141, 1489749142, 1489749143, 1489749144]",41.15370678095238,-8.401799390476192,Paredes,PRD
9527,[1135802899],40.513295164999995,-8.490840989999999,Oliveira do Bairro,OBR
9528,[1136022029],41.27820949047619,-7.710675957142857,Vila Real,VRL
9529,"[1136116929, 1136116930, 1136116931, 1136116953]",38.725055915384615,-9.445076365384615,Cascais,CSC
9530,[1136116964],38.72396937391304,-9.447817443478261,Cascais,CSC
9531,[1136166722],40.79179190526316,-8.60598172105263,Estarreja,ETR
9532,[1136221830],41.57746921578948,-7.566489557894737,Vila Pouca de Aguiar,VPA
9533,[1136283469],41.51324095789473,-7.556108578947369,Vila Pouca de Aguiar,VPA
9534,[1136500349],40.787647919047615,-8.60809061904762,Estarreja,ETR
9535,[1137582422],41.37664076956521,-7.617202934782609,Sabrosa,SBR
9536,[1137948982],41.006031589473686,-8.621393352631578,Espinho,ESP
9537,"[1137961631, 1472385541, 1472385542, 1472385543, 1472453949]",41.07499925238095,-8.633106857142858,Vila Nova de Gaia,VNG
9538,[1138061406],41.75162396315789,-7.479880910526316,Chaves,CHV
9539,"[1138379609, 1138379617]",38.81245892,-9.478114373333336,Sintra,SNT
9540,[1140617277],41.2839642368421,-8.58901005,Trofa,TRF
9541,[1140617278],41.310239983870964,-8.56932505483871,Trofa,TRF
9542,[1140618179],38.98861136000001,-9.068095363333333,Arruda dos Vinhos,ARV
9543,[1140618180],38.995675322222226,-9.068159385185185,Arruda dos Vinhos,ARV
9544,[1140618182],38.978781552,-9.07191114,Arruda dos Vinhos,ARV
9545,[1141532476],37.125576244,-8.043819988,Loulé,LLE
9546,"[1141585168, 1141585169, 1141585170, 1141585171]",40.22945864761904,-8.439240395238093,Coimbra,CBR
9547,[1144157753],40.64647673157895,-8.439013742105264,Águeda,AGD
9548,[1144170281],38.71203355238095,-9.442911276190475,Cascais,CSC
9549,"[1144202823, 1299097317, 1299097318, 1299097340]",38.72675293499999,-9.354404460000001,Cascais,CSC
9550,"[1144844340, 1463261287, 1463261288, 1463261289]",39.43138797272727,-9.13059407727273,Caldas da Rainha,CLD
9551,[1145064568],41.47542561,-7.177384834999998,Mirandela,MDL
9552,"[1145067985, 1299839083, 1299887290, 1299887291]",38.7212088,-9.34404690526316,Cascais,CSC
9553,[1145069079],40.84553354444444,-8.478270944444445,Oliveira de Azeméis,OAZ
9554,[1146026732],41.293824678947374,-7.518371763157896,Alijó,ALJ
9555,[1147488376],38.05193753636363,-8.783132540909092,Santiago do Cacém,STC
9556,"[1147640160, 1552533063, 1552533064, 1552533065]",38.544253708,-28.63151196,Horta,HRT
9557,[1147640162],38.53840261764705,-28.636030494117648,Horta,HRT
9558,"[1147640172, 1513118536, 1513118537, 1513118538]",38.52706911538461,-28.638281842307695,Horta,HRT
9559,"[1148226762, 1148255362, 1148255363, 1148255364, 1148255365]",41.24221962173913,-8.529520899999998,Valongo,VLG
9560,[1148246300],40.72602514444444,-8.1774391,Oliveira de Frades,OFR
9561,[1148704158],37.95111770666666,-8.859125863333334,Sines,SNS
9562,[1149177267],41.5085374,-7.197499778947368,Mirandela,MDL
9563,"[1150082113, 1331453743, 1331453744, 1331453756, 1339145679]",38.83761435454546,-9.101343913636363,Loures,LRS
9564,"[1151209878, 1151209883, 1151209884, 1151209885, 1151209886, 1151209887, 1151209888]",41.14167234210526,-8.545353452631577,Gondomar,GDM
9565,"[1151209890, 1151209897, 1151209898, 1151209899, 1151209900, 1151209901]",41.11068608421052,-8.521833110526316,Gondomar,GDM
9566,[1151369620],40.5183305,-7.8746082571428575,Nelas,NLS
9567,[1151933983],41.169162772,-8.572546112,Porto,PRT
9568,"[1151959092, 1498776700, 1498783218, 1498783220, 1498783221, 1499071025]",41.436133840000004,-8.4158851,Vila Nova de Famalicão,VNF
9569,"[1152718464, 1472899969, 1472899970]",38.02722426190476,-7.859987961904763,Beja,BJA
9570,[1153373586],38.751472359999994,-8.958147826666668,Alcochete,ACH
9571,[1153476966],37.0925668,-8.1673113,Albufeira,ABF
9572,"[1154008532, 1315206542, 1315206543]",38.814027255,-9.27450325,Sintra,SNT
9573,"[1154034138, 1315206544]",38.81431098181818,-9.278321372727271,Sintra,SNT
9574,[1154586301],40.31817825652174,-8.227994952173912,Penacova,PCV
9575,[1154586305],40.32315856818182,-8.230647668181817,Penacova,PCV
9576,"[1154599149, 1485613111, 1485613112, 1485613113, 1485613114]",41.15619370952381,-8.541355009523809,Gondomar,GDM
9577,[1154810694],41.246290082608695,-8.415979865217393,Paredes,PRD
9578,[1154826598],41.28952625263158,-8.390867263157896,Paços de Ferreira,PFR
9579,"[1155179011, 1239450394, 1239450395, 1239450396, 1239450397, 1239450399]",39.274860663157895,-9.280633357894738,Lourinhã,LNH
9580,[1155775072],40.611099519999996,-8.462221885000002,Águeda,AGD
9581,[1155796099],41.37026016666666,-8.305558253333334,Vizela,VIZ
9582,[1155810584],41.523392423809526,-7.992644214285714,Cabeceiras de Basto,CBC
9583,[1155852149],41.110163175000004,-7.802288035000001,Lamego,LMG
9584,[1155975929],41.67261105714286,-8.767219447619047,Viana do Castelo,VCT
9585,[1156073128],40.42728776,-8.462944815,Anadia,AND
9586,[1156100040],41.25113835217392,-8.180708913043476,Amarante,AMT
9587,[1156389477],32.68840749545455,-16.993767554545453,Câmara de Lobos,CML
9588,[1156556698],40.51159458571428,-8.386275185714286,Águeda,AGD
9589,[1156557248],40.61051671428571,-8.46967857142857,Águeda,AGD
9590,"[1156565464, 1499071017, 1499071018, 1499071019]",41.41473428636363,-8.4572136,Vila Nova de Famalicão,VNF
9591,[1156566238],41.40525424,-8.323420885,Guimarães,GMR
9592,[1156575843],41.27646896842106,-8.315950352631578,Lousada,LOU
9593,[1156824524],41.3522031631579,-8.259109052631578,Felgueiras,FLG
9594,[1157264994],41.921652279166665,-8.651812920833335,Vila Nova de Cerveira,VNC
9595,[1157265006],41.933645013043474,-8.628017873913043,Paredes de Coura,PCR
9596,[1157265021],41.926568446153844,-8.603902234615386,Paredes de Coura,PCR
9597,[1157675911],41.47158223333333,-8.296608238095239,Guimarães,GMR
9598,"[1157678638, 1455875961]",40.6873165631579,-7.661897210526315,Penalva do Castelo,PCT
9599,"[1157861284, 1349836534]",38.517711585,-8.834765169999999,Setúbal,STB
9600,[1158196535],40.58694033809523,-8.661128476190477,Ílhavo,ILH
9601,"[1158760414, 1467691970]",38.87120432105263,-7.171727563157895,Elvas,ELV
9602,[1159138522],37.13889617894737,-8.45528122631579,Lagoa,LGA
9603,"[1159389076, 1303706051, 1303706052, 1341382368, 1341389152, 1513972277]",41.19334964285714,-8.560443000000001,Gondomar,GDM
9604,[1159398965],40.402571245000004,-8.25131267,Mortágua,MRT
9605,[1159399545],40.39102500476191,-8.25529511904762,Mortágua,MRT
9606,[1159533437],41.21538034285714,-8.291187728571431,Penafiel,PNF
9607,[1159533438],41.21720209473684,-8.293655273684212,Penafiel,PNF
9608,[1159994206],37.1297188,-8.034696094736844,Loulé,LLE
9609,[1160355098],40.09286679545455,-8.319633881818179,Miranda do Corvo,MCV
9610,[1160374677],40.48793033333334,-8.093268752380952,Tondela,TND
9611,[1160374680],40.49021538947368,-8.090829505263157,Tondela,TND
9612,"[1160375414, 1431494258]",40.489243145,-8.089063589999999,Tondela,TND
9613,"[1160932640, 1230027323, 1230042044, 1230042045, 1329386468]",38.716246338461545,-9.239612523076923,Oeiras,OER
9614,"[1160934102, 1492587837, 1492587838, 1492587839, 1492587840, 1492587841]",41.36493296428572,-8.745448932142859,Vila do Conde,VCD
9615,[1161018253],37.06980723157895,-8.025237215789472,Loulé,LLE
9616,[1161060055],41.80484684090909,-8.604947177272727,Ponte de Lima,PTL
9617,[1161077545],41.437293964999995,-8.473127555,Vila Nova de Famalicão,VNF
9618,[1161098341],41.288512095,-8.273540169999999,Lousada,LOU
9619,[1161214492],39.746526333333335,-8.302144857142858,Ferreira do Zêzere,FZZ
9620,"[1161638537, 1372358438]",38.80772402173913,-9.325315708695653,Sintra,SNT
9621,[1162177750],37.83356092105263,-25.394928384210527,Ribeira Grande,RGR
9622,[1162225021],41.542178866666674,-7.606727190476191,Vila Pouca de Aguiar,VPA
9623,[1162414180],40.1709170095238,-7.481312795238095,Fundão,FND
9624,[1163033434],39.741816581818185,-8.81244719090909,Leiria,LRA
9625,[1163113511],41.6678300736842,-8.409037505263159,Vila Verde,VVD
9626,"[1163373707, 1163373708, 1345285113, 1345285131, 1345285133, 1345285134]",38.93268609545454,-9.331333477272729,Mafra,MFR
9627,[1164411195],38.77692588421053,-9.37530617368421,Sintra,SNT
9628,[1165289320],38.20496189523809,-8.766610542857144,Grândola,GDL
9629,[1165289322],38.205107659999996,-8.764117664999997,Grândola,GDL
9630,[1167400084],42.06866351666667,-8.478700458333334,Monção,MNC
9631,[1167483561],38.77587329,-9.349741189999998,Sintra,SNT
9632,[1167486335],38.76103044,-9.37230792,Sintra,SNT
9633,[1168536887],38.762821813636364,-9.34505269090909,Sintra,SNT
9634,[1169210381],41.08784768695652,-8.626833413043478,Vila Nova de Gaia,VNG
9635,[1169657146],41.92356591739131,-8.586276421739129,Paredes de Coura,PCR
9636,[1171504074],40.20711707272728,-8.437511154545453,Coimbra,CBR
9637,"[1171504572, 1331904756, 1331904757, 1331904758, 1331904759, 1331904760, 1370055555, 1370055556]",40.211581656,-8.440162260000001,Coimbra,CBR
9638,[1173354692],39.052797927272735,-8.902622463636364,Azambuja,AZB
9639,"[1174302566, 1313994761, 1313994762]",38.75865302272727,-9.377832536363634,Sintra,SNT
9640,"[1174869023, 1174869027, 1174869028, 1342769400]",38.904071900000005,-9.028260955,Vila Franca de Xira,VFX
9641,"[1175034713, 1446747134, 1446747135, 1446747136, 1498280953, 1498280978]",41.416650590476195,-8.518286023809523,Vila Nova de Famalicão,VNF
9642,"[1175918397, 1175918399, 1175918400]",37.752501928,-25.658373388,Ponta Delgada,PDL
9643,[1175934904],41.9989380631579,-8.633345163157895,Valença,VLN
9644,[1175943881],40.72378417,-7.724303409999999,Sátão,SAT
9645,[1175943883],40.722188505000005,-7.727633064999999,Sátão,SAT
9646,"[1175943884, 1476170585]",40.72415183181818,-7.72473625909091,Sátão,SAT
9647,"[1175943885, 1476170586]",40.722250665,-7.728750179999999,Sátão,SAT
9648,[1176288923],38.763481309090906,-9.39602565909091,Sintra,SNT
9649,[1176288935],38.760429778947376,-9.395050878947368,Sintra,SNT
9650,"[1176471127, 1230023487, 1235876205, 1278203945, 1302963419, 1305884547, 1415592924, 1415592925]",38.69847660344826,-9.306269099999996,Oeiras,OER
9651,"[1176481683, 1299510875, 1299510876, 1303782099]",38.70695982105263,-8.960290605263157,Montijo,MTJ
9652,"[1177695570, 1465219345, 1465219347, 1465219348, 1465219349, 1550653625, 1550653626]",32.741550931249996,-16.73670088125,Machico,MCH
9653,"[1177862745, 1275080074, 1275080075, 1275080090, 1305884521, 1347166229]",38.6951786,-9.326032675,Oeiras,OER
9654,"[1177862768, 1300304533, 1300304534, 1300304558]",38.70146799230769,-9.346346807692308,Cascais,CSC
9655,"[1178189692, 1225525976, 1225525977]",39.804647360000004,-8.091607575000001,Sertã,SRT
9656,[1178365892],40.51928637894737,-8.424797763157894,Águeda,AGD
9657,[1178369940],40.484468725,-8.467915439999999,Anadia,AND
9658,[1178369945],40.48459227894737,-8.466431494736844,Anadia,AND
9659,[1178488991],40.393233757894734,-8.19942937894737,Mortágua,MRT
9660,[1178665842],41.34353867368421,-8.298718010526317,Vizela,VIZ
9661,[1179676246],41.534551629545454,-8.62395685,Barcelos,BCL
9662,"[1180031914, 1180031915]",41.40963014,-7.954328255,Mondim de Basto,MDB
9663,[1180088319],39.901227219999996,-8.271650615,Figueiró dos Vinhos,FVN
9664,"[1180390705, 1278651964, 1278651965, 1278651966, 1312927837]",38.582099495,-9.175892939999999,Almada,ALM
9665,"[1180392207, 1278651967, 1278651968, 1278651969]",38.585637517391305,-9.166990269565218,Almada,ALM
9666,"[1180564095, 1359415368]",38.51133765625,-8.91451791875,Setúbal,STB
9667,[1180724795],40.30807185263157,-8.34043043157895,Penacova,PCV
9668,"[1181006936, 1497695512]",41.34209708636363,-8.502387981818183,Santo Tirso,STS
9669,"[1181046244, 1370864182]",38.50824662941176,-9.175744135294119,Sesimbra,SSB
9670,"[1181185238, 1509475985, 1509475986, 1509475987, 1509475988, 1509475989]",41.18311897142856,-8.569877333333332,Gondomar,GDM
9671,[1181789970],39.332349654999994,-9.3233398,Peniche,PNI
9672,[1181900869],39.74872687,-8.87294834,Leiria,LRA
9673,[1182188418],39.06784425,-8.660339305,Salvaterra de Magos,SMG
9674,[1182293392],41.10300438421052,-8.095685473684211,Baião,BAO
9675,"[1182365832, 1320159331]",40.361987332000005,-7.861844436,Oliveira do Hospital,OHP
9676,"[1182556016, 1490521385, 1490521386, 1490521387, 1490521388, 1490521389, 1490521390, 1490521391]",40.92416545217391,-8.564885865217391,Santa Maria da Feira,VFR
9677,"[1182556018, 1326445118, 1329666879, 1329666881, 1329666882, 1337723574, 1337964836, 1337978401, 1395675239]",40.928753095454546,-8.547798540909088,Santa Maria da Feira,VFR
9678,[1182901062],41.14740734782608,-8.365267743478261,Penafiel,PNF
9679,"[1183791552, 1184836817, 1184836818, 1235792184, 1235792197, 1235792198]",38.5704612225,-8.90661124,Palmela,PLM
9680,[1184267363],37.09002183636363,-8.059750363636363,Loulé,LLE
9681,[1184267364],37.085079300000004,-8.058702241176471,Loulé,LLE
9682,[1184444112],37.83678796818181,-25.784807790909095,Ponta Delgada,PDL
9683,[1185087281],40.28624819473684,-7.500207552631578,Covilhã,CVL
9684,[1186317071],40.98404422857143,-8.5474256,Santa Maria da Feira,VFR
9685,[1186516718],38.17984558888889,-8.572509044444445,Grândola,GDL
9686,"[1187217609, 1314055281, 1314055283, 1314055284]",41.33861532105263,-8.4786765,Santo Tirso,STS
9687,"[1187636622, 1190009338, 1190009339, 1190009340, 1190009341, 1190009342]",41.190461799999994,-8.566363952,Gondomar,GDM
9688,[1189296988],39.043905325000004,-9.1118623,Alenquer,ALQ
9689,[1189417460],40.90256978421053,-7.2978272526315795,Mêda,MED
9690,[1189720067],40.750149815,-8.641374940000002,Murtosa,MRS
9691,[1189920159],41.18976833333333,-8.147652028571427,Marco de Canaveses,MCN
9692,[1190347549],38.716100694736845,-9.386017678947368,Cascais,CSC
9693,[1190383042],38.52751103333333,-8.882098119047619,Setúbal,STB
9694,[1192694818],41.336206796153846,-8.734914276923078,Vila do Conde,VCD
9695,[1193108789],41.532060226086955,-8.613459417391303,Barcelos,BCL
9696,[1193108792],41.531777228571436,-8.609889861904762,Barcelos,BCL
9697,"[1193144954, 1418341064, 1418341065]",41.53891178,-8.604031504,Barcelos,BCL
9698,"[1193532448, 1193539912, 1193539913, 1193539914]",41.4845523368421,-7.191368539473685,Mirandela,MDL
9699,[1194603598],38.999307728125004,-8.958896715625,Vila Franca de Xira,VFX
9700,"[1194750885, 1359180622, 1359180624, 1359180625]",41.11116571666667,-8.606951174999999,Vila Nova de Gaia,VNG
9701,[1194971891],41.58346723333333,-6.529790666666667,Vimioso,VMS
9702,"[1196385145, 1275080078, 1275080079, 1275080088, 1305884536]",38.683450785,-9.32426726,Oeiras,OER
9703,"[1197414200, 1456275573, 1456275574, 1456275581, 1456293578, 1456293579]",40.61868966086957,-7.7959719913043495,Mangualde,MGL
9704,[1198519744],38.294249863157894,-8.756366436842105,Grândola,GDL
9705,[1198519762],38.29022069999999,-8.741454790909092,Grândola,GDL
9706,[1199405302],39.473658975,-8.467770669999998,Entroncamento,ENT
9707,[1200688144],41.73830926315789,-8.603462673684211,Ponte de Lima,PTL
9708,[1200770126],39.660333572727275,-7.664246709090907,Vila Velha de Ródão,VVR
9709,"[1200949223, 1509148743, 1509148744]",39.0857134,-28.005892445454545,Santa Cruz da Graciosa,SCG
9710,"[1201096933, 1545846968]",40.942045715789476,-8.629050410526316,Ovar,OVR
9711,[1201201778],40.82841756,-8.397501375000001,Vale de Cambra,VLC
9712,"[1201753874, 1300477032, 1302872724]",41.1453781,-8.54107676,Gondomar,GDM
9713,"[1201753876, 1201753879, 1201753880, 1201753881, 1201753882]",41.13513037619047,-8.53450086190476,Gondomar,GDM
9714,[1202236719],38.87394560555556,-9.42547537777778,Sintra,SNT
9715,[1202315191],41.155232526315785,-7.897518768421054,Mesão Frio,MSF
9716,[1202690659],38.14454777391304,-8.138024952173915,Ferreira do Alentejo,FAL
9717,[1202690662],38.14909178,-8.132508314999999,Ferreira do Alentejo,FAL
9718,"[1202792828, 1202792842, 1202792843, 1202792844, 1202792845, 1202792846]",41.1875255,-8.489547366666665,Valongo,VLG
9719,[1202803300],40.77290837894736,-7.066307831578948,Pinhel,PNH
9720,[1203052807],37.10010821,-8.463875329999999,Lagoa,LGA
9721,"[1204393420, 1349596888, 1349596889, 1349596901, 1359564233]",38.54571350384616,-9.027653099999998,Setúbal,STB
9722,[1205083051],39.077803454999994,-9.210260210000001,Torres Vedras,TVD
9723,[1205083074],38.93893313157895,-9.246395894736844,Mafra,MFR
9724,[1205083079],38.93989602999999,-9.248932039999998,Mafra,MFR
9725,"[1205901136, 1270467433, 1272429365, 1272429366, 1299019461, 1299019464, 1302198619, 1349596887]",38.545176739285715,-9.029352596428572,Setúbal,STB
9726,"[1205921356, 1270467432, 1272429369, 1272429370, 1272429373, 1302198620]",38.5323695,-9.021890118750001,Setúbal,STB
9727,"[1206004109, 1206004110, 1206004111, 1206004112, 1206004113, 1206004114, 1206004115, 1206004124]",38.65382139411764,-9.0668553,Barreiro,BRR
9728,"[1206107375, 1270467431, 1272429367, 1272429368, 1349596886, 1349596902, 1359177406, 1359345665]",38.53508432903226,-9.02336442580645,Setúbal,STB
9729,"[1206107387, 1246449552, 1246449553, 1246449554, 1246449555, 1302198618, 1359378616]",38.539852048,-9.024375211999999,Setúbal,STB
9730,"[1207296053, 1207296061, 1207296062, 1207296063]",41.20975279545455,-8.504614427272728,Valongo,VLG
9731,[1208276466],41.6118800090909,-8.43287522272727,Vila Verde,VVD
9732,"[1209354578, 1350349224, 1350349225, 1350349226, 1350349227]",40.64267911363636,-8.64816398181818,Aveiro,AVR
9733,[1209881701],41.6606761,-8.522323542857142,Vila Verde,VVD
9734,[1210008173],37.19559366444445,-7.426032031111112,Vila Real de Santo António,VRS
9735,[1210114276],41.52557353636363,-8.418214940909094,Braga,BRG
9736,"[1210133228, 1210133229, 1210133230]",41.18118253,-8.462327464999998,Valongo,VLG
9737,[1210733427],41.525709649999996,-8.41633461875,Braga,BRG
9738,[1210794573],37.162323900000004,-8.386667055,Silves,SLV
9739,"[1210896053, 1349970631]",41.04287090526315,-8.270541515789473,Castelo de Paiva,CPV
9740,[1211367175],40.99051319473685,-8.523974757894736,Santa Maria da Feira,VFR
9741,"[1211833160, 1270656609, 1514715278]",38.59204774999999,-8.893678975,Palmela,PLM
9742,[1213309081],41.497867968421055,-7.173305110526316,Mirandela,MDL
9743,"[1214114985, 1214115005, 1214115006, 1214115007, 1243573945, 1300577802]",41.188973241666666,-8.5461774,Gondomar,GDM
9744,[1216227660],37.73477667826087,-25.682709021739132,Ponta Delgada,PDL
9745,[1216444741],37.75215207272727,-25.667021799999997,Ponta Delgada,PDL
9746,[1217160723],37.13342664,-8.6342162025,Lagos,LGS
9747,"[1217325496, 1217325503, 1217325504, 1217325505]",41.17183489,-8.536414125,Gondomar,GDM
9748,"[1217325510, 1217325519, 1217325520, 1217325521, 1217325522, 1301155356]",41.17393288181818,-8.543531618181818,Gondomar,GDM
9749,[1217902107],38.52091009090909,-8.792062199999998,Setúbal,STB
9750,[1217911130],40.26887461578948,-7.987190305263158,Arganil,AGN
9751,[1218560921],39.423830769999995,-9.23334476,Óbidos,OBD
9752,[1219812181],40.949748795,-8.417141734999998,Arouca,ARC
9753,"[1220175416, 1220175417, 1220175418, 1220175419, 1220175426, 1337998098]",39.01451653571428,-8.971913485714285,Vila Franca de Xira,VFX
9754,"[1220175436, 1220175437, 1531896271]",39.03913027,-8.97394748,Alenquer,ALQ
9755,[1222331016],37.25541753888889,-8.289778016666666,Silves,SLV
9756,[1222983828],40.05773492272727,-8.639310713636364,Soure,SRE
9757,"[1223264019, 1284173111, 1284173112, 1284173113, 1303249519, 1303249520]",41.178629390625005,-8.564533815625001,Gondomar,GDM
9758,"[1223292409, 1223292412, 1319258621]",40.863122038095234,-8.632416538095239,Ovar,OVR
9759,[1223333032],41.26162248333333,-8.441269766666668,Paços de Ferreira,PFR
9760,"[1223509864, 1284158015, 1284158016, 1284158017, 1284158018, 1457635743]",41.18100584347827,-8.535517726086955,Gondomar,GDM
9761,"[1223568451, 1497706485]",41.33264434090909,-8.48890225909091,Santo Tirso,STS
9762,"[1223568455, 1313355006, 1313355007, 1313355008, 1313355009, 1355354289, 1355354293]",41.33889792608697,-8.503153539130436,Santo Tirso,STS
9763,"[1223568459, 1313355004, 1313355005, 1313589919, 1313589920, 1355354290]",41.34039655416667,-8.501611770833334,Santo Tirso,STS
9764,"[1223749340, 1284173109, 1284173110, 1284173114, 1284191786, 1300761612, 1457025655]",41.181119568750006,-8.565456584375,Gondomar,GDM
9765,"[1224436935, 1267872373, 1267872374, 1267872375, 1267872376, 1267872377]",41.16851848333334,-8.543445793333332,Gondomar,GDM
9766,[1224482904],37.04802292105263,-8.872341731578949,Vila do Bispo,VBP
9767,[1224832451],41.088655900000006,-8.65203128125,Vila Nova de Gaia,VNG
9768,"[1225015258, 1284998979, 1284998980, 1284998981]",41.19372694347827,-8.303059639130435,Penafiel,PNF
9769,[1225078628],41.234885032,-8.231660336,Penafiel,PNF
9770,[1225239650],41.10477492857142,-8.592453214285714,Vila Nova de Gaia,VNG
9771,[1225239651],41.104558476923074,-8.591580253846153,Vila Nova de Gaia,VNG
9772,[1225314052],41.171722968421044,-8.298694636842106,Penafiel,PNF
9773,"[1225640037, 1267692265, 1267692266, 1267692267, 1267692268, 1267692269]",41.16410154090909,-8.540187554545454,Gondomar,GDM
9774,[1225689857],39.81845253333333,-7.508421176190477,Castelo Branco,CTB
9775,[1225689858],39.818870495238095,-7.507319390476191,Castelo Branco,CTB
9776,"[1226342978, 1226342981]",37.694547883333335,-8.088776770833334,Castro Verde,CVR
9777,"[1227006957, 1227006958, 1227006959]",38.716497200000006,-9.161578108695652,Lisboa,LSB
9778,"[1227046276, 1427125182]",37.10838403333334,-8.205030242857143,Albufeira,ABF
9779,[1227046279],37.126032719047615,-8.237271247619049,Albufeira,ABF
9780,"[1227436089, 1292176547, 1390962389]",38.8901159,-9.039962242105263,Vila Franca de Xira,VFX
9781,[1228669048],41.11160144,-8.614542349999997,Vila Nova de Gaia,VNG
9782,[1232569809],39.481662422727275,-8.468953677272726,Entroncamento,ENT
9783,"[1233470474, 1323391709, 1323391710, 1497706494]",41.336552133333335,-8.492694666666667,Santo Tirso,STS
9784,[1233475300],40.14155778333333,-7.196899458333334,Penamacor,PNC
9785,[1234568038],37.10560012631578,-8.203969578947367,Albufeira,ABF
9786,[1234757875],41.250108155555566,-7.30831312962963,Carrazeda de Ansiães,CRZ
9787,[1234757877],41.24724927222222,-7.308999244444444,Carrazeda de Ansiães,CRZ
9788,[1234788778],40.21882932142857,-8.236085557142856,Vila Nova de Poiares,PRS
9789,[1237090337],39.34705208333333,-9.353103483333333,Peniche,PNI
9790,"[1237810102, 1245892625, 1245892672, 1272429371, 1274996309, 1297771415]",38.52178745185185,-9.015802040740741,Setúbal,STB
9791,"[1238050163, 1300577803, 1300577804, 1300577805, 1300577806, 1303249503, 1303249504]",41.19259450526316,-8.545570305263158,Gondomar,GDM
9792,"[1238124208, 1349596882, 1359345667, 1359345668]",38.51989117619047,-9.020467695238095,Setúbal,STB
9793,[1238214783],39.36198436190476,-9.393104552380953,Peniche,PNI
9794,[1238214786],39.357928275,-9.394946608333333,Peniche,PNI
9795,"[1238841910, 1267692273, 1267692274, 1267692275, 1267692276, 1267692277]",41.147937385,-8.531553729999999,Gondomar,GDM
9796,[1240318621],38.73432735172413,-9.128030103448275,Lisboa,LSB
9797,[1240425847],38.1841558375,-8.567972845833333,Grândola,GDL
9798,[1241789699],40.9783263631579,-8.6325534,Espinho,ESP
9799,[1241790959],39.365724357894734,-9.400814768421053,Peniche,PNI
9800,"[1241831224, 1241831225, 1241831229, 1241831230, 1241831233, 1241831235]",41.139151285714284,-8.518379885714287,Gondomar,GDM
9801,[1242299589],41.46108209473684,-8.26211937894737,Guimarães,GMR
9802,"[1243701022, 1245892674, 1297771416, 1297771417, 1349596911]",38.52134235217392,-9.016438721739132,Setúbal,STB
9803,[1244104829],40.670852184,-7.858727340000001,Viseu,VIS
9804,[1244104833],40.670731396,-7.860677292,Viseu,VIS
9805,[1244104836],40.675898673913046,-7.845812791304347,Viseu,VIS
9806,"[1244118835, 1475933430, 1475933431, 1475933437]",40.707749386956515,-7.846812604347827,Viseu,VIS
9807,"[1248825862, 1278651971]",38.58278879411765,-9.149791135294118,Seixal,SXL
9808,[1248847381],41.1250698952381,-7.587923071428572,Tabuaço,TBC
9809,[1248923435],40.83947876521739,-8.479321917391305,Oliveira de Azeméis,OAZ
9810,"[1251092188, 1302235271]",38.528117824999995,-8.894668929999998,Setúbal,STB
9811,[1253333474],39.51951955263158,-8.594352163157895,Torres Novas,TNV
9812,[1253899261],39.484907525,-8.54279723125,Torres Novas,TNV
9813,"[1254304538, 1278651970, 1453445136]",38.586892434999996,-9.163810834999998,Almada,ALM
9814,"[1254305791, 1278651963]",38.577747384999995,-9.18682744,Almada,ALM
9815,[1254353130],39.271626930000004,-9.107748075,Cadaval,CDV
9816,[1257171306],38.137594736,-7.450288884,Moura,MRA
9817,[1257209917],41.37439337894737,-8.268879157894736,Vizela,VIZ
9818,[1258889186],40.5372975631579,-8.417512184210528,Águeda,AGD
9819,"[1259126846, 1259126847]",37.11954775,-8.09709415,Loulé,LLE
9820,[1259472558],37.030640256,-7.864918476000001,Olhão,OLH
9821,[1259472559],37.0402376375,-7.860098779166666,Olhão,OLH
9822,[1259472561],37.0504190952381,-7.8364025857142865,Olhão,OLH
9823,[1259472562],37.05046247083333,-7.826543733333334,Olhão,OLH
9824,[1259472565],37.0440406625,-7.858862220833333,Olhão,OLH
9825,[1261814041],39.506216415000004,-8.715473315,Alcanena,ACN
9826,[1262116282],39.84852359130435,-8.1520428,Sertã,SRT
9827,[1262606101],40.89618572380952,-6.962309009523809,Figueira de Castelo Rodrigo,FCR
9828,[1263359901],39.47510616,-8.191693505,Abrantes,ABT
9829,[1264525921],41.11308260476191,-8.26431881904762,Penafiel,PNF
9830,[1264913055],39.75429218947368,-8.800885326315791,Leiria,LRA
9831,[1265245057],41.780967608,-8.494787944,Ponte de Lima,PTL
9832,[1265782437],37.090715859090906,-8.672443272727273,Lagos,LGS
9833,[1266625150],41.45638330526316,-8.689054957894736,Barcelos,BCL
9834,[1267773058],41.5465404,-6.327971228571429,Miranda do Douro,MDR
9835,[1268127744],41.56620684615385,-8.375354223076922,Braga,BRG
9836,[1272397783],39.289493047619054,-8.521569590476194,Chamusca,CHM
9837,"[1272635187, 1292585265, 1318898712, 1318898713]",38.90267083076923,-9.405279715384616,Sintra,SNT
9838,"[1274278487, 1274443023, 1274443024]",39.739666917391304,-8.82339097391304,Leiria,LRA
9839,"[1274544527, 1274544534, 1345285100]",38.93806836363637,-9.327499581818184,Mafra,MFR
9840,"[1274544528, 1274544535]",38.93571817272728,-9.327514754545454,Mafra,MFR
9841,[1275784330],41.39727628947368,-8.313207321052632,Vizela,VIZ
9842,"[1277694969, 1277694970, 1277694975]",38.74733954285714,-9.313284214285714,Sintra,SNT
9843,[1277921290],39.609557136842106,-8.843677057894737,Porto de Mós,PMS
9844,[1277921293],39.610665659999995,-8.855304290000001,Porto de Mós,PMS
9845,"[1278664110, 1278664111]",38.734957865217396,-9.208073965217393,Amadora,AMD
9846,"[1278673078, 1278673079]",38.77076507,-9.227476514999998,Amadora,AMD
9847,"[1278763732, 1316918093, 1316918094, 1316918096, 1347669829, 1347669830]",32.64416648181818,-16.856946109090913,Santa Cruz,SCR
9848,"[1279325800, 1284160147]",41.23078238947369,-8.575403205263157,Maia,MAI
9849,"[1279761285, 1279761295, 1279761296, 1279761297, 1279761298, 1279761299, 1457167612]",41.211554895000006,-8.547549864999999,Valongo,VLG
9850,[1279911662],41.19080823448276,-8.30126335172414,Penafiel,PNF
9851,"[1280586378, 1280586383, 1280586384, 1280586385, 1280586386, 1441704661, 1441724897]",41.20876260000001,-8.542189610526316,Valongo,VLG
9852,"[1280714590, 1280714600, 1280714601, 1280714602, 1280714603, 1280714604, 1280714605, 1457161536]",41.218724179999995,-8.545556786666667,Valongo,VLG
9853,[1281444385],39.60896980416667,-8.396852470833334,Tomar,TMR
9854,[1283249505],41.30591108421052,-7.750153989473685,Vila Real,VRL
9855,[1283645069],41.18987565263158,-8.509922226315792,Valongo,VLG
9856,"[1284180949, 1378743601, 1378743602, 1378743603, 1378743608, 1378877324, 1378877325, 1378877326]",41.194607876190474,-8.661471971428572,Matosinhos,MTS
9857,[1284258199],41.563731442105265,-7.656160647368421,Vila Pouca de Aguiar,VPA
9858,[1285105199],41.515620905263155,-8.676133721052631,Barcelos,BCL
9859,[1285339456],40.871592336842106,-8.47166706842105,Oliveira de Azeméis,OAZ
9860,[1285788909],40.868875131578946,-8.444885368421051,Oliveira de Azeméis,OAZ
9861,[1286658042],39.08323262631579,-9.264234199999999,Torres Vedras,TVD
9862,[1286842273],40.847991226315784,-8.539093742105264,Oliveira de Azeméis,OAZ
9863,[1286853955],39.084516372222225,-9.263581266666666,Torres Vedras,TVD
9864,[1290314652],37.712995771428574,-8.083298476190476,Castro Verde,CVR
9865,[1290314653],37.7131707047619,-8.08492677142857,Castro Verde,CVR
9866,[1291232358],41.33817196956522,-6.704242695652175,Mogadouro,MGD
9867,"[1291801255, 1291801256, 1291801258, 1291801259]",41.13997395263158,-8.632783236842107,Vila Nova de Gaia,VNG
9868,[1293376821],41.46177174500001,-8.269592280000001,Guimarães,GMR
9869,"[1295026738, 1488011167, 1488011168, 1488011169, 1488011170, 1488011171, 1488011172]",41.18941848125,-8.497462693749998,Valongo,VLG
9870,"[1295059008, 1441704669, 1441704670, 1441724889, 1441724890, 1443050122, 1443103643]",41.193604840909096,-8.499867013636363,Valongo,VLG
9871,[1296386548],41.14715485,-8.537225988461538,Gondomar,GDM
9872,[1296482067],39.7461926047619,-8.484547585714285,Ourém,ORM
9873,"[1296734752, 1500248494, 1500248495]",40.74979331111112,-8.640307072222221,Murtosa,MRS
9874,[1297148160],41.076504969999995,-8.097665145,Cinfães,CNF
9875,[1297654850],37.07143020476191,-8.09786010952381,Loulé,LLE
9876,[1299299131],41.20044231578947,-8.700505510526318,Matosinhos,MTS
9877,"[1299867295, 1299867323, 1299867324, 1299867325, 1299867326, 1299867327, 1299867328, 1557728504]",41.15205836666667,-8.510236261904762,Gondomar,GDM
9878,[1300043181],41.50213433500001,-8.534283335,Barcelos,BCL
9879,"[1300360502, 1302637156]",38.70418535454545,-9.353192586363637,Cascais,CSC
9880,[1300643585],41.42168551666666,-7.9827824625,Celorico de Basto,CBT
9881,[1300643586],41.43479816190475,-7.975022990476189,Celorico de Basto,CBT
9882,[1300644446],40.507038119047614,-8.486114061904763,Oliveira do Bairro,OBR
9883,"[1300896930, 1303513428, 1303513429, 1303513430]",41.14993751111111,-8.5365052,Gondomar,GDM
9884,"[1300896937, 1303513431, 1303513432, 1303513433]",41.15549356842105,-8.53883856842105,Gondomar,GDM
9885,"[1300919281, 1301007040, 1301007041, 1301007042, 1301007043]",41.14626702105263,-8.529491189473687,Gondomar,GDM
9886,"[1300919325, 1301007035, 1301007036, 1301007037, 1301007038, 1301007039, 1301007044, 1482221343]",41.14227640909092,-8.525000027272727,Gondomar,GDM
9887,"[1301007048, 1301007082, 1301007083]",41.138440385,-8.522840350000001,Gondomar,GDM
9888,"[1301131715, 1301131745, 1301131746, 1301131747, 1301131748, 1302877526, 1557729313]",41.16820194090909,-8.541646922727274,Gondomar,GDM
9889,"[1301137662, 1301145810, 1301145811, 1301145812, 1302872728, 1302877525]",41.16886995789474,-8.546933894736842,Gondomar,GDM
9890,"[1301137672, 1301145806, 1301145807, 1301145808, 1301145809]",41.16982253333333,-8.551430194444444,Gondomar,GDM
9891,"[1301145798, 1301145813, 1301145814, 1301145815]",41.17220044500001,-8.553927465000001,Gondomar,GDM
9892,"[1301179647, 1411462836, 1411462837, 1411462838, 1411462839, 1411462840, 1411462841, 1411462842, 1411462843]",41.33685329565218,-8.548136099999999,Trofa,TRF
9893,"[1301420900, 1301420902]",38.700685837500004,-9.35064138125,Cascais,CSC
9894,"[1301506007, 1301506014, 1301506015, 1301506016, 1301506017, 1301506018, 1303668412, 1303668413, 1303668414, 1303668415, 1303668416, 1303668417, 1329955153, 1353118360, 1457783964, 1557723002, 1557723003]",41.13598747384616,-8.536707595384616,Gondomar,GDM
9895,"[1301506019, 1302872741, 1302872742, 1302872743, 1302872744, 1303668418, 1557724579]",41.13376011500001,-8.540732655,Gondomar,GDM
9896,"[1301506046, 1303668406, 1303668407, 1303668408, 1303668409, 1303670802]",41.138708005263155,-8.538173273684212,Gondomar,GDM
9897,"[1302013728, 1302043612, 1302043613, 1302043614, 1302043615, 1302043616, 1302043617, 1302043618]",41.142906659999994,-8.547244145,Gondomar,GDM
9898,"[1302013736, 1302043609, 1302043610, 1302043611, 1302872740, 1557724895]",41.143680022727274,-8.54996963181818,Gondomar,GDM
9899,"[1302035554, 1302043605, 1302043606, 1302043607, 1302043608, 1302872739, 1302877521]",41.14602071052632,-8.554711515789473,Gondomar,GDM
9900,"[1302255594, 1332919135, 1332919136]",37.92826337368422,-7.406675678947369,Serpa,SRP
9901,"[1302358746, 1424429578, 1424429579, 1424429580, 1424429581, 1424429582]",32.655832952,-16.83912362,Santa Cruz,SCR
9902,"[1302527019, 1302527030, 1302527031, 1302527032, 1302527033, 1302527034, 1302527036, 1302527037]",40.966662844000005,-8.613797188,Ovar,OVR
9903,"[1303141614, 1303141635, 1303141639, 1303141640, 1303278706, 1303278707]",41.18408011052632,-8.538960268421055,Gondomar,GDM
9904,"[1303257274, 1303257318, 1303257319, 1303257320, 1303257321, 1303257322, 1303257323, 1303257324, 1557732502]",41.17349776363636,-8.555317477272725,Gondomar,GDM
9905,"[1303283394, 1303283402, 1303283403, 1303283404, 1303283405, 1303283406, 1303283407, 1557732784]",41.177115127272735,-8.559329372727273,Gondomar,GDM
9906,"[1303309299, 1524045564]",37.02745677,-7.9398417299999995,Faro,FAR
9907,"[1303673853, 1328865757, 1328865758, 1328865759, 1328865766, 1328865767, 1328906006, 1328906011]",40.73115359166667,-8.366544808333334,Sever do Vouga,SVV
9908,"[1303992346, 1303992348, 1327389113, 1329348183]",38.7026565,-9.256146796296296,Oeiras,OER
9909,[1304693856],40.7486506047619,-8.643341433333335,Murtosa,MRS
9910,[1304810092],37.52413327058823,-8.780762347058824,Odemira,ODM
9911,"[1305100576, 1463413219]",37.08655001333333,-8.671053673333335,Lagos,LGS
9912,"[1305276436, 1381710493]",39.91709353500001,-8.623786829999998,Pombal,PBL
9913,[1305391972],41.37019007083333,-8.179047270833335,Felgueiras,FLG
9914,"[1305864455, 1305864456, 1305864460]",38.72757672727273,-9.3101445,Oeiras,OER
9915,[1305864461],38.72885781000001,-9.304968640000002,Oeiras,OER
9916,"[1306105944, 1306105945]",38.78168469230769,-9.294029653846154,Sintra,SNT
9917,"[1306253189, 1306253200, 1306253201, 1306253202, 1309472521, 1345395508]",41.19265663333333,-8.388517,Paredes,PRD
9918,[1306677826],40.31811931052632,-8.185262005263157,Penacova,PCV
9919,[1306863410],38.885949,-9.194237625,Loures,LRS
9920,"[1307139134, 1509458482, 1509458483, 1509458484, 1509458485, 1509458486, 1509458487, 1509458488, 1509458489]",41.25301351666666,-8.43722565,Paços de Ferreira,PFR
9921,[1307690401],41.78559003157895,-8.538920752631578,Ponte de Lima,PTL
9922,"[1308315693, 1308315699, 1308315700, 1308315701, 1308315702, 1389359428]",41.27551239473684,-8.378740236842104,Paços de Ferreira,PFR
9923,"[1308472493, 1308472515, 1308472516, 1308472517, 1308472518, 1308472519, 1308472520, 1392315765, 1392315766]",41.27618264736842,-8.384416436842104,Paços de Ferreira,PFR
9924,"[1308472503, 1372438155, 1372438156, 1372438157, 1372438158, 1372438159]",41.27742122,-8.384677224999999,Paços de Ferreira,PFR
9925,"[1308472521, 1308472522, 1308472523, 1308472524, 1308472525, 1308472526, 1308472536, 1308472540, 1557842893]",41.27335874230769,-8.39608723076923,Paços de Ferreira,PFR
9926,"[1308487036, 1308487045, 1308487046, 1308487047, 1557844039, 1557876579]",41.279953735,-8.380108195,Paços de Ferreira,PFR
9927,"[1308487048, 1308487055, 1308487056, 1308487057, 1308487058]",41.282321094736844,-8.3776671,Paços de Ferreira,PFR
9928,"[1308492610, 1308492611]",38.87396908421052,-9.076702789473682,Vila Franca de Xira,VFX
9929,"[1308499387, 1485741907, 1485741908, 1485741909, 1485741910, 1485741911, 1485741912, 1485741913]",41.28417140434782,-8.354471591304348,Paços de Ferreira,PFR
9930,[1308499391],41.28368152380952,-8.344587542857145,Paços de Ferreira,PFR
9931,[1308530745],38.64895109,-8.219693144999999,Montemor-o-Novo,MMN
9932,"[1308635413, 1308644097, 1308644098, 1308644099, 1308644100, 1309130489]",41.20306812727273,-8.33111238181818,Paredes,PRD
9933,[1308635425],41.20085949473684,-8.33383959473684,Paredes,PRD
9934,"[1308674510, 1308674514, 1308674515, 1308674516, 1308674517]",41.27488859444444,-8.375257544444445,Paços de Ferreira,PFR
9935,[1308761455],40.7739277263158,-7.080612205263158,Pinhel,PNH
9936,[1308910253],40.19867447272728,-8.398596977272728,Coimbra,CBR
9937,[1309038917],41.20248473333333,-8.498463999999998,Valongo,VLG
9938,"[1310058424, 1310058425, 1310058426, 1310058430, 1310462344, 1347919928, 1347919931]",38.86467406538462,-9.299127703846153,Sintra,SNT
9939,[1311473331],41.20777407894737,-8.327423042105263,Paredes,PRD
9940,"[1311492713, 1446747131, 1446747132, 1446747133, 1498615530, 1498615535]",41.419505900000004,-8.516968825000001,Vila Nova de Famalicão,VNF
9941,"[1312056765, 1505032530, 1505032531, 1505032532, 1505032533, 1505032534]",41.16465214583333,-8.456350316666667,Valongo,VLG
9942,[1312599859],37.14219077037037,-7.99965831851852,Loulé,LLE
9943,"[1312639893, 1312792766, 1312928564, 1312928565, 1312928566, 1312928567, 1312928568]",38.739552179166665,-9.391941529166667,Cascais,CSC
9944,"[1312919202, 1537243887]",37.954985052,-8.849446519999999,Sines,SNS
9945,[1312919208],37.95771222333333,-8.85365033,Sines,SNS
9946,"[1314362071, 1314362072, 1314362078]",38.824501175,-9.1436498625,Loures,LRS
9947,"[1315059334, 1544841297, 1545828602]",40.643693139130434,-8.660694660869567,Aveiro,AVR
9948,[1315132301],39.135556773684215,-9.23742904736842,Torres Vedras,TVD
9949,[1315564897],40.85540258947369,-8.63149417368421,Ovar,OVR
9950,[1315811527],38.848437870000005,-7.587228605,Estremoz,ETZ
9951,[1315902905],40.22845890500001,-8.445513899999998,Coimbra,CBR
9952,[1316806932],39.91189957894737,-8.27890167368421,Figueiró dos Vinhos,FVN
9953,[1316807933],39.926167957142866,-8.628897671428572,Pombal,PBL
9954,[1317104442],41.19420054736842,-8.498885615789472,Valongo,VLG
9955,[1317133374],40.284317128,-8.659727791999998,Montemor-o-Velho,MMV
9956,"[1318089319, 1372193609]",38.604515521739124,-9.061802513043478,Seixal,SXL
9957,[1318140468],38.74586962105263,-9.175792994736844,Lisboa,LSB
9958,[1318140469],38.74573739473685,-9.174145452631578,Lisboa,LSB
9959,[1318460042],39.1457609375,-9.280126375,Torres Vedras,TVD
9960,"[1318827697, 1534890984, 1534890985, 1534890986, 1534890987, 1534890988, 1534890989, 1534890990, 1534890991]",41.18893187727272,-8.587613786363635,Maia,MAI
9961,[1318829009],40.768167919999996,-7.064098710000001,Pinhel,PNH
9962,"[1320094267, 1443980819, 1485739448, 1485739449, 1485739450]",41.31479758636364,-8.33742114090909,Paços de Ferreira,PFR
9963,[1320118369],39.20798402105263,-8.05650285263158,Ponte de Sor,PSR
9964,[1320182511],41.87724032272728,-8.837200309090907,Caminha,CMN
9965,[1321386658],40.53937789999999,-7.274406677272728,Guarda,GRD
9966,[1321433278],38.09326368571428,-8.214557345714287,Ferreira do Alentejo,FAL
9967,[1321433279],38.08521896666666,-8.173323916666666,Ferreira do Alentejo,FAL
9968,[1321452484],41.771817154999994,-8.49829107,Ponte de Lima,PTL
9969,[1321457946],41.44758517058823,-8.170637276470588,Fafe,FAF
9970,"[1321969918, 1486809290, 1486809291, 1486809292, 1486809293, 1486809294, 1486809295, 1486809296]",41.33859922,-8.321766899999998,Lousada,LOU
9971,[1323191016],37.82102992,-25.517010559999996,Ribeira Grande,RGR
9972,[1323955258],41.96698343333333,-8.662307466666666,Valença,VLN
9973,[1323969648],38.543105242857145,-7.840192417142857,Évora,EVR
9974,[1323970591],38.05602585294117,-7.999323320588236,Beja,BJA
9975,[1323970592],38.05110677058824,-7.9698226558823535,Beja,BJA
9976,[1324305186],41.55771029,-8.43169389,Braga,BRG
9977,"[1325536937, 1372438160, 1372438161, 1372438162, 1372438163, 1372438164]",41.278211463157895,-8.382523652631578,Paços de Ferreira,PFR
9978,[1325627078],37.124404868750005,-8.29993870625,Albufeira,ABF
9979,"[1326191949, 1326191950, 1326191970, 1326191971, 1326191973, 1326191974]",38.800310409999994,-9.32604239,Sintra,SNT
9980,"[1326191951, 1326191952, 1326191953, 1326191954]",38.79864615217392,-9.33114534347826,Sintra,SNT
9981,"[1326191965, 1326191966, 1326191967, 1326191968, 1326191969, 1327210777]",38.798403791666665,-9.3286910125,Sintra,SNT
9982,[1327866142],40.263680657894746,-7.491542115789474,Covilhã,CVL
9983,[1328865780],40.73024752,-8.371058105,Sever do Vouga,SVV
9984,[1329133042],40.668510685714296,-8.336065309523809,Sever do Vouga,SVV
9985,[1329564816],41.63183955714286,-8.35031990952381,Amares,AMR
9986,"[1329888820, 1455019982, 1455019983, 1553434532]",40.86454181428571,-7.749231878571429,Vila Nova de Paiva,VNP
9987,"[1331488984, 1463261294, 1463261295]",39.76246964,-8.782945893333334,Leiria,LRA
9988,[1331645340],40.66370829473684,-7.381742673684211,Celorico da Beira,CLB
9989,[1332595951],41.81760358125,-7.49193194375,Chaves,CHV
9990,[1333303523],40.73240655,-8.371868440000002,Sever do Vouga,SVV
9991,"[1334385295, 1441704664, 1441704665, 1441724893, 1441724894]",41.20189852307692,-8.515003653846152,Valongo,VLG
9992,"[1334616282, 1347669831, 1347669832, 1347669833, 1347669834, 1347669835]",32.64658754999999,-16.862178845000003,Funchal,FNC
9993,[1335149638],42.06521314347826,-8.25367782173913,Melgaço,MLG
9994,[1335292880],41.404720363636365,-8.367006431818181,Guimarães,GMR
9995,[1335914876],40.40242789999999,-8.26120719047619,Mortágua,MRT
9996,[1336336060],40.208990500000006,-8.262219016666664,Vila Nova de Poiares,PRS
9997,[1336445755],40.515647554999994,-8.494006650000001,Oliveira do Bairro,OBR
9998,[1336452518],40.50349635714285,-8.48060393809524,Anadia,AND
9999,[1336658263],38.53833570909091,-8.867995045454547,Setúbal,STB
10000,[1337669759],41.458626847826075,-8.028514482608694,Celorico de Basto,CBT
10001,"[1337798571, 1337798572, 1337798573, 1337798581, 1348166288, 1348166290]",39.00520765625,-9.37329659375,Mafra,MFR
10002,[1337820390],41.56002326,-8.221457114999998,Póvoa de Lanhoso,PVL
10003,[1337917158],41.47781404210526,-7.954603884210527,Cabeceiras de Basto,CBC
10004,[1338247458],40.362955936842106,-7.910921484210526,Tábua,TBU
10005,"[1339183063, 1468598349, 1468598350]",40.63388740909091,-7.997978054545456,Viseu,VIS
10006,"[1340078488, 1340078489, 1340078490, 1343859896, 1344830207, 1495459119]",32.655567935,-16.878520919999996,Funchal,FNC
10007,[1340320398],41.27199512631578,-7.474956831578948,Alijó,ALJ
10008,[1340320401],41.27324878421053,-7.473641463157894,Alijó,ALJ
10009,"[1340380037, 1340380038, 1342769394]",38.8877188,-9.047065142857141,Vila Franca de Xira,VFX
10010,[1340800742],41.641715149999996,-8.764362320588237,Viana do Castelo,VCT
10011,[1341015168],38.52374626666667,-7.949751799999999,Évora,EVR
10012,"[1341198838, 1341198839]",38.70237981428571,-9.188170261904762,Lisboa,LSB
10013,[1341851628],40.724219928571436,-8.368851428571427,Sever do Vouga,SVV
10014,"[1342482815, 1342482816, 1365637789]",40.689347642105254,-8.481370463157896,Albergaria-a-Velha,ALB
10015,[1342736609],40.21508066842105,-8.424116642105263,Coimbra,CBR
10016,[1343023085],38.76177599,-7.86956189,Arraiolos,ARL
10017,[1345402118],40.40683678181818,-8.453747586363635,Anadia,AND
10018,[1346644553],40.76033637619047,-8.58172585238095,Estarreja,ETR
10019,"[1346936368, 1346936372, 1346936373]",41.124203526315796,-8.607537842105263,Vila Nova de Gaia,VNG
10020,"[1346945194, 1346945195, 1347046105, 1349970621]",41.137870674999995,-8.604107765,Vila Nova de Gaia,VNG
10021,[1346969674],41.23386077,-8.62791218,Maia,MAI
10022,[1347109230],37.15022622222222,-7.891981722222222,São Brás de Alportel,SBA
10023,"[1347138640, 1347138643]",38.70771366499999,-9.195889544999998,Lisboa,LSB
10024,"[1347419730, 1347419750, 1347419751, 1347595168]",41.113731200000004,-8.589475042105263,Vila Nova de Gaia,VNG
10025,"[1347425796, 1350349221, 1350349222, 1350349223]",40.64299176190476,-8.646597371428571,Aveiro,AVR
10026,[1347856932],39.48123227999999,-8.29581816,Constância,CNS
10027,[1347985090],40.871661642105266,-8.446092873684208,Oliveira de Azeméis,OAZ
10028,[1348709229],37.0444022368421,-7.962690294736842,Faro,FAR
10029,[1348709231],37.042993104761905,-7.963635104761904,Faro,FAR
10030,"[1348766627, 1348766628, 1348766629, 1348766630, 1348766631]",39.02988488636365,-9.368275763636364,Mafra,MFR
10031,[1349064011],40.73175225625,-7.346300331249999,Trancoso,TCS
10032,[1349810792],41.11526986,-7.5638145649999995,Tabuaço,TBC
10033,"[1349836542, 1349836543]",38.5233826625,-8.8161437875,Setúbal,STB
10034,[1349836792],41.803368204,-6.775673468000001,Bragança,BGC
10035,"[1349878865, 1470050771, 1470050772, 1470050776, 1545660798, 1545660799, 1558199662]",40.89049991818182,-8.029264213636363,Castro Daire,CDR
10036,[1350365446],40.16888385714285,-8.879580042857143,Figueira da Foz,FIG
10037,[1350698512],39.21113276538461,-8.609605838461539,Almeirim,ALR
10038,[1350773826],41.49455252999999,-6.281363145,Miranda do Douro,MDR
10039,[1350844868],37.82833954761905,-8.79015525238095,Sines,SNS
10040,[1351430733],41.44299393684211,-8.214852784210526,Fafe,FAF
10041,[1353142522],38.942259425,-9.34177054,Mafra,MFR
10042,"[1353417788, 1481656875]",37.115608110714284,-8.149608439285714,Loulé,LLE
10043,[1353707968],40.93446071500001,-8.251166665,Arouca,ARC
10044,[1354240516],39.100531915,-9.24418185,Torres Vedras,TVD
10045,[1354404302],37.88351962352941,-8.190336547058823,Aljustrel,AJT
10046,[1354404303],37.89583501818181,-8.16697570909091,Aljustrel,AJT
10047,[1354404304],37.88549763611112,-8.150782372222222,Aljustrel,AJT
10048,[1354606010],40.69996083157895,-8.358138842105262,Sever do Vouga,SVV
10049,"[1354984388, 1497669527, 1497673255, 1497673256, 1499093062]",41.34967176521739,-8.471232473913044,Santo Tirso,STS
10050,"[1356434497, 1455151489, 1455151490]",40.725874531578945,-7.681125431578947,Sátão,SAT
10051,"[1356506009, 1379180140, 1410057410, 1410057411, 1410076853, 1501146400, 1501146401]",41.125335695833336,-8.617865483333334,Vila Nova de Gaia,VNG
10052,[1356638264],37.03361306842106,-7.927163242105263,Faro,FAR
10053,[1356712681],39.001967,-8.960180733333335,Vila Franca de Xira,VFX
10054,"[1356712688, 1427713584]",39.00326088076923,-8.95616076923077,Vila Franca de Xira,VFX
10055,[1358227027],38.268708669565214,-8.687073013043479,Grândola,GDL
10056,"[1358234623, 1358234625, 1358234626, 1358234627, 1358234628, 1358234629]",38.79091712142856,-9.106713610714285,Loures,LRS
10057,[1358895700],38.44143706551724,-8.836197093103447,Grândola,GDL
10058,[1358896393],38.494106663157886,-8.831475157894737,Setúbal,STB
10059,[1359657745],41.059823126315784,-7.792808805263158,Lamego,LMG
10060,[1359961277],39.93760873043478,-8.368618339130435,Penela,PNL
10061,[1360145300],39.046929864999996,-7.443708830000001,Monforte,MFT
10062,[1360145308],39.05789014583333,-7.4352269125,Monforte,MFT
10063,[1362260440],40.54697282592593,-8.67900013148148,Vagos,VGS
10064,"[1362613776, 1524022806, 1524022807, 1524022808]",41.309358772222225,-7.731145872222222,Vila Real,VRL
10065,[1362813449],39.17369610769231,-8.620779465384615,Almeirim,ALR
10066,[1362813451],39.17390980384615,-8.61939085,Almeirim,ALR
10067,[1362813454],39.168280413043476,-8.611130169565218,Almeirim,ALR
10068,[1362813458],39.171310542307694,-8.61554311923077,Almeirim,ALR
10069,[1362813461],39.16798552,-8.614369313333333,Almeirim,ALR
10070,[1362813470],39.166065262857146,-8.613399425714288,Almeirim,ALR
10071,[1364025007],38.790235609090914,-9.153242709090907,Lisboa,LSB
10072,"[1364025011, 1364025012, 1364025013]",38.79142091904762,-9.152318342857143,Lisboa,LSB
10073,"[1364127650, 1467074938, 1467074939]",41.43438361052632,-8.720601305263159,Póvoa de Varzim,PVZ
10074,[1366053291],40.62118655789473,-8.725732263157894,Ílhavo,ILH
10075,[1366288181],41.21519199615385,-8.287631165384616,Penafiel,PNF
10076,[1366288184],41.21407304814815,-8.285628544444444,Penafiel,PNF
10077,[1368444128],41.38787798,-8.47703412,Vila Nova de Famalicão,VNF
10078,[1369046958],41.410849590000005,-8.283769054999999,Guimarães,GMR
10079,[1370949625],38.675204133333324,-8.450843533333332,Vendas Novas,VND
10080,[1371628593],41.48741087222222,-8.510802300000002,Braga,BRG
10081,[1372698464],41.268142573684216,-7.580589963157895,Sabrosa,SBR
10082,[1375560657],39.446025899999995,-8.50072312631579,Torres Novas,TNV
10083,[1375560665],39.444700075,-8.496023275,Torres Novas,TNV
10084,[1377779926],38.769210672222215,-9.299433027777777,Sintra,SNT
10085,"[1380313464, 1514949741, 1514949742, 1514949743]",40.33828991052631,-8.593371968421053,Cantanhede,CNT
10086,[1382146913],37.145286960606064,-8.004315199999999,Loulé,LLE
10087,[1382544956],41.563395394736844,-8.573153026315788,Barcelos,BCL
10088,"[1382572610, 1509148726, 1509148733]",39.04956781818181,-28.044787775757577,Santa Cruz da Graciosa,SCG
10089,[1382602554],38.72572323125,-7.9903584062499995,Arraiolos,ARL
10090,[1382965983],41.501049994736846,-8.587248310526315,Barcelos,BCL
10091,[1384108603],40.29913994210526,-7.476528342105262,Covilhã,CVL
10092,[1384108616],40.300956400000004,-7.471065168421052,Covilhã,CVL
10093,[1385060746],40.256268473684216,-7.382920142105263,Covilhã,CVL
10094,[1385606580],39.11369836666667,-9.367679142857144,Torres Vedras,TVD
10095,"[1388506063, 1547541281]",41.27423293,-8.372150275,Paços de Ferreira,PFR
10096,[1389863528],37.78268175625,-25.69549715625,Ponta Delgada,PDL
10097,[1390226114],39.63027341578947,-8.657787294736842,Ourém,ORM
10098,[1390687634],39.20589444210526,-8.63128514736842,Almeirim,ALR
10099,[1391125692],37.122392350000005,-8.545640665,Portimão,PTM
10100,"[1391244498, 1391244506, 1391244507, 1391244508]",40.21990390476191,-8.060632223809526,Arganil,AGN
10101,"[1392716954, 1392716955]",41.09206548095237,-8.594640933333332,Vila Nova de Gaia,VNG
10102,"[1392748601, 1392748602, 1392748604]",38.79395960833333,-9.184262241666667,Odivelas,ODV
10103,[1392937524],38.02039375789474,-8.693979015789475,Santiago do Cacém,STC
10104,[1393055017],38.375378736363636,-8.509795681818181,Alcácer do Sal,ASL
10105,"[1393357979, 1393357980, 1448430041, 1448430042]",38.990041552380944,-9.075774342857141,Arruda dos Vinhos,ARV
10106,[1393510900],40.876601610526315,-8.56227542631579,Santa Maria da Feira,VFR
10107,[1393857753],40.57419013157895,-8.654700194736842,Ílhavo,ILH
10108,[1394560147],40.96551633,-8.393739084999998,Arouca,ARC
10109,[1396109295],38.047428200000006,-8.736595794285714,Santiago do Cacém,STC
10110,[1396570105],39.65439427,-8.57942338,Ourém,ORM
10111,[1396570109],39.654917821739126,-8.57141905652174,Ourém,ORM
10112,"[1401111159, 1401111167, 1401111168, 1401111169, 1401111170]",41.03583549473684,-7.772095126315789,Tarouca,TRC
10113,[1408402238],38.920904619999995,-8.8767531,Benavente,BNV
10114,"[1408426066, 1419527619]",38.78627820999999,-9.186143689999998,Odivelas,ODV
10115,[1410054316],41.24378570500001,-8.184428635,Amarante,AMT
10116,"[1410938321, 1410938326, 1410938327, 1410938328]",41.12622432,-8.633860485,Vila Nova de Gaia,VNG
10117,[1411302094],37.10109668421052,-8.270649263157896,Albufeira,ABF
10118,[1411416691],40.543011895999996,-8.532821283999999,Oliveira do Bairro,OBR
10119,[1412574145],40.77300801538461,-7.070386930769231,Pinhel,PNH
10120,"[1413238330, 1460156071, 1460156072, 1460156073]",38.581532644,-9.101738083999999,Seixal,SXL
10121,[1415189168],37.236320649999996,-7.4694009125,Castro Marim,CTM
10122,[1415189169],37.236768549999994,-7.46942238125,Castro Marim,CTM
10123,[1415882153],40.181634241176475,-8.464410717647057,Coimbra,CBR
10124,"[1417037184, 1417636599, 1417636600, 1417636601, 1417636602, 1417636603]",38.8377666909091,-9.0826396,Loures,LRS
10125,[1417607517],38.94232390909091,-9.347472572727273,Mafra,MFR
10126,[1417617604],39.24926398947368,-8.692642263157895,Santarém,STR
10127,[1417617605],39.24824177142856,-8.694066595238095,Santarém,STR
10128,"[1418171742, 1420980425, 1420980426, 1420985252]",38.5308300368421,-8.868761915789474,Setúbal,STB
10129,[1419110867],37.77038578148148,-25.295449033333334,Povoação,PVC
10130,[1419111739],37.77829306774194,-25.308038883870967,Povoação,PVC
10131,[1419624369],40.373514621428576,-8.483273139285712,Mealhada,MLD
10132,[1420164306],41.43338448571428,-8.32349779047619,Guimarães,GMR
10133,[1420436118],39.77180842105263,-8.78038022631579,Leiria,LRA
10134,"[1420909124, 1420909127, 1420909128]",41.41927957142858,-8.360327071428571,Guimarães,GMR
10135,[1420971968],39.26345716190476,-7.415918023809525,Portalegre,PTG
10136,[1421445247],39.75045537619047,-7.923181876190476,Proença-a-Nova,PNV
10137,[1421597461],41.486962123809526,-8.566597719047618,Barcelos,BCL
10138,[1421891689],37.07464914,-8.097249179999999,Loulé,LLE
10139,"[1423053201, 1423053208, 1423053209, 1423053211, 1423053212, 1423053213]",38.72323449473684,-9.411114252631581,Cascais,CSC
10140,"[1424157812, 1424157813, 1424157814, 1498227710, 1498227742]",41.39590441874999,-8.52096275625,Vila Nova de Famalicão,VNF
10141,[1424172100],41.57596581538462,-8.183469246153846,Póvoa de Lanhoso,PVL
10142,[1424378819],39.68615543,-8.551987409999999,Ourém,ORM
10143,"[1424458897, 1529694124]",32.708882246428566,-16.76261920357143,Machico,MCH
10144,[1424870821],37.135917414285714,-8.459094778571428,Lagoa,LGA
10145,[1425080984],39.021398590909094,-8.790356336363637,Salvaterra de Magos,SMG
10146,[1425230446],38.69015104615385,-9.301570746153846,Oeiras,OER
10147,[1425261564],40.494580899999995,-7.601339071428571,Gouveia,GVA
10148,"[1425672432, 1458381325, 1458381326, 1458381336, 1458381337]",40.538931745,-8.04951355,Tondela,TND
10149,"[1425672445, 1458381327, 1458381328, 1458381335, 1460110593, 1462023360, 1462023365]",40.54296487999999,-8.044377365,Tondela,TND
10150,[1426005759],38.85094000000001,-9.073509416666667,Vila Franca de Xira,VFX
10151,[1426052335],37.131651866666665,-8.518183442857143,Lagoa,LGA
10152,[1426374178],40.240736305263155,-7.424126826315789,Covilhã,CVL
10153,[1426861699],39.21415016842106,-8.400072357894738,Chamusca,CHM
10154,[1427713568],38.9853994625,-8.964245095833334,Vila Franca de Xira,VFX
10155,[1427713579],38.989475204166666,-8.9614057375,Vila Franca de Xira,VFX
10156,[1427753546],38.356997752941176,-7.907857694117648,Portel,PRL
10157,"[1427781366, 1475933485, 1475933486, 1475933495, 1475933496]",40.811965985,-7.748875699999999,Vila Nova de Paiva,VNP
10158,[1427962070],40.53063814210527,-7.255280178947367,Guarda,GRD
10159,"[1428877376, 1428877383, 1428877384, 1428877385, 1428877386]",41.05793733684211,-8.52229449473684,Vila Nova de Gaia,VNG
10160,"[1429001796, 1429001806, 1429001807, 1429001808, 1429001809, 1485538285, 1485848984]",41.06251192173914,-8.52742381304348,Vila Nova de Gaia,VNG
10161,"[1429001810, 1429001817, 1429001818, 1429001819]",41.06960241,-8.532782339999997,Vila Nova de Gaia,VNG
10162,[1429756392],32.72500008333333,-16.77282925833333,Machico,MCH
10163,[1429765490],41.470557661538464,-7.927118684615385,Mondim de Basto,MDB
10164,"[1430013038, 1556820127, 1556820128, 1556820129, 1556820130, 1556820131, 1556820132, 1556820133, 1556820134, 1556820135]",32.645247357692305,-16.857022869230768,Santa Cruz,SCR
10165,"[1430092409, 1467969905, 1467969906, 1467969907, 1467969908]",32.81388974074074,-17.022978014814814,São Vicente,SVC
10166,[1430548456],39.339262805555556,-8.935198988888889,Rio Maior,RMR
10167,"[1430945066, 1430945083, 1430945084, 1430945085, 1447190809, 1447190810]",38.73127844782608,-9.44502925652174,Cascais,CSC
10168,"[1430945071, 1430945086, 1430945087, 1430945088, 1447190808, 1447190811]",38.73121613157895,-9.444140705263157,Cascais,CSC
10169,[1431110578],37.08842802631579,-8.674362847368421,Lagos,LGS
10170,"[1431188103, 1527862135, 1527862136, 1527862137, 1527862138, 1527862139]",40.59718934736842,-7.758517168421053,Mangualde,MGL
10171,[1431354683],37.089043960000005,-8.67630258,Lagos,LGS
10172,[1431542690],33.054216525,-16.349900660714287,Porto Santo,PST
10173,[1431580873],33.067918410526325,-16.334890726315788,Porto Santo,PST
10174,"[1432784475, 1467139918, 1467139919, 1467139920, 1467139921, 1467139922]",40.8282236047619,-7.891060566666666,Castro Daire,CDR
10175,[1433999801],41.121883925000006,-7.744597305000001,Armamar,AMM
10176,[1434018367],40.86848631764707,-8.497353576470589,Oliveira de Azeméis,OAZ
10177,[1434797883],40.99909716086957,-8.525867891304348,Santa Maria da Feira,VFR
10178,[1435212381],39.32070469130435,-8.926120708695652,Rio Maior,RMR
10179,[1435289251],38.83986995,-9.37309909,Sintra,SNT
10180,"[1435613424, 1435613425, 1435613426, 1435613427, 1435613428]",41.17833696521738,-8.690259182608697,Matosinhos,MTS
10181,"[1435701523, 1435701524, 1435701525]",38.798343509999995,-9.180691920000001,Odivelas,ODV
10182,[1442610830],41.320721023529416,-8.373171694117646,Paços de Ferreira,PFR
10183,"[1442866776, 1453654811]",38.815053354999996,-9.147449495,Loures,LRS
10184,"[1442912726, 1442912733, 1442912734, 1442912735, 1442912736, 1442912737]",38.851799495,-9.381308579999999,Sintra,SNT
10185,[1443213515],40.42358345238096,-8.295798642857145,Mortágua,MRT
10186,[1443272383],39.15295555833333,-9.303148366666667,Torres Vedras,TVD
10187,[1443767624],40.013207085,-7.317870084999998,Idanha-a-Nova,IDN
10188,"[1443980820, 1443980821, 1443980822, 1443980827, 1498248417, 1498248419]",41.35706037,-8.402621555,Santo Tirso,STS
10189,[1444255262],41.35347901538462,-8.718978907692307,Vila do Conde,VCD
10190,"[1446264493, 1465689066, 1465689072]",37.008128895000006,-7.994684959999999,Faro,FAR
10191,"[1446382410, 1446382419]",38.664514055,-9.056914410000001,Barreiro,BRR
10192,[1446382417],38.66517261818182,-9.057564422727273,Barreiro,BRR
10193,[1446691146],41.297433505,-7.165176095000001,Vila Flor,VFL
10194,"[1446743048, 1447532444, 1447532445, 1447532446, 1447532447, 1447532448]",41.4071479631579,-8.516515636842106,Vila Nova de Famalicão,VNF
10195,"[1447604252, 1533829785]",40.347024039999994,-8.590034865,Cantanhede,CNT
10196,[1447821022],39.039379136363635,-8.923759345454545,Azambuja,AZB
10197,[1447988424],41.53012895333334,-8.774030866666667,Esposende,EPS
10198,[1448058095],39.0583181076923,-8.904958653846153,Azambuja,AZB
10199,[1448132142],38.307059415384614,-8.739904384615386,Grândola,GDL
10200,[1448245436],40.747936786956515,-8.647421373913042,Murtosa,MRS
10201,"[1449886716, 1449886717]",38.954936225000004,-8.992603225,Vila Franca de Xira,VFX
10202,[1450644543],37.03232745,-7.845289318181819,Olhão,OLH
10203,"[1457029266, 1457029269]",38.67807863,-9.164574645,Almada,ALM
10204,[1458110709],38.06196105,-8.112863987499999,Ferreira do Alentejo,FAL
10205,"[1459674112, 1459674113, 1459674115]",38.800030355000004,-9.180254055,Odivelas,ODV
10206,"[1460111000, 1460111004, 1460111005]",40.86467867,-6.90933376,Figueira de Castelo Rodrigo,FCR
10207,[1460184891],39.17029169090909,-8.608572331818182,Almeirim,ALR
10208,"[1460881496, 1460881497]",38.576684771428575,-8.884786304761905,Palmela,PLM
10209,[1460882870],38.561288955555554,-7.913095222222221,Évora,EVR
10210,[1461815988],38.57912340909091,-8.895636277272729,Palmela,PLM
10211,[1462412694],38.703447305,-8.90456739,Alcochete,ACH
10212,"[1462445410, 1462445417, 1462445418, 1462445419, 1462445420]",40.488604755,-8.16891811,Tondela,TND
10213,[1462705686],40.56062283809523,-8.440537523809526,Águeda,AGD
10214,[1463640061],41.357596575,-8.186387700000001,Felgueiras,FLG
10215,[1463812333],37.93930588947369,-8.786009615789474,Sines,SNS
10216,[1463812334],37.93843282105263,-8.785771515789474,Sines,SNS
10217,[1464535707],40.359637295238095,-7.843314223809524,Oliveira do Hospital,OHP
10218,[1464535708],40.360161569999995,-7.838834370000001,Oliveira do Hospital,OHP
10219,[1464535711],40.36048311052632,-7.835124731578946,Oliveira do Hospital,OHP
10220,"[1466281838, 1478653175, 1478653176, 1478653177]",40.775411775,-8.130393880000003,São Pedro do Sul,SPS
10221,"[1466281840, 1488788340, 1488788341, 1488788342, 1488788343, 1488788344]",40.77817225416667,-8.113078737499999,São Pedro do Sul,SPS
10222,[1466721895],40.240287917391306,-8.483063013043477,Coimbra,CBR
10223,"[1466826759, 1470216290, 1470216291, 1470216292, 1470216293, 1470216294]",40.74625231739131,-8.084538060869564,São Pedro do Sul,SPS
10224,"[1467704286, 1544670212, 1544670213, 1544670216]",40.67196914545454,-8.607606286363636,Aveiro,AVR
10225,[1467779470],38.877052479166665,-7.1685492625,Elvas,ELV
10226,[1467779473],38.875340569565225,-7.164524243478262,Elvas,ELV
10227,[1468041876],40.64386469428572,-8.718313617142856,Ílhavo,ILH
10228,[1468558295],38.64944858095238,-8.995459938095237,Moita,MTA
10229,[1468984035],40.68047238,-7.694012174999999,Penalva do Castelo,PCT
10230,[1469615490],38.84356111,-9.197502660000001,Loures,LRS
10231,[1472224693],41.573856594736846,-8.370230057894736,Braga,BRG
10232,"[1472707144, 1472707151, 1472707152, 1472707153, 1472707154, 1472707155]",38.742758636842105,-9.38150002631579,Cascais,CSC
10233,"[1472791018, 1499089575]",41.41151980909091,-8.595843872727272,Vila Nova de Famalicão,VNF
10234,[1473392770],38.875148960000004,-7.185644989999998,Elvas,ELV
10235,"[1473611297, 1498783217]",41.44086177,-8.418752000000001,Vila Nova de Famalicão,VNF
10236,[1473629807],38.503449284848486,-9.10638360909091,Sesimbra,SSB
10237,[1473629822],38.501504014285715,-9.111886495238094,Sesimbra,SSB
10238,"[1473694989, 1485672028, 1485672029, 1485672030, 1485672031, 1485672032, 1538412066]",41.32864315789474,-8.47736885263158,Santo Tirso,STS
10239,"[1473865797, 1484913582, 1484913583, 1484913584, 1484913585, 1484913586, 1484913587, 1484913588, 1484913589]",41.4042588375,-8.758816233333334,Póvoa de Varzim,PVZ
10240,[1473936945],41.38973533846154,-8.38683413846154,Vila Nova de Famalicão,VNF
10241,[1474391776],41.323772152941174,-8.492113394117649,Santo Tirso,STS
10242,"[1474739751, 1485743190, 1485743191, 1485743192]",41.33270820909092,-8.55654030909091,Trofa,TRF
10243,[1475709238],39.367279556,-9.158494520000001,Óbidos,OBD
10244,[1476140218],41.41345387692308,-8.516588046153846,Vila Nova de Famalicão,VNF
10245,[1479969672],38.00143385,-8.739675722727274,Santiago do Cacém,STC
10246,"[1480423883, 1480423895, 1480423896, 1480423897, 1480975812, 1480975813]",40.698888878947365,-7.740137631578947,Sátão,SAT
10247,"[1480875409, 1480875412, 1480875413, 1480875414]",38.762020835,-9.153292825000001,Lisboa,LSB
10248,[1482059544],40.444136376190464,-8.441389661904761,Anadia,AND
10249,[1482448922],40.079674995,-8.78279856,Figueira da Foz,FIG
10250,"[1489771610, 1489771611, 1489771612, 1489771613, 1489771614, 1489771615, 1489771616, 1489771617, 1489771618, 1489771619]",41.3403048625,-8.5435330375,Trofa,TRF
10251,[1492457585],41.20942538421053,-8.274467584210528,Penafiel,PNF
10252,[1492613309],38.4732008,-8.885742304761907,Grândola,GDL
10253,[1493510057],41.75447030909091,-8.585496627272727,Ponte de Lima,PTL
10254,[1496131506],38.55790445000001,-7.896658020000001,Évora,EVR
10255,[1496131511],38.55881788636364,-7.896620477272726,Évora,EVR
10256,[1496796177],39.67199064545456,-8.683324196969698,Leiria,LRA
10257,[1497147017],37.045296767857145,-7.821709649999998,Olhão,OLH
10258,"[1497647243, 1497647244]",38.52437712272728,-28.528636322727277,Madalena,MAD
10259,"[1497647257, 1497647258]",38.528499446153845,-28.52280223846154,Madalena,MAD
10260,"[1497647268, 1497647269]",38.53031732272728,-28.521308254545453,Madalena,MAD
10261,"[1497647278, 1497647285]",38.53312259583333,-28.5197813125,Madalena,MAD
10262,[1497699536],40.462529105263165,-8.434460463157892,Anadia,AND
10263,"[1498254345, 1498254348, 1498254349, 1498254350, 1498254353, 1498254354, 1498254380]",40.059546013636364,-8.62371465,Soure,SRE
10264,[1498873758],39.04254004545454,-8.918407936363636,Azambuja,AZB
10265,[1498873791],39.045334440000005,-8.921372530000001,Azambuja,AZB
10266,[1498873802],39.04892358,-8.91535431,Azambuja,AZB
10267,"[1499062902, 1527982690]",39.418062409523806,-9.13213752857143,Caldas da Rainha,CLD
10268,[1504129884],40.73016470000001,-8.634499752380952,Murtosa,MRS
10269,"[1504763576, 1504763578, 1504763579, 1504763580, 1504763581]",41.57818631851852,-8.248128611111111,Póvoa de Lanhoso,PVL
10270,"[1505712251, 1526893571, 1527308321]",38.6603995625,-9.058411404166666,Barreiro,BRR
10271,"[1506796076, 1506796077, 1506796078, 1506796079, 1506796084, 1506796085, 1506796091, 1553646203, 1553646204]",40.252959357142856,-8.435110952380953,Coimbra,CBR
10272,[1509604753],38.84757678333334,-7.586278905555555,Estremoz,ETZ
10273,"[1514485825, 1514485826]",38.75883342500001,-9.226528194999998,Amadora,AMD
10274,"[1514853128, 1514853129, 1514853130, 1514949750, 1514949756]",40.33972396842105,-8.588713310526316,Cantanhede,CNT
10275,[1516193656],41.42724437647058,-8.411475047058824,Vila Nova de Famalicão,VNF
10276,"[1517878462, 1530393292, 1530393293, 1530393294, 1530393295, 1530393296]",41.67897900416667,-8.808399620833333,Viana do Castelo,VCT
10277,[1519743746],37.98990955757575,-8.825243015151516,Sines,SNS
10278,[1523805230],37.09158858636363,-8.708831440909092,Lagos,LGS
10279,[1524223932],40.039901799999996,-8.707832895454544,Soure,SRE
10280,"[1525741834, 1525741835]",40.62486450476191,-8.646513304761905,Aveiro,AVR
10281,"[1525838830, 1525838831, 1525838849, 1525838850, 1526189637]",39.08017214166666,-28.0150032,Santa Cruz da Graciosa,SCG
10282,"[1525961252, 1525961253, 1525961254, 1525961255, 1525961256, 1525961265]",41.19774441071429,-8.664480185714286,Matosinhos,MTS
10283,[1527341350],37.12563861818182,-8.56493578181818,Portimão,PTM
10284,[1528128018],41.322684345000006,-7.182986480000001,Vila Flor,VFL
10285,[1529462282],39.98828253529412,-8.803639105882354,Pombal,PBL
10286,"[1530692141, 1530692145, 1530692146]",40.20605356,-8.39183594,Coimbra,CBR
10287,[1531257408],41.03581194545455,-8.262793827272729,Castelo de Paiva,CPV
10288,[1532716477],41.24570811666667,-8.258902925,Lousada,LOU
10289,[1532945635],41.25898057419356,-8.214228190322581,Lousada,LOU
10290,[1532945650],41.26394786333333,-8.214145750000002,Lousada,LOU
10291,[1535152310],39.021693183333326,-9.419682016666668,Mafra,MFR
10292,"[1535884859, 1535884864, 1535884865, 1545363096]",40.591200555,-8.184884005,Oliveira de Frades,OFR
10293,[1535992298],39.011303305,-9.151780415000001,Sobral de Monte Agraço,SMA
10294,[1541412586],41.77169501111111,-8.575538411111111,Ponte de Lima,PTL
10295,"[1544670226, 1544670227, 1544670228, 1544670229, 1544670230, 1544670231]",40.64252843888889,-8.6210847,Aveiro,AVR
10296,[1545266705],41.716329823529406,-8.728368420588234,Viana do Castelo,VCT
10297,[1545828595],40.45574425294117,-8.798957458823526,Mira,MIR
10298,"[1546505889, 1546505896, 1546505897, 1546505898, 1546505899, 1546505900]",40.833209321428576,-7.645069207142856,Sátão,SAT
10299,"[1546604864, 1546604866]",40.837854500000006,-8.4739995,Oliveira de Azeméis,OAZ
10300,"[1546797400, 1546797401, 1546797402]",38.65286402727273,-9.068458736363636,Barreiro,BRR
10301,[1548296460],40.543782820000004,-7.258087810000001,Guarda,GRD
10302,[1550218270],40.21377146428572,-8.444851757142859,Coimbra,CBR
10303,[1550236292],38.035888032352936,-7.900648335294119,Beja,BJA
10304,[1550774799],41.39690635384615,-8.387775753846153,Vila Nova de Famalicão,VNF
10305,[1550928228],40.53677335,-7.245185666666668,Guarda,GRD
10306,[1551183027],40.53637764090908,-7.27659535,Guarda,GRD
10307,[1551183088],40.53532025789473,-7.270775415789474,Guarda,GRD
10308,[1552151795],41.43507976875,-8.2977542,Guimarães,GMR
10309,[1552863395],42.028183331250005,-8.63845143125,Valença,VLN
10310,"[1553162209, 1553290135, 1553290136]",37.80029628666668,-25.678139060000003,Ponta Delgada,PDL
10311,"[1553827352, 1553827359, 1553827360]",40.611387,-7.950761741666665,Viseu,VIS
10312,[1553955925],37.82868661333334,-25.690749493333335,Ponta Delgada,PDL
10313,"[1554247668, 1554247669, 1554247670]",38.53850157,-8.89464258,Setúbal,STB
10314,[1556530475],36.966118620833335,-25.13951776666667,Vila do Porto,VPT
10315,[1557435219],39.08617917272728,-9.024581845454547,Alenquer,ALQ
10316,"[1557672087, 1557672093]",36.9629432952381,-25.13564409523809,Vila do Porto,VPT
10317,"[1557679728, 1557679729]",36.964938024999995,-25.15182662,Vila do Porto,VPT
10318,"[1557679730, 1557679731]",36.964569749999995,-25.15339777272727,Vila do Porto,VPT
10319,"[1557681794, 1557681801]",36.96389529583333,-25.156335783333333,Vila do Porto,VPT
10320,[1558612083],37.11283266666667,-8.42287910952381,Lagoa,LGA
